event_key,time_pht,latitude,longitude,depth_km,magnitude,location,bulletin_url,source_class,sequence_association_status
PHV-MAIN-20260608,2026-06-08T07:37:00,5.57,124.98,33,7.8,032 km S 04° W of Maasim (Sarangani),https://earthquake.phivolcs.dost.gov.ph/2026_Earthquake_Information/June/2026_0607_2337_B3F.html,official_phivolcs_public_bulletin_row,directly_reviewed_sequence_mainshock; spatial_AOI_inclusion_only_for_research_branching
PHV-0001,2026-06-30T09:14:00,5.64,125.57,33,1.9,022 km N 29° E of Sarangani Island (Municipality Of Sarangani) (Davao Occidental),https://earthquake.phivolcs.dost.gov.ph/2026_Earthquake_Information/June/2026_0630_0114_B1F.html,official_phivolcs_public_bulletin_row,not_checked_row_level; spatial_AOI_inclusion_only
PHV-0002,2026-06-30T09:29:00,5.73,125.23,20,1.9,010 km S 19° E of Glan (Sarangani),https://earthquake.phivolcs.dost.gov.ph/2026_Earthquake_Information/June/2026_0630_0129_B1F.html,official_phivolcs_public_bulletin_row,not_checked_row_level; spatial_AOI_inclusion_only
PHV-0003,2026-06-30T10:19:00,5.13,124.77,23,2.6,079 km S 67° W of Balut Island (Municipality Of Sarangani) (Davao Occidental),https://earthquake.phivolcs.dost.gov.ph/2026_Earthquake_Information/June/2026_0630_0219_B2F.html,official_phivolcs_public_bulletin_row,not_checked_row_level; spatial_AOI_inclusion_only
PHV-0004,2026-06-30T10:38:00,5.70,125.30,19,1.7,018 km S 39° E of Glan (Sarangani),https://earthquake.phivolcs.dost.gov.ph/2026_Earthquake_Information/June/2026_0630_0238_B1F.html,official_phivolcs_public_bulletin_row,not_checked_row_level; spatial_AOI_inclusion_only
PHV-0005,2026-06-30T11:46:00,5.54,125.28,34,1.9,021 km N 48° W of Balut Island (Municipality Of Sarangani) (Davao Occidental),https://earthquake.phivolcs.dost.gov.ph/2026_Earthquake_Information/June/2026_0630_0346_B1F.html,official_phivolcs_public_bulletin_row,not_checked_row_level; spatial_AOI_inclusion_only
PHV-0006,2026-06-30T12:19:00,5.47,125.17,33,2.4,028 km N 77° W of Balut Island (Municipality Of Sarangani) (Davao Occidental),https://earthquake.phivolcs.dost.gov.ph/2026_Earthquake_Information/June/2026_0630_0419_B1F.html,official_phivolcs_public_bulletin_row,not_checked_row_level; spatial_AOI_inclusion_only
PHV-0007,2026-06-30T14:04:00,5.22,125.29,3,2.0,026 km S 35° W of Balut Island (Municipality Of Sarangani) (Davao Occidental),https://earthquake.phivolcs.dost.gov.ph/2026_Earthquake_Information/June/2026_0630_0604_B1F.html,official_phivolcs_public_bulletin_row,not_checked_row_level; spatial_AOI_inclusion_only
PHV-0008,2026-06-30T14:23:00,5.48,125.37,32,1.3,009 km N 37° W of Balut Island (Municipality Of Sarangani) (Davao Occidental),https://earthquake.phivolcs.dost.gov.ph/2026_Earthquake_Information/June/2026_0630_0623_B1F.html,official_phivolcs_public_bulletin_row,not_checked_row_level; spatial_AOI_inclusion_only
PHV-0009,2026-06-30T14:39:00,6.13,125.30,17,2.0,003 km N 27° E of Alabel (Sarangani),https://earthquake.phivolcs.dost.gov.ph/2026_Earthquake_Information/June/2026_0630_0639_B1F.html,official_phivolcs_public_bulletin_row,not_checked_row_level; spatial_AOI_inclusion_only
PHV-0010,2026-06-30T14:41:00,5.49,125.81,18,2.5,038 km N 88° E of Sarangani Island (Municipality Of Sarangani) (Davao Occidental),https://earthquake.phivolcs.dost.gov.ph/2026_Earthquake_Information/June/2026_0630_0641_B1F.html,official_phivolcs_public_bulletin_row,not_checked_row_level; spatial_AOI_inclusion_only
PHV-0011,2026-06-30T14:51:00,5.36,125.09,33,1.7,037 km S 80° W of Balut Island (Municipality Of Sarangani) (Davao Occidental),https://earthquake.phivolcs.dost.gov.ph/2026_Earthquake_Information/June/2026_0630_0651_B1F.html,official_phivolcs_public_bulletin_row,not_checked_row_level; spatial_AOI_inclusion_only
PHV-0012,2026-06-30T15:10:00,5.30,125.40,8,2.5,013 km S 12° W of Balut Island (Municipality Of Sarangani) (Davao Occidental),https://earthquake.phivolcs.dost.gov.ph/2026_Earthquake_Information/June/2026_0630_0710_B1F.html,official_phivolcs_public_bulletin_row,not_checked_row_level; spatial_AOI_inclusion_only
PHV-0013,2026-06-30T15:40:00,5.71,125.35,19,2.2,020 km S 52° E of Glan (Sarangani),https://earthquake.phivolcs.dost.gov.ph/2026_Earthquake_Information/June/2026_0630_0740_B1F.html,official_phivolcs_public_bulletin_row,not_checked_row_level; spatial_AOI_inclusion_only
PHV-0014,2026-06-30T15:48:00,5.03,124.50,44,2.7,107 km S 07° W of Kiamba (Sarangani),https://earthquake.phivolcs.dost.gov.ph/2026_Earthquake_Information/June/2026_0630_0748_B1F.html,official_phivolcs_public_bulletin_row,not_checked_row_level; spatial_AOI_inclusion_only
PHV-0015,2026-06-30T15:56:00,5.41,125.32,28,1.9,011 km West of Balut Island (Municipality Of Sarangani) (Davao Occidental),https://earthquake.phivolcs.dost.gov.ph/2026_Earthquake_Information/June/2026_0630_0756_B1F.html,official_phivolcs_public_bulletin_row,not_checked_row_level; spatial_AOI_inclusion_only
PHV-0016,2026-06-30T15:57:00,5.63,125.27,34,1.9,023 km S 20° E of Glan (Sarangani),https://earthquake.phivolcs.dost.gov.ph/2026_Earthquake_Information/June/2026_0630_0757_B1F.html,official_phivolcs_public_bulletin_row,not_checked_row_level; spatial_AOI_inclusion_only
PHV-0017,2026-06-30T16:29:00,5.57,125.29,25,2.0,023 km N 40° W of Balut Island (Municipality Of Sarangani) (Davao Occidental),https://earthquake.phivolcs.dost.gov.ph/2026_Earthquake_Information/June/2026_0630_0829_B1F.html,official_phivolcs_public_bulletin_row,not_checked_row_level; spatial_AOI_inclusion_only
PHV-0018,2026-06-30T16:39:00,5.65,125.33,20,2.8,023 km S 36° E of Glan (Sarangani),https://earthquake.phivolcs.dost.gov.ph/2026_Earthquake_Information/June/2026_0630_0839_B1F.html,official_phivolcs_public_bulletin_row,not_checked_row_level; spatial_AOI_inclusion_only
PHV-0019,2026-06-30T16:50:00,5.70,125.17,35,1.7,014 km S 14° W of Glan (Sarangani),https://earthquake.phivolcs.dost.gov.ph/2026_Earthquake_Information/June/2026_0630_0850_B1F.html,official_phivolcs_public_bulletin_row,not_checked_row_level; spatial_AOI_inclusion_only
PHV-0020,2026-06-30T16:57:00,5.37,125.17,28,2.2,028 km S 80° W of Balut Island (Municipality Of Sarangani) (Davao Occidental),https://earthquake.phivolcs.dost.gov.ph/2026_Earthquake_Information/June/2026_0630_0857_B1F.html,official_phivolcs_public_bulletin_row,not_checked_row_level; spatial_AOI_inclusion_only
PHV-0021,2026-06-30T17:00:00,5.77,125.41,15,2.8,024 km S 76° E of Glan (Sarangani),https://earthquake.phivolcs.dost.gov.ph/2026_Earthquake_Information/June/2026_0630_0900_B1F.html,official_phivolcs_public_bulletin_row,not_checked_row_level; spatial_AOI_inclusion_only
PHV-0022,2026-06-30T17:40:00,5.97,125.39,7,2.4,011 km East of Malapatan (Sarangani),https://earthquake.phivolcs.dost.gov.ph/2026_Earthquake_Information/June/2026_0630_0940_B1F.html,official_phivolcs_public_bulletin_row,not_checked_row_level; spatial_AOI_inclusion_only
PHV-0023,2026-06-30T17:52:00,5.88,125.40,17,2.3,016 km S 50° E of Malapatan (Sarangani),https://earthquake.phivolcs.dost.gov.ph/2026_Earthquake_Information/June/2026_0630_0952_B1F.html,official_phivolcs_public_bulletin_row,not_checked_row_level; spatial_AOI_inclusion_only
PHV-0024,2026-06-30T18:18:00,5.86,125.34,21,1.5,013 km S 26° E of Malapatan (Sarangani),https://earthquake.phivolcs.dost.gov.ph/2026_Earthquake_Information/June/2026_0630_1018_B1F.html,official_phivolcs_public_bulletin_row,not_checked_row_level; spatial_AOI_inclusion_only
PHV-0025,2026-06-30T18:20:00,4.99,125.46,127,2.1,046 km S 05° E of Balut Island (Municipality Of Sarangani) (Davao Occidental),https://earthquake.phivolcs.dost.gov.ph/2026_Earthquake_Information/June/2026_0630_1020_B1F.html,official_phivolcs_public_bulletin_row,not_checked_row_level; spatial_AOI_inclusion_only
PHV-0026,2026-06-30T19:05:00,5.38,125.28,25,2.4,016 km S 79° W of Balut Island (Municipality Of Sarangani) (Davao Occidental),https://earthquake.phivolcs.dost.gov.ph/2026_Earthquake_Information/June/2026_0630_1105_B1F.html,official_phivolcs_public_bulletin_row,not_checked_row_level; spatial_AOI_inclusion_only
PHV-0027,2026-06-30T20:38:00,5.91,125.39,8,2.4,013 km S 59° E of Malapatan (Sarangani),https://earthquake.phivolcs.dost.gov.ph/2026_Earthquake_Information/June/2026_0630_1238_B1F.html,official_phivolcs_public_bulletin_row,not_checked_row_level; spatial_AOI_inclusion_only
PHV-0028,2026-06-30T21:54:00,5.64,125.32,21,2.3,024 km S 34° E of Glan (Sarangani),https://earthquake.phivolcs.dost.gov.ph/2026_Earthquake_Information/June/2026_0630_1354_B1F.html,official_phivolcs_public_bulletin_row,not_checked_row_level; spatial_AOI_inclusion_only
PHV-0029,2026-06-30T22:51:00,4.98,125.37,2,2.6,048 km S 07° W of Balut Island (Municipality Of Sarangani) (Davao Occidental),https://earthquake.phivolcs.dost.gov.ph/2026_Earthquake_Information/June/2026_0630_145147_B1F.html,official_phivolcs_public_bulletin_row,not_checked_row_level; spatial_AOI_inclusion_only
PHV-0030,2026-06-30T22:51:00,5.52,125.30,29,1.9,018 km N 50° W of Balut Island (Municipality Of Sarangani) (Davao Occidental),https://earthquake.phivolcs.dost.gov.ph/2026_Earthquake_Information/June/2026_0630_145108_B1F.html,official_phivolcs_public_bulletin_row,not_checked_row_level; spatial_AOI_inclusion_only
PHV-0031,2026-06-30T22:57:00,5.75,125.32,26,2.5,015 km S 58° E of Glan (Sarangani),https://earthquake.phivolcs.dost.gov.ph/2026_Earthquake_Information/June/2026_0630_1457_B1F.html,official_phivolcs_public_bulletin_row,not_checked_row_level; spatial_AOI_inclusion_only
PHV-0032,2026-06-30T23:08:00,5.08,125.38,28,2.6,037 km S 06° W of Balut Island (Municipality Of Sarangani) (Davao Occidental),https://earthquake.phivolcs.dost.gov.ph/2026_Earthquake_Information/June/2026_0630_1508_B1F.html,official_phivolcs_public_bulletin_row,not_checked_row_level; spatial_AOI_inclusion_only
PHV-0033,2026-06-30T23:11:00,5.34,125.33,24,1.6,013 km S 50° W of Balut Island (Municipality Of Sarangani) (Davao Occidental),https://earthquake.phivolcs.dost.gov.ph/2026_Earthquake_Information/June/2026_0630_1511_B1F.html,official_phivolcs_public_bulletin_row,not_checked_row_level; spatial_AOI_inclusion_only
PHV-0034,2026-06-30T23:45:00,5.71,125.25,14,3.0,013 km S 23° E of Glan (Sarangani),https://earthquake.phivolcs.dost.gov.ph/2026_Earthquake_Information/June/2026_0630_1545_B1F.html,official_phivolcs_public_bulletin_row,not_checked_row_level; spatial_AOI_inclusion_only
PHV-0035,2026-07-01T00:07:00,4.90,125.03,12,2.9,071 km S 37° W of Balut Island (Municipality Of Sarangani) (Davao Occidental),https://earthquake.phivolcs.dost.gov.ph/2026_Earthquake_Information/June/2026_0630_1607_B1F.html,official_phivolcs_public_bulletin_row,not_checked_row_level; spatial_AOI_inclusion_only
PHV-0036,2026-07-01T00:13:00,5.52,125.29,24,1.8,019 km N 51° W of Balut Island (Municipality Of Sarangani) (Davao Occidental),https://earthquake.phivolcs.dost.gov.ph/2026_Earthquake_Information/June/2026_0630_1613_B1F.html,official_phivolcs_public_bulletin_row,not_checked_row_level; spatial_AOI_inclusion_only
PHV-0037,2026-07-01T00:49:00,5.27,125.18,20,2.6,031 km S 59° W of Balut Island (Municipality Of Sarangani) (Davao Occidental),https://earthquake.phivolcs.dost.gov.ph/2026_Earthquake_Information/June/2026_0630_1649_B2F.html,official_phivolcs_public_bulletin_row,not_checked_row_level; spatial_AOI_inclusion_only
PHV-0038,2026-07-01T00:51:00,5.55,125.05,29,3.2,035 km S 29° W of Glan (Sarangani),https://earthquake.phivolcs.dost.gov.ph/2026_Earthquake_Information/June/2026_0630_1651_B2F.html,official_phivolcs_public_bulletin_row,not_checked_row_level; spatial_AOI_inclusion_only
PHV-0039,2026-07-01T01:15:00,5.93,125.31,26,1.7,006 km S 27° E of Malapatan (Sarangani),https://earthquake.phivolcs.dost.gov.ph/2026_Earthquake_Information/June/2026_0630_1715_B1F.html,official_phivolcs_public_bulletin_row,not_checked_row_level; spatial_AOI_inclusion_only
PHV-0040,2026-07-01T01:20:00,5.36,125.15,25,2.0,030 km S 79° W of Balut Island (Municipality Of Sarangani) (Davao Occidental),https://earthquake.phivolcs.dost.gov.ph/2026_Earthquake_Information/June/2026_0630_1720_B1F.html,official_phivolcs_public_bulletin_row,not_checked_row_level; spatial_AOI_inclusion_only
PHV-0041,2026-07-01T01:21:00,6.01,124.83,74,1.5,023 km N 85° E of Kiamba (Sarangani),https://earthquake.phivolcs.dost.gov.ph/2026_Earthquake_Information/June/2026_0630_1721_B1F.html,official_phivolcs_public_bulletin_row,not_checked_row_level; spatial_AOI_inclusion_only
PHV-0042,2026-07-01T01:24:00,6.09,125.45,23,1.8,018 km S 83° E of Alabel (Sarangani),https://earthquake.phivolcs.dost.gov.ph/2026_Earthquake_Information/June/2026_0630_1724_B1F.html,official_phivolcs_public_bulletin_row,not_checked_row_level; spatial_AOI_inclusion_only
PHV-0043,2026-07-01T01:40:00,5.67,125.36,23,2.3,024 km S 46° E of Glan (Sarangani),https://earthquake.phivolcs.dost.gov.ph/2026_Earthquake_Information/June/2026_0630_1740_B1F.html,official_phivolcs_public_bulletin_row,not_checked_row_level; spatial_AOI_inclusion_only
PHV-0044,2026-07-01T01:50:00,5.47,125.30,22,2.9,015 km N 64° W of Balut Island (Municipality Of Sarangani) (Davao Occidental),https://earthquake.phivolcs.dost.gov.ph/2026_Earthquake_Information/June/2026_0630_175024_B2F.html,official_phivolcs_public_bulletin_row,not_checked_row_level; spatial_AOI_inclusion_only
PHV-0045,2026-07-01T02:07:00,5.68,125.29,21,1.6,019 km S 30° E of Glan (Sarangani),https://earthquake.phivolcs.dost.gov.ph/2026_Earthquake_Information/June/2026_0630_1807_B1F.html,official_phivolcs_public_bulletin_row,not_checked_row_level; spatial_AOI_inclusion_only
PHV-0046,2026-07-01T02:13:00,5.35,125.10,54,1.9,036 km S 80° W of Balut Island (Municipality Of Sarangani) (Davao Occidental),https://earthquake.phivolcs.dost.gov.ph/2026_Earthquake_Information/June/2026_0630_1813_B1F.html,official_phivolcs_public_bulletin_row,not_checked_row_level; spatial_AOI_inclusion_only
PHV-0047,2026-07-01T02:16:00,4.98,125.36,151,2.2,049 km S 08° W of Balut Island (Municipality Of Sarangani) (Davao Occidental),https://earthquake.phivolcs.dost.gov.ph/2026_Earthquake_Information/June/2026_0630_181635_B1F.html,official_phivolcs_public_bulletin_row,not_checked_row_level; spatial_AOI_inclusion_only
PHV-0048,2026-07-01T02:23:00,5.88,125.33,19,1.8,011 km S 25° E of Malapatan (Sarangani),https://earthquake.phivolcs.dost.gov.ph/2026_Earthquake_Information/June/2026_0630_1823_B1F.html,official_phivolcs_public_bulletin_row,not_checked_row_level; spatial_AOI_inclusion_only
PHV-0049,2026-07-01T03:05:00,5.28,125.51,44,2.4,017 km S 35° E of Balut Island (Municipality Of Sarangani) (Davao Occidental),https://earthquake.phivolcs.dost.gov.ph/2026_Earthquake_Information/June/2026_0630_1905_B2.html,official_phivolcs_public_bulletin_row,not_checked_row_level; spatial_AOI_inclusion_only
PHV-0050,2026-07-01T03:11:00,5.18,125.03,30,2.2,051 km S 59° W of Balut Island (Municipality Of Sarangani) (Davao Occidental),https://earthquake.phivolcs.dost.gov.ph/2026_Earthquake_Information/June/2026_0630_1911_B2.html,official_phivolcs_public_bulletin_row,not_checked_row_level; spatial_AOI_inclusion_only
PHV-0051,2026-07-01T03:41:00,5.39,125.86,8,2.7,063 km S 22° E of Jose Abad Santos (Davao Occidental),https://earthquake.phivolcs.dost.gov.ph/2026_Earthquake_Information/June/2026_0630_1941_B2F.html,official_phivolcs_public_bulletin_row,not_checked_row_level; spatial_AOI_inclusion_only
PHV-0052,2026-07-01T04:15:00,5.55,125.09,17,1.7,033 km S 23° W of Glan (Sarangani),https://earthquake.phivolcs.dost.gov.ph/2026_Earthquake_Information/June/2026_0630_2015_B2F.html,official_phivolcs_public_bulletin_row,not_checked_row_level; spatial_AOI_inclusion_only
PHV-0053,2026-07-01T05:13:00,5.77,125.39,13,2.3,021 km S 73° E of Glan (Sarangani),https://earthquake.phivolcs.dost.gov.ph/2026_Earthquake_Information/June/2026_0630_2113_B2F.html,official_phivolcs_public_bulletin_row,not_checked_row_level; spatial_AOI_inclusion_only
PHV-0054,2026-07-01T05:34:00,5.31,125.37,27,4.9,012 km S 28° W of Balut Island (Municipality Of Sarangani) (Davao Occidental),https://earthquake.phivolcs.dost.gov.ph/2026_Earthquake_Information/June/2026_0630_2134_B3F.html,official_phivolcs_public_bulletin_row,not_checked_row_level; spatial_AOI_inclusion_only
PHV-0055,2026-07-01T05:42:00,5.90,125.32,25,1.9,009 km S 21° E of Malapatan (Sarangani),https://earthquake.phivolcs.dost.gov.ph/2026_Earthquake_Information/June/2026_0630_2142_B1F.html,official_phivolcs_public_bulletin_row,not_checked_row_level; spatial_AOI_inclusion_only
PHV-0056,2026-07-01T05:49:00,5.43,125.02,6,2.7,045 km N 87° W of Balut Island (Municipality Of Sarangani) (Davao Occidental),https://earthquake.phivolcs.dost.gov.ph/2026_Earthquake_Information/June/2026_0630_2149_B2.html,official_phivolcs_public_bulletin_row,not_checked_row_level; spatial_AOI_inclusion_only
PHV-0057,2026-07-01T05:54:00,5.83,125.53,7,2.5,015 km S 55° W of Jose Abad Santos (Davao Occidental),https://earthquake.phivolcs.dost.gov.ph/2026_Earthquake_Information/June/2026_0630_2154_B1F.html,official_phivolcs_public_bulletin_row,not_checked_row_level; spatial_AOI_inclusion_only
PHV-0058,2026-07-01T05:57:00,5.38,125.30,27,1.7,014 km S 73° W of Balut Island (Municipality Of Sarangani) (Davao Occidental),https://earthquake.phivolcs.dost.gov.ph/2026_Earthquake_Information/June/2026_0630_2157_B1F.html,official_phivolcs_public_bulletin_row,not_checked_row_level; spatial_AOI_inclusion_only
PHV-0059,2026-07-01T06:03:00,5.68,125.38,21,2.1,025 km N 25° W of Sarangani Island (Municipality Of Sarangani) (Davao Occidental),https://earthquake.phivolcs.dost.gov.ph/2026_Earthquake_Information/June/2026_0630_2203_B1F.html,official_phivolcs_public_bulletin_row,not_checked_row_level; spatial_AOI_inclusion_only
PHV-0060,2026-07-01T06:20:00,5.71,125.26,12,2.4,013 km S 26° E of Glan (Sarangani),https://earthquake.phivolcs.dost.gov.ph/2026_Earthquake_Information/June/2026_0630_2220_B1F.html,official_phivolcs_public_bulletin_row,not_checked_row_level; spatial_AOI_inclusion_only
PHV-0061,2026-07-01T06:39:00,5.61,125.13,17,1.5,025 km S 21° W of Glan (Sarangani),https://earthquake.phivolcs.dost.gov.ph/2026_Earthquake_Information/June/2026_0630_2239_B1F.html,official_phivolcs_public_bulletin_row,not_checked_row_level; spatial_AOI_inclusion_only
PHV-0062,2026-07-01T06:43:00,5.63,125.17,22,1.4,021 km S 11° W of Glan (Sarangani),https://earthquake.phivolcs.dost.gov.ph/2026_Earthquake_Information/June/2026_0630_2243_B1F.html,official_phivolcs_public_bulletin_row,not_checked_row_level; spatial_AOI_inclusion_only
PHV-0063,2026-07-01T06:56:00,5.73,125.31,22,1.4,015 km S 51° E of Glan (Sarangani),https://earthquake.phivolcs.dost.gov.ph/2026_Earthquake_Information/June/2026_0630_225642_B1F.html,official_phivolcs_public_bulletin_row,not_checked_row_level; spatial_AOI_inclusion_only
PHV-0064,2026-07-01T06:56:00,5.60,125.34,21,1.7,020 km N 48° W of Sarangani Island (Municipality Of Sarangani) (Davao Occidental),https://earthquake.phivolcs.dost.gov.ph/2026_Earthquake_Information/June/2026_0630_225619_B1F.html,official_phivolcs_public_bulletin_row,not_checked_row_level; spatial_AOI_inclusion_only
PHV-0065,2026-07-01T07:11:00,5.68,125.27,16,1.6,017 km S 26° E of Glan (Sarangani),https://earthquake.phivolcs.dost.gov.ph/2026_Earthquake_Information/June/2026_0630_2311_B1F.html,official_phivolcs_public_bulletin_row,not_checked_row_level; spatial_AOI_inclusion_only
PHV-0066,2026-07-01T07:18:00,5.47,125.21,26,1.4,025 km N 76° W of Balut Island (Municipality Of Sarangani) (Davao Occidental),https://earthquake.phivolcs.dost.gov.ph/2026_Earthquake_Information/June/2026_0630_2318_B1F.html,official_phivolcs_public_bulletin_row,not_checked_row_level; spatial_AOI_inclusion_only
PHV-0067,2026-07-01T07:21:00,5.08,124.53,37,2.6,101 km S 06° W of Kiamba (Sarangani),https://earthquake.phivolcs.dost.gov.ph/2026_Earthquake_Information/June/2026_0630_2321_B1F.html,official_phivolcs_public_bulletin_row,not_checked_row_level; spatial_AOI_inclusion_only
PHV-0068,2026-07-01T07:32:00,5.46,125.09,23,2.3,042 km S 18° W of Glan (Sarangani),https://earthquake.phivolcs.dost.gov.ph/2026_Earthquake_Information/June/2026_0630_2332_B2F.html,official_phivolcs_public_bulletin_row,not_checked_row_level; spatial_AOI_inclusion_only
PHV-0069,2026-07-01T07:45:00,4.96,125.07,3,2.1,063 km S 38° W of Balut Island (Municipality Of Sarangani) (Davao Occidental),https://earthquake.phivolcs.dost.gov.ph/2026_Earthquake_Information/June/2026_0630_2345_B1F.html,official_phivolcs_public_bulletin_row,not_checked_row_level; spatial_AOI_inclusion_only
PHV-0070,2026-07-01T07:46:00,5.77,125.32,14,2.3,014 km S 65° E of Glan (Sarangani),https://earthquake.phivolcs.dost.gov.ph/2026_Earthquake_Information/June/2026_0630_2346_B1F.html,official_phivolcs_public_bulletin_row,not_checked_row_level; spatial_AOI_inclusion_only
PHV-0071,2026-07-01T08:13:00,5.50,125.07,5,3.0,039 km S 22° W of Glan (Sarangani),https://earthquake.phivolcs.dost.gov.ph/2026_Earthquake_Information/July/2026_0701_0013_B2F.html,official_phivolcs_public_bulletin_row,not_checked_row_level; spatial_AOI_inclusion_only
PHV-0072,2026-07-01T08:29:00,5.95,125.29,33,1.3,002 km S 13° E of Malapatan (Sarangani),https://earthquake.phivolcs.dost.gov.ph/2026_Earthquake_Information/July/2026_0701_0029_B1F.html,official_phivolcs_public_bulletin_row,not_checked_row_level; spatial_AOI_inclusion_only
PHV-0073,2026-07-01T09:04:00,5.42,125.25,32,2.2,019 km N 86° W of Balut Island (Municipality Of Sarangani) (Davao Occidental),https://earthquake.phivolcs.dost.gov.ph/2026_Earthquake_Information/July/2026_0701_0104_B1F.html,official_phivolcs_public_bulletin_row,not_checked_row_level; spatial_AOI_inclusion_only
PHV-0074,2026-07-01T09:07:00,5.42,125.13,25,1.8,033 km N 89° W of Balut Island (Municipality Of Sarangani) (Davao Occidental),https://earthquake.phivolcs.dost.gov.ph/2026_Earthquake_Information/July/2026_0701_0107_B1F.html,official_phivolcs_public_bulletin_row,not_checked_row_level; spatial_AOI_inclusion_only
PHV-0075,2026-07-01T09:12:00,5.23,125.00,17,3.0,051 km S 67° W of Balut Island (Municipality Of Sarangani) (Davao Occidental),https://earthquake.phivolcs.dost.gov.ph/2026_Earthquake_Information/July/2026_0701_0112_B2F.html,official_phivolcs_public_bulletin_row,not_checked_row_level; spatial_AOI_inclusion_only
PHV-0076,2026-07-01T09:15:00,5.77,125.30,9,2.3,012 km S 58° E of Glan (Sarangani),https://earthquake.phivolcs.dost.gov.ph/2026_Earthquake_Information/July/2026_0701_0115_B2F.html,official_phivolcs_public_bulletin_row,not_checked_row_level; spatial_AOI_inclusion_only
PHV-0077,2026-07-01T09:36:00,5.77,125.32,14,1.9,013 km S 66° E of Glan (Sarangani),https://earthquake.phivolcs.dost.gov.ph/2026_Earthquake_Information/July/2026_0701_0136_B1F.html,official_phivolcs_public_bulletin_row,not_checked_row_level; spatial_AOI_inclusion_only
PHV-0078,2026-07-01T09:57:00,5.32,125.07,27,3.5,041 km S 76° W of Balut Island (Municipality Of Sarangani) (Davao Occidental),https://earthquake.phivolcs.dost.gov.ph/2026_Earthquake_Information/July/2026_0701_0157_B2F.html,official_phivolcs_public_bulletin_row,not_checked_row_level; spatial_AOI_inclusion_only
PHV-0079,2026-07-01T10:21:00,5.04,125.46,42,3.0,042 km S 07° E of Balut Island (Municipality Of Sarangani) (Davao Occidental),https://earthquake.phivolcs.dost.gov.ph/2026_Earthquake_Information/July/2026_0701_0221_B2F.html,official_phivolcs_public_bulletin_row,not_checked_row_level; spatial_AOI_inclusion_only
PHV-0080,2026-07-01T10:47:00,5.77,124.82,22,2.1,023 km S 61° W of Maasim (Sarangani),https://earthquake.phivolcs.dost.gov.ph/2026_Earthquake_Information/July/2026_0701_0247_B2F.html,official_phivolcs_public_bulletin_row,not_checked_row_level; spatial_AOI_inclusion_only
PHV-0081,2026-07-01T11:34:00,5.65,125.27,21,1.5,021 km S 22° E of Glan (Sarangani),https://earthquake.phivolcs.dost.gov.ph/2026_Earthquake_Information/July/2026_0701_0334_B1F.html,official_phivolcs_public_bulletin_row,not_checked_row_level; spatial_AOI_inclusion_only
PHV-0082,2026-07-01T11:38:00,5.38,125.35,16,1.9,009 km S 67° W of Balut Island (Municipality Of Sarangani) (Davao Occidental),https://earthquake.phivolcs.dost.gov.ph/2026_Earthquake_Information/July/2026_0701_0338_B2F.html,official_phivolcs_public_bulletin_row,not_checked_row_level; spatial_AOI_inclusion_only
PHV-0083,2026-07-01T11:45:00,5.84,125.01,22,2.4,002 km S 31° E of Maasim (Sarangani),https://earthquake.phivolcs.dost.gov.ph/2026_Earthquake_Information/July/2026_0701_0345_B2F.html,official_phivolcs_public_bulletin_row,not_checked_row_level; spatial_AOI_inclusion_only
PHV-0084,2026-07-01T11:46:00,5.31,125.04,14,1.7,044 km S 75° W of Balut Island (Municipality Of Sarangani) (Davao Occidental),https://earthquake.phivolcs.dost.gov.ph/2026_Earthquake_Information/July/2026_0701_0346_B2F.html,official_phivolcs_public_bulletin_row,not_checked_row_level; spatial_AOI_inclusion_only
PHV-0085,2026-07-01T12:05:00,5.46,125.22,29,2.0,023 km N 78° W of Balut Island (Municipality Of Sarangani) (Davao Occidental),https://earthquake.phivolcs.dost.gov.ph/2026_Earthquake_Information/July/2026_0701_0405_B1F.html,official_phivolcs_public_bulletin_row,not_checked_row_level; spatial_AOI_inclusion_only
PHV-0086,2026-07-01T12:31:00,5.66,125.29,19,1.7,020 km S 27° E of Glan (Sarangani),https://earthquake.phivolcs.dost.gov.ph/2026_Earthquake_Information/July/2026_0701_0431_B2F.html,official_phivolcs_public_bulletin_row,not_checked_row_level; spatial_AOI_inclusion_only
PHV-0087,2026-07-01T12:34:00,5.42,125.26,27,1.7,018 km N 87° W of Balut Island (Municipality Of Sarangani) (Davao Occidental),https://earthquake.phivolcs.dost.gov.ph/2026_Earthquake_Information/July/2026_0701_0434_B1F.html,official_phivolcs_public_bulletin_row,not_checked_row_level; spatial_AOI_inclusion_only
PHV-0088,2026-07-01T13:11:00,5.39,125.15,29,2.6,030 km S 85° W of Balut Island (Municipality Of Sarangani) (Davao Occidental),https://earthquake.phivolcs.dost.gov.ph/2026_Earthquake_Information/July/2026_0701_0511_B2F.html,official_phivolcs_public_bulletin_row,not_checked_row_level; spatial_AOI_inclusion_only
PHV-0089,2026-07-01T13:16:00,5.70,125.16,23,1.6,014 km S 22° W of Glan (Sarangani),https://earthquake.phivolcs.dost.gov.ph/2026_Earthquake_Information/July/2026_0701_0516_B1F.html,official_phivolcs_public_bulletin_row,not_checked_row_level; spatial_AOI_inclusion_only
PHV-0090,2026-07-01T13:24:00,5.56,125.27,12,2.3,024 km N 46° W of Balut Island (Municipality Of Sarangani) (Davao Occidental),https://earthquake.phivolcs.dost.gov.ph/2026_Earthquake_Information/July/2026_0701_0524_B2F.html,official_phivolcs_public_bulletin_row,not_checked_row_level; spatial_AOI_inclusion_only
PHV-0091,2026-07-01T13:45:00,5.77,125.23,19,1.6,007 km S 29° E of Glan (Sarangani),https://earthquake.phivolcs.dost.gov.ph/2026_Earthquake_Information/July/2026_0701_054523_B1F.html,official_phivolcs_public_bulletin_row,not_checked_row_level; spatial_AOI_inclusion_only
PHV-0092,2026-07-01T13:48:00,5.19,125.30,33,3.2,028 km S 28° W of Balut Island (Municipality Of Sarangani) (Davao Occidental),https://earthquake.phivolcs.dost.gov.ph/2026_Earthquake_Information/July/2026_0701_0548_B2F.html,official_phivolcs_public_bulletin_row,not_checked_row_level; spatial_AOI_inclusion_only
PHV-0093,2026-07-01T14:04:00,4.62,125.06,34,2.6,096 km S 25° W of Balut Island (Municipality Of Sarangani) (Davao Occidental),https://earthquake.phivolcs.dost.gov.ph/2026_Earthquake_Information/July/2026_0701_0604_B2F.html,official_phivolcs_public_bulletin_row,not_checked_row_level; spatial_AOI_inclusion_only
PHV-0094,2026-07-01T14:22:00,5.82,125.27,20,1.5,007 km S 86° E of Glan (Sarangani),https://earthquake.phivolcs.dost.gov.ph/2026_Earthquake_Information/July/2026_0701_0622_B1F.html,official_phivolcs_public_bulletin_row,not_checked_row_level; spatial_AOI_inclusion_only
PHV-0095,2026-07-01T14:24:00,5.71,125.14,16,1.6,015 km S 30° W of Glan (Sarangani),https://earthquake.phivolcs.dost.gov.ph/2026_Earthquake_Information/July/2026_0701_0624_B1F.html,official_phivolcs_public_bulletin_row,not_checked_row_level; spatial_AOI_inclusion_only
PHV-0096,2026-07-01T14:26:00,5.92,125.38,5,1.7,011 km S 61° E of Malapatan (Sarangani),https://earthquake.phivolcs.dost.gov.ph/2026_Earthquake_Information/July/2026_0701_0626_B1F.html,official_phivolcs_public_bulletin_row,not_checked_row_level; spatial_AOI_inclusion_only
PHV-0097,2026-07-01T14:45:00,5.87,125.35,6,1.8,013 km S 32° E of Malapatan (Sarangani),https://earthquake.phivolcs.dost.gov.ph/2026_Earthquake_Information/July/2026_0701_0645_B1F.html,official_phivolcs_public_bulletin_row,not_checked_row_level; spatial_AOI_inclusion_only
PHV-0098,2026-07-01T15:46:00,5.71,125.31,14,2.2,017 km S 42° E of Glan (Sarangani),https://earthquake.phivolcs.dost.gov.ph/2026_Earthquake_Information/July/2026_0701_0746_B2F.html,official_phivolcs_public_bulletin_row,not_checked_row_level; spatial_AOI_inclusion_only
PHV-0099,2026-07-01T15:59:00,5.79,125.30,20,1.8,012 km S 71° E of Glan (Sarangani),https://earthquake.phivolcs.dost.gov.ph/2026_Earthquake_Information/July/2026_0701_0759_B1F.html,official_phivolcs_public_bulletin_row,not_checked_row_level; spatial_AOI_inclusion_only
PHV-0100,2026-07-01T16:17:00,5.23,125.15,13,2.0,036 km S 57° W of Balut Island (Municipality Of Sarangani) (Davao Occidental),https://earthquake.phivolcs.dost.gov.ph/2026_Earthquake_Information/July/2026_0701_0817_B1F.html,official_phivolcs_public_bulletin_row,not_checked_row_level; spatial_AOI_inclusion_only
PHV-0101,2026-07-01T17:50:00,5.55,125.34,5,3.0,017 km N 59° W of Sarangani Island (Municipality Of Sarangani) (Davao Occidental),https://earthquake.phivolcs.dost.gov.ph/2026_Earthquake_Information/July/2026_0701_0950_B2F.html,official_phivolcs_public_bulletin_row,not_checked_row_level; spatial_AOI_inclusion_only
PHV-0102,2026-07-01T18:19:00,5.81,125.56,8,1.6,015 km S 41° W of Jose Abad Santos (Davao Occidental),https://earthquake.phivolcs.dost.gov.ph/2026_Earthquake_Information/July/2026_0701_1019_B2.html,official_phivolcs_public_bulletin_row,not_checked_row_level; spatial_AOI_inclusion_only
PHV-0103,2026-07-01T18:26:00,5.72,125.24,9,1.7,012 km S 20° E of Glan (Sarangani),https://earthquake.phivolcs.dost.gov.ph/2026_Earthquake_Information/July/2026_0701_1026_B2F.html,official_phivolcs_public_bulletin_row,not_checked_row_level; spatial_AOI_inclusion_only
PHV-0104,2026-07-01T19:59:00,4.57,125.50,82,3.2,094 km S 06° E of Balut Island (Municipality Of Sarangani) (Davao Occidental),https://earthquake.phivolcs.dost.gov.ph/2026_Earthquake_Information/July/2026_0701_1159_B2F.html,official_phivolcs_public_bulletin_row,not_checked_row_level; spatial_AOI_inclusion_only
PHV-0105,2026-07-01T20:50:00,5.96,125.53,91,1.8,013 km N 68° W of Jose Abad Santos (Davao Occidental),https://earthquake.phivolcs.dost.gov.ph/2026_Earthquake_Information/July/2026_0701_1250_B1.html,official_phivolcs_public_bulletin_row,not_checked_row_level; spatial_AOI_inclusion_only
PHV-0106,2026-07-01T21:42:00,6.00,125.36,23,1.5,009 km N 67° E of Malapatan (Sarangani),https://earthquake.phivolcs.dost.gov.ph/2026_Earthquake_Information/July/2026_0701_1342_B1F.html,official_phivolcs_public_bulletin_row,not_checked_row_level; spatial_AOI_inclusion_only
PHV-0107,2026-07-01T22:32:00,5.94,125.43,20,1.4,016 km S 76° E of Malapatan (Sarangani),https://earthquake.phivolcs.dost.gov.ph/2026_Earthquake_Information/July/2026_0701_1432_B1F.html,official_phivolcs_public_bulletin_row,not_checked_row_level; spatial_AOI_inclusion_only
PHV-0108,2026-07-01T22:43:00,5.46,125.40,23,3.2,005 km N 20° W of Balut Island (Municipality Of Sarangani) (Davao Occidental),https://earthquake.phivolcs.dost.gov.ph/2026_Earthquake_Information/July/2026_0701_1443_B2F.html,official_phivolcs_public_bulletin_row,not_checked_row_level; spatial_AOI_inclusion_only
PHV-0109,2026-07-01T22:51:00,5.73,125.41,25,1.8,024 km S 67° E of Glan (Sarangani),https://earthquake.phivolcs.dost.gov.ph/2026_Earthquake_Information/July/2026_0701_1451_B1F.html,official_phivolcs_public_bulletin_row,not_checked_row_level; spatial_AOI_inclusion_only
PHV-0110,2026-07-01T22:53:00,5.37,125.26,29,1.9,019 km S 74° W of Balut Island (Municipality Of Sarangani) (Davao Occidental),https://earthquake.phivolcs.dost.gov.ph/2026_Earthquake_Information/July/2026_0701_1453_B1F.html,official_phivolcs_public_bulletin_row,not_checked_row_level; spatial_AOI_inclusion_only
PHV-0111,2026-07-01T22:55:00,5.64,125.25,2,3.2,021 km S 14° E of Glan (Sarangani),https://earthquake.phivolcs.dost.gov.ph/2026_Earthquake_Information/July/2026_0701_1455_B2F.html,official_phivolcs_public_bulletin_row,not_checked_row_level; spatial_AOI_inclusion_only
PHV-0112,2026-07-01T22:57:00,5.88,125.08,6,1.5,009 km N 77° E of Maasim (Sarangani),https://earthquake.phivolcs.dost.gov.ph/2026_Earthquake_Information/July/2026_0701_1457_B1F.html,official_phivolcs_public_bulletin_row,not_checked_row_level; spatial_AOI_inclusion_only
PHV-0113,2026-07-01T23:16:00,5.94,125.34,19,2.3,007 km S 59° E of Malapatan (Sarangani),https://earthquake.phivolcs.dost.gov.ph/2026_Earthquake_Information/July/2026_0701_1516_B2.html,official_phivolcs_public_bulletin_row,not_checked_row_level; spatial_AOI_inclusion_only
PHV-0114,2026-07-01T23:33:00,5.33,125.13,29,1.5,034 km S 75° W of Balut Island (Municipality Of Sarangani) (Davao Occidental),https://earthquake.phivolcs.dost.gov.ph/2026_Earthquake_Information/July/2026_0701_1533_B1F.html,official_phivolcs_public_bulletin_row,not_checked_row_level; spatial_AOI_inclusion_only
PHV-0115,2026-07-01T23:35:00,5.18,125.09,33,1.7,045 km S 55° W of Balut Island (Municipality Of Sarangani) (Davao Occidental),https://earthquake.phivolcs.dost.gov.ph/2026_Earthquake_Information/July/2026_0701_1535_B1F.html,official_phivolcs_public_bulletin_row,not_checked_row_level; spatial_AOI_inclusion_only
PHV-0116,2026-07-01T23:38:00,5.25,125.22,31,2.8,029 km S 50° W of Balut Island (Municipality Of Sarangani) (Davao Occidental),https://earthquake.phivolcs.dost.gov.ph/2026_Earthquake_Information/July/2026_0701_1538_B2F.html,official_phivolcs_public_bulletin_row,not_checked_row_level; spatial_AOI_inclusion_only
PHV-0117,2026-07-01T23:50:00,5.59,125.33,25,1.5,021 km N 51° W of Sarangani Island (Municipality Of Sarangani) (Davao Occidental),https://earthquake.phivolcs.dost.gov.ph/2026_Earthquake_Information/July/2026_0701_1550_B2F.html,official_phivolcs_public_bulletin_row,not_checked_row_level; spatial_AOI_inclusion_only
PHV-0118,2026-07-01T23:51:00,5.42,125.21,32,1.6,023 km N 88° W of Balut Island (Municipality Of Sarangani) (Davao Occidental),https://earthquake.phivolcs.dost.gov.ph/2026_Earthquake_Information/July/2026_0701_1551_B2F.html,official_phivolcs_public_bulletin_row,not_checked_row_level; spatial_AOI_inclusion_only
PHV-0119,2026-07-01T23:53:00,5.35,125.25,32,2.2,020 km S 70° W of Balut Island (Municipality Of Sarangani) (Davao Occidental),https://earthquake.phivolcs.dost.gov.ph/2026_Earthquake_Information/July/2026_0701_1553_B1F.html,official_phivolcs_public_bulletin_row,not_checked_row_level; spatial_AOI_inclusion_only
PHV-0120,2026-07-02T00:29:00,4.98,125.03,21,2.3,064 km S 42° W of Balut Island (Municipality Of Sarangani) (Davao Occidental),https://earthquake.phivolcs.dost.gov.ph/2026_Earthquake_Information/July/2026_0701_162933_B1F.html,official_phivolcs_public_bulletin_row,not_checked_row_level; spatial_AOI_inclusion_only
PHV-0121,2026-07-02T00:57:00,5.44,125.11,25,1.5,035 km N 86° W of Balut Island (Municipality Of Sarangani) (Davao Occidental),https://earthquake.phivolcs.dost.gov.ph/2026_Earthquake_Information/July/2026_0701_1657_B1F.html,official_phivolcs_public_bulletin_row,not_checked_row_level; spatial_AOI_inclusion_only
PHV-0122,2026-07-02T01:02:00,5.71,125.40,21,1.4,025 km S 62° E of Glan (Sarangani),https://earthquake.phivolcs.dost.gov.ph/2026_Earthquake_Information/July/2026_0701_1702_B1F.html,official_phivolcs_public_bulletin_row,not_checked_row_level; spatial_AOI_inclusion_only
PHV-0123,2026-07-02T01:05:00,5.98,125.36,19,1.4,008 km N 85° E of Malapatan (Sarangani),https://earthquake.phivolcs.dost.gov.ph/2026_Earthquake_Information/July/2026_0701_1705_B1F.html,official_phivolcs_public_bulletin_row,not_checked_row_level; spatial_AOI_inclusion_only
PHV-0124,2026-07-02T01:47:00,5.19,125.25,18,1.9,031 km S 38° W of Balut Island (Municipality Of Sarangani) (Davao Occidental),https://earthquake.phivolcs.dost.gov.ph/2026_Earthquake_Information/July/2026_0701_1747_B2F.html,official_phivolcs_public_bulletin_row,not_checked_row_level; spatial_AOI_inclusion_only
PHV-0125,2026-07-02T01:48:00,5.65,125.20,9,2.7,019 km S 01° W of Glan (Sarangani),https://earthquake.phivolcs.dost.gov.ph/2026_Earthquake_Information/July/2026_0701_1748_B1F.html,official_phivolcs_public_bulletin_row,not_checked_row_level; spatial_AOI_inclusion_only
PHV-0126,2026-07-02T01:56:00,5.51,125.11,19,2.2,036 km N 73° W of Balut Island (Municipality Of Sarangani) (Davao Occidental),https://earthquake.phivolcs.dost.gov.ph/2026_Earthquake_Information/July/2026_0701_1756_B2F.html,official_phivolcs_public_bulletin_row,not_checked_row_level; spatial_AOI_inclusion_only
PHV-0127,2026-07-02T02:10:00,5.35,125.29,18,4.0,016 km S 66° W of Balut Island (Municipality Of Sarangani) (Davao Occidental),https://earthquake.phivolcs.dost.gov.ph/2026_Earthquake_Information/July/2026_0701_1810_B3F.html,official_phivolcs_public_bulletin_row,not_checked_row_level; spatial_AOI_inclusion_only
PHV-0128,2026-07-02T02:21:00,5.80,125.24,14,1.7,004 km S 62° E of Glan (Sarangani),https://earthquake.phivolcs.dost.gov.ph/2026_Earthquake_Information/July/2026_0701_1821_B1.html,official_phivolcs_public_bulletin_row,not_checked_row_level; spatial_AOI_inclusion_only
PHV-0129,2026-07-02T02:25:00,5.87,125.36,16,2.4,014 km S 33° E of Malapatan (Sarangani),https://earthquake.phivolcs.dost.gov.ph/2026_Earthquake_Information/July/2026_0701_1825_B1F.html,official_phivolcs_public_bulletin_row,not_checked_row_level; spatial_AOI_inclusion_only
PHV-0130,2026-07-02T02:28:00,5.29,125.08,33,1.5,041 km S 71° W of Balut Island (Municipality Of Sarangani) (Davao Occidental),https://earthquake.phivolcs.dost.gov.ph/2026_Earthquake_Information/July/2026_0701_1828_B1F.html,official_phivolcs_public_bulletin_row,not_checked_row_level; spatial_AOI_inclusion_only
PHV-0131,2026-07-02T02:31:00,5.69,125.23,13,2.7,035 km N 48° W of Sarangani Island (Municipality Of Sarangani) (Davao Occidental),https://earthquake.phivolcs.dost.gov.ph/2026_Earthquake_Information/July/2026_0701_1831_B2F.html,official_phivolcs_public_bulletin_row,not_checked_row_level; spatial_AOI_inclusion_only
PHV-0132,2026-07-02T02:41:00,5.56,125.32,22,2.4,020 km N 36° W of Balut Island (Municipality Of Sarangani) (Davao Occidental),https://earthquake.phivolcs.dost.gov.ph/2026_Earthquake_Information/July/2026_0701_1841_B2F.html,official_phivolcs_public_bulletin_row,not_checked_row_level; spatial_AOI_inclusion_only
PHV-0133,2026-07-02T03:01:00,5.88,125.37,25,1.4,013 km S 43° E of Malapatan (Sarangani),https://earthquake.phivolcs.dost.gov.ph/2026_Earthquake_Information/July/2026_0701_1901_B1F.html,official_phivolcs_public_bulletin_row,not_checked_row_level; spatial_AOI_inclusion_only
PHV-0134,2026-07-02T03:09:00,5.67,125.42,24,1.5,023 km N 14° W of Sarangani Island (Municipality Of Sarangani) (Davao Occidental),https://earthquake.phivolcs.dost.gov.ph/2026_Earthquake_Information/July/2026_0701_1909_B1F.html,official_phivolcs_public_bulletin_row,not_checked_row_level; spatial_AOI_inclusion_only
PHV-0135,2026-07-02T03:13:00,5.40,125.31,29,1.3,012 km S 82° W of Balut Island (Municipality Of Sarangani) (Davao Occidental),https://earthquake.phivolcs.dost.gov.ph/2026_Earthquake_Information/July/2026_0701_1913_B1F.html,official_phivolcs_public_bulletin_row,not_checked_row_level; spatial_AOI_inclusion_only
PHV-0136,2026-07-02T03:16:00,5.40,125.25,30,2.0,019 km S 85° W of Balut Island (Municipality Of Sarangani) (Davao Occidental),https://earthquake.phivolcs.dost.gov.ph/2026_Earthquake_Information/July/2026_0702_0716_B2F.html,official_phivolcs_public_bulletin_row,not_checked_row_level; spatial_AOI_inclusion_only
PHV-0137,2026-07-02T03:22:00,4.82,125.30,15,3.6,067 km S 11° W of Balut Island (Municipality Of Sarangani) (Davao Occidental),https://earthquake.phivolcs.dost.gov.ph/2026_Earthquake_Information/July/2026_0701_1922_B2F.html,official_phivolcs_public_bulletin_row,not_checked_row_level; spatial_AOI_inclusion_only
PHV-0138,2026-07-02T03:26:00,5.58,125.26,24,2.2,026 km N 44° W of Balut Island (Municipality Of Sarangani) (Davao Occidental),https://earthquake.phivolcs.dost.gov.ph/2026_Earthquake_Information/July/2026_0701_1926_B2F.html,official_phivolcs_public_bulletin_row,not_checked_row_level; spatial_AOI_inclusion_only
PHV-0139,2026-07-02T03:49:00,5.33,125.09,28,2.4,038 km S 75° W of Balut Island (Municipality Of Sarangani) (Davao Occidental),https://earthquake.phivolcs.dost.gov.ph/2026_Earthquake_Information/July/2026_0701_1949_B2F.html,official_phivolcs_public_bulletin_row,not_checked_row_level; spatial_AOI_inclusion_only
PHV-0140,2026-07-02T03:57:00,5.41,125.97,21,1.8,055 km S 83° E of Sarangani Island (Municipality Of Sarangani) (Davao Occidental),https://earthquake.phivolcs.dost.gov.ph/2026_Earthquake_Information/July/2026_0701_1957_B1.html,official_phivolcs_public_bulletin_row,not_checked_row_level; spatial_AOI_inclusion_only
PHV-0141,2026-07-02T04:37:00,5.56,125.32,7,2.0,019 km N 35° W of Balut Island (Municipality Of Sarangani) (Davao Occidental),https://earthquake.phivolcs.dost.gov.ph/2026_Earthquake_Information/July/2026_0701_2037_B2F.html,official_phivolcs_public_bulletin_row,not_checked_row_level; spatial_AOI_inclusion_only
PHV-0142,2026-07-02T04:40:00,5.61,125.11,28,2.8,025 km S 23° W of Glan (Sarangani),https://earthquake.phivolcs.dost.gov.ph/2026_Earthquake_Information/July/2026_0701_2040_B2F.html,official_phivolcs_public_bulletin_row,not_checked_row_level; spatial_AOI_inclusion_only
PHV-0143,2026-07-02T04:56:00,5.30,125.07,22,2.2,041 km S 72° W of Balut Island (Municipality Of Sarangani) (Davao Occidental),https://earthquake.phivolcs.dost.gov.ph/2026_Earthquake_Information/July/2026_0701_2056_B2F.html,official_phivolcs_public_bulletin_row,not_checked_row_level; spatial_AOI_inclusion_only
PHV-0144,2026-07-02T05:07:00,5.61,125.12,23,1.6,025 km S 20° W of Glan (Sarangani),https://earthquake.phivolcs.dost.gov.ph/2026_Earthquake_Information/July/2026_0701_2107_B2.html,official_phivolcs_public_bulletin_row,not_checked_row_level; spatial_AOI_inclusion_only
PHV-0145,2026-07-02T05:26:00,5.76,125.01,10,1.5,012 km S 05° E of Maasim (Sarangani),https://earthquake.phivolcs.dost.gov.ph/2026_Earthquake_Information/July/2026_0701_2126_B1F.html,official_phivolcs_public_bulletin_row,not_checked_row_level; spatial_AOI_inclusion_only
PHV-0146,2026-07-02T06:34:00,5.34,125.48,32,2.5,010 km S 42° E of Balut Island (Municipality Of Sarangani) (Davao Occidental),https://earthquake.phivolcs.dost.gov.ph/2026_Earthquake_Information/July/2026_0701_2234_B2F.html,official_phivolcs_public_bulletin_row,not_checked_row_level; spatial_AOI_inclusion_only
PHV-0147,2026-07-02T08:05:00,5.30,125.36,21,2.1,014 km S 31° W of Balut Island (Municipality Of Sarangani) (Davao Occidental),https://earthquake.phivolcs.dost.gov.ph/2026_Earthquake_Information/July/2026_0702_0005_B2F.html,official_phivolcs_public_bulletin_row,not_checked_row_level; spatial_AOI_inclusion_only
PHV-0148,2026-07-02T08:06:00,5.78,125.37,10,1.8,019 km S 74° E of Glan (Sarangani),https://earthquake.phivolcs.dost.gov.ph/2026_Earthquake_Information/July/2026_0702_0006_B1F.html,official_phivolcs_public_bulletin_row,not_checked_row_level; spatial_AOI_inclusion_only
PHV-0149,2026-07-02T08:13:00,5.45,125.11,19,1.8,035 km N 84° W of Balut Island (Municipality Of Sarangani) (Davao Occidental),https://earthquake.phivolcs.dost.gov.ph/2026_Earthquake_Information/July/2026_0702_0013_B1F.html,official_phivolcs_public_bulletin_row,not_checked_row_level; spatial_AOI_inclusion_only
PHV-0150,2026-07-02T08:15:00,5.30,125.32,39,1.7,016 km S 43° W of Balut Island (Municipality Of Sarangani) (Davao Occidental),https://earthquake.phivolcs.dost.gov.ph/2026_Earthquake_Information/July/2026_0702_0015_B2F.html,official_phivolcs_public_bulletin_row,not_checked_row_level; spatial_AOI_inclusion_only
PHV-0151,2026-07-02T08:52:00,5.39,125.05,10,2.1,041 km S 87° W of Balut Island (Municipality Of Sarangani) (Davao Occidental),https://earthquake.phivolcs.dost.gov.ph/2026_Earthquake_Information/July/2026_0702_0052_B1F.html,official_phivolcs_public_bulletin_row,not_checked_row_level; spatial_AOI_inclusion_only
PHV-0152,2026-07-02T09:20:00,5.60,125.34,14,1.9,020 km N 45° W of Sarangani Island (Municipality Of Sarangani) (Davao Occidental),https://earthquake.phivolcs.dost.gov.ph/2026_Earthquake_Information/July/2026_0702_0120_B1F.html,official_phivolcs_public_bulletin_row,not_checked_row_level; spatial_AOI_inclusion_only
PHV-0153,2026-07-02T09:50:00,5.69,125.13,14,1.5,017 km S 31° W of Glan (Sarangani),https://earthquake.phivolcs.dost.gov.ph/2026_Earthquake_Information/July/2026_0702_0150_B1F.html,official_phivolcs_public_bulletin_row,not_checked_row_level; spatial_AOI_inclusion_only
PHV-0154,2026-07-02T10:16:00,5.73,125.37,18,1.8,021 km S 60° E of Glan (Sarangani),https://earthquake.phivolcs.dost.gov.ph/2026_Earthquake_Information/July/2026_0702_0216_B1F.html,official_phivolcs_public_bulletin_row,not_checked_row_level; spatial_AOI_inclusion_only
PHV-0155,2026-07-02T10:23:00,5.82,125.26,4,2.3,007 km N 64° E of Glan (Sarangani),https://earthquake.phivolcs.dost.gov.ph/2026_Earthquake_Information/July/2026_0702_0223_B2F.html,official_phivolcs_public_bulletin_row,not_checked_row_level; spatial_AOI_inclusion_only
PHV-0156,2026-07-02T10:26:00,5.82,125.31,18,1.6,011 km S 87° E of Glan (Sarangani),https://earthquake.phivolcs.dost.gov.ph/2026_Earthquake_Information/July/2026_0702_0226_B1F.html,official_phivolcs_public_bulletin_row,not_checked_row_level; spatial_AOI_inclusion_only
PHV-0157,2026-07-02T10:37:00,5.89,125.40,17,2.4,015 km S 54° E of Malapatan (Sarangani),https://earthquake.phivolcs.dost.gov.ph/2026_Earthquake_Information/July/2026_0702_0237_B2F.html,official_phivolcs_public_bulletin_row,not_checked_row_level; spatial_AOI_inclusion_only
PHV-0158,2026-07-02T10:49:00,5.63,125.25,8,3.2,022 km S 13° E of Glan (Sarangani),https://earthquake.phivolcs.dost.gov.ph/2026_Earthquake_Information/July/2026_0702_0249_B2F.html,official_phivolcs_public_bulletin_row,not_checked_row_level; spatial_AOI_inclusion_only
PHV-0159,2026-07-02T10:54:00,5.42,125.16,28,1.5,029 km N 89° W of Balut Island (Municipality Of Sarangani) (Davao Occidental),https://earthquake.phivolcs.dost.gov.ph/2026_Earthquake_Information/July/2026_0702_0254_B1F.html,official_phivolcs_public_bulletin_row,not_checked_row_level; spatial_AOI_inclusion_only
PHV-0160,2026-07-02T10:56:00,5.54,125.14,11,1.7,032 km S 13° W of Glan (Sarangani),https://earthquake.phivolcs.dost.gov.ph/2026_Earthquake_Information/July/2026_0702_0256_B1F.html,official_phivolcs_public_bulletin_row,not_checked_row_level; spatial_AOI_inclusion_only
PHV-0161,2026-07-02T11:11:00,5.70,125.32,20,2.0,018 km S 45° E of Glan (Sarangani),https://earthquake.phivolcs.dost.gov.ph/2026_Earthquake_Information/July/2026_0702_031105_B2F.html,official_phivolcs_public_bulletin_row,not_checked_row_level; spatial_AOI_inclusion_only
PHV-0162,2026-07-02T11:23:00,5.65,125.12,22,2.7,021 km S 27° W of Glan (Sarangani),https://earthquake.phivolcs.dost.gov.ph/2026_Earthquake_Information/July/2026_0702_0323_B2F.html,official_phivolcs_public_bulletin_row,not_checked_row_level; spatial_AOI_inclusion_only
PHV-0163,2026-07-02T11:51:00,5.43,125.14,24,1.6,044 km S 10° W of Glan (Sarangani),https://earthquake.phivolcs.dost.gov.ph/2026_Earthquake_Information/July/2026_0702_0351_B2F.html,official_phivolcs_public_bulletin_row,not_checked_row_level; spatial_AOI_inclusion_only
PHV-0164,2026-07-02T11:57:00,5.14,125.28,8,1.8,034 km S 27° W of Balut Island (Municipality Of Sarangani) (Davao Occidental),https://earthquake.phivolcs.dost.gov.ph/2026_Earthquake_Information/July/2026_0702_0357_B1F.html,official_phivolcs_public_bulletin_row,not_checked_row_level; spatial_AOI_inclusion_only
PHV-0165,2026-07-02T12:10:00,5.51,125.45,13,2.5,005 km N 28° W of Sarangani Island (Municipality Of Sarangani) (Davao Occidental),https://earthquake.phivolcs.dost.gov.ph/2026_Earthquake_Information/July/2026_0702_0410_B1.html,official_phivolcs_public_bulletin_row,not_checked_row_level; spatial_AOI_inclusion_only
PHV-0166,2026-07-02T12:49:00,4.74,124.96,15,2.7,090 km S 35° W of Balut Island (Municipality Of Sarangani) (Davao Occidental),https://earthquake.phivolcs.dost.gov.ph/2026_Earthquake_Information/July/2026_0702_0449_B2F.html,official_phivolcs_public_bulletin_row,not_checked_row_level; spatial_AOI_inclusion_only
PHV-0167,2026-07-02T13:01:00,5.07,125.33,10,2.2,039 km S 15° W of Balut Island (Municipality Of Sarangani) (Davao Occidental),https://earthquake.phivolcs.dost.gov.ph/2026_Earthquake_Information/July/2026_0702_0501_B1F.html,official_phivolcs_public_bulletin_row,not_checked_row_level; spatial_AOI_inclusion_only
PHV-0168,2026-07-02T13:27:00,5.51,124.72,19,2.6,049 km S 38° W of Maasim (Sarangani),https://earthquake.phivolcs.dost.gov.ph/2026_Earthquake_Information/July/2026_0702_0527_B2F.html,official_phivolcs_public_bulletin_row,not_checked_row_level; spatial_AOI_inclusion_only
PHV-0169,2026-07-02T13:29:00,5.59,125.35,28,1.7,018 km N 47° W of Sarangani Island (Municipality Of Sarangani) (Davao Occidental),https://earthquake.phivolcs.dost.gov.ph/2026_Earthquake_Information/July/2026_0702_0529_B2F.html,official_phivolcs_public_bulletin_row,not_checked_row_level; spatial_AOI_inclusion_only
PHV-0170,2026-07-02T13:40:00,5.73,125.15,29,1.7,012 km S 29° W of Glan (Sarangani),https://earthquake.phivolcs.dost.gov.ph/2026_Earthquake_Information/July/2026_0702_0540_B1F.html,official_phivolcs_public_bulletin_row,not_checked_row_level; spatial_AOI_inclusion_only
PHV-0171,2026-07-02T14:00:00,5.36,125.34,27,3.4,011 km S 56° W of Balut Island (Municipality Of Sarangani) (Davao Occidental),https://earthquake.phivolcs.dost.gov.ph/2026_Earthquake_Information/July/2026_0702_0600_B2F.html,official_phivolcs_public_bulletin_row,not_checked_row_level; spatial_AOI_inclusion_only
PHV-0172,2026-07-02T14:33:00,5.57,125.31,12,2.2,021 km N 57° W of Sarangani Island (Municipality Of Sarangani) (Davao Occidental),https://earthquake.phivolcs.dost.gov.ph/2026_Earthquake_Information/July/2026_0702_0633_B2F.html,official_phivolcs_public_bulletin_row,not_checked_row_level; spatial_AOI_inclusion_only
PHV-0173,2026-07-02T14:34:00,5.69,124.91,2,3.2,021 km S 27° W of Maasim (Sarangani),https://earthquake.phivolcs.dost.gov.ph/2026_Earthquake_Information/July/2026_0702_0634_B2F.html,official_phivolcs_public_bulletin_row,not_checked_row_level; spatial_AOI_inclusion_only
PHV-0174,2026-07-02T15:13:00,5.52,125.34,16,2.0,016 km N 69° W of Sarangani Island (Municipality Of Sarangani) (Davao Occidental),https://earthquake.phivolcs.dost.gov.ph/2026_Earthquake_Information/July/2026_0702_0713_B2F.html,official_phivolcs_public_bulletin_row,not_checked_row_level; spatial_AOI_inclusion_only
PHV-0175,2026-07-02T15:33:00,5.26,125.34,4,3.7,019 km S 27° W of Balut Island (Municipality Of Sarangani) (Davao Occidental),https://earthquake.phivolcs.dost.gov.ph/2026_Earthquake_Information/July/2026_0702_0733_B2F.html,official_phivolcs_public_bulletin_row,not_checked_row_level; spatial_AOI_inclusion_only
PHV-0176,2026-07-02T15:43:00,5.60,125.44,13,3.5,015 km N 15° W of Sarangani Island (Municipality Of Sarangani) (Davao Occidental),https://earthquake.phivolcs.dost.gov.ph/2026_Earthquake_Information/July/2026_0702_0743_B2F.html,official_phivolcs_public_bulletin_row,not_checked_row_level; spatial_AOI_inclusion_only
PHV-0177,2026-07-02T15:47:00,4.82,125.41,5,3.2,065 km S 01° W of Balut Island (Municipality Of Sarangani) (Davao Occidental),https://earthquake.phivolcs.dost.gov.ph/2026_Earthquake_Information/July/2026_0702_0747_B2F.html,official_phivolcs_public_bulletin_row,not_checked_row_level; spatial_AOI_inclusion_only
PHV-0178,2026-07-02T16:12:00,5.09,125.36,6,2.4,036 km S 11° W of Balut Island (Municipality Of Sarangani) (Davao Occidental),https://earthquake.phivolcs.dost.gov.ph/2026_Earthquake_Information/July/2026_0702_0812_B1F.html,official_phivolcs_public_bulletin_row,not_checked_row_level; spatial_AOI_inclusion_only
PHV-0179,2026-07-02T16:47:00,5.66,125.20,19,2.0,018 km S 01° W of Glan (Sarangani),https://earthquake.phivolcs.dost.gov.ph/2026_Earthquake_Information/July/2026_0702_0847_B2F.html,official_phivolcs_public_bulletin_row,not_checked_row_level; spatial_AOI_inclusion_only
PHV-0180,2026-07-02T16:49:00,5.43,125.45,11,2.0,003 km N 65° E of Balut Island (Municipality Of Sarangani) (Davao Occidental),https://earthquake.phivolcs.dost.gov.ph/2026_Earthquake_Information/July/2026_0702_0849_B2F.html,official_phivolcs_public_bulletin_row,not_checked_row_level; spatial_AOI_inclusion_only
PHV-0181,2026-07-02T16:59:00,5.35,125.12,29,2.0,034 km S 79° W of Balut Island (Municipality Of Sarangani) (Davao Occidental),https://earthquake.phivolcs.dost.gov.ph/2026_Earthquake_Information/July/2026_0702_0859_B1F.html,official_phivolcs_public_bulletin_row,not_checked_row_level; spatial_AOI_inclusion_only
PHV-0182,2026-07-02T17:35:00,4.94,125.26,13,3.1,056 km S 19° W of Balut Island (Municipality Of Sarangani) (Davao Occidental),https://earthquake.phivolcs.dost.gov.ph/2026_Earthquake_Information/July/2026_0702_0935_B2F.html,official_phivolcs_public_bulletin_row,not_checked_row_level; spatial_AOI_inclusion_only
PHV-0183,2026-07-02T17:39:00,5.44,125.31,44,2.3,013 km N 79° W of Balut Island (Municipality Of Sarangani) (Davao Occidental),https://earthquake.phivolcs.dost.gov.ph/2026_Earthquake_Information/July/2026_0702_0939_B2F.html,official_phivolcs_public_bulletin_row,not_checked_row_level; spatial_AOI_inclusion_only
PHV-0184,2026-07-02T17:51:00,4.90,125.39,98,2.8,057 km S 04° W of Balut Island (Municipality Of Sarangani) (Davao Occidental),https://earthquake.phivolcs.dost.gov.ph/2026_Earthquake_Information/July/2026_0702_0951_B1F.html,official_phivolcs_public_bulletin_row,not_checked_row_level; spatial_AOI_inclusion_only
PHV-0185,2026-07-02T18:24:00,5.36,125.33,29,1.6,012 km S 63° W of Balut Island (Municipality Of Sarangani) (Davao Occidental),https://earthquake.phivolcs.dost.gov.ph/2026_Earthquake_Information/July/2026_0702_1024_B1F.html,official_phivolcs_public_bulletin_row,not_checked_row_level; spatial_AOI_inclusion_only
PHV-0186,2026-07-02T18:29:00,4.76,125.27,24,3.2,074 km S 13° W of Balut Island (Municipality Of Sarangani) (Davao Occidental),https://earthquake.phivolcs.dost.gov.ph/2026_Earthquake_Information/July/2026_0702_1029_B2F.html,official_phivolcs_public_bulletin_row,not_checked_row_level; spatial_AOI_inclusion_only
PHV-0187,2026-07-02T18:35:00,5.36,125.17,28,2.7,028 km S 79° W of Balut Island (Municipality Of Sarangani) (Davao Occidental),https://earthquake.phivolcs.dost.gov.ph/2026_Earthquake_Information/July/2026_0702_1035_B2F.html,official_phivolcs_public_bulletin_row,not_checked_row_level; spatial_AOI_inclusion_only
PHV-0188,2026-07-02T19:16:00,5.47,125.11,24,2.0,035 km N 79° W of Balut Island (Municipality Of Sarangani) (Davao Occidental),https://earthquake.phivolcs.dost.gov.ph/2026_Earthquake_Information/July/2026_0702_1116_B1F.html,official_phivolcs_public_bulletin_row,not_checked_row_level; spatial_AOI_inclusion_only
PHV-0189,2026-07-02T19:23:00,5.27,125.21,4,2.7,028 km S 57° W of Balut Island (Municipality Of Sarangani) (Davao Occidental),https://earthquake.phivolcs.dost.gov.ph/2026_Earthquake_Information/July/2026_0702_1123_B1F.html,official_phivolcs_public_bulletin_row,not_checked_row_level; spatial_AOI_inclusion_only
PHV-0190,2026-07-02T19:26:00,5.69,125.18,13,3.5,015 km S 12° W of Glan (Sarangani),https://earthquake.phivolcs.dost.gov.ph/2026_Earthquake_Information/July/2026_0702_1126_B2F.html,official_phivolcs_public_bulletin_row,not_checked_row_level; spatial_AOI_inclusion_only
PHV-0191,2026-07-02T19:31:00,5.64,125.19,12,3.6,020 km S 03° W of Glan (Sarangani),https://earthquake.phivolcs.dost.gov.ph/2026_Earthquake_Information/July/2026_0702_1131_B2F.html,official_phivolcs_public_bulletin_row,not_checked_row_level; spatial_AOI_inclusion_only
PHV-0192,2026-07-02T19:41:00,5.52,125.17,19,1.9,031 km N 67° W of Balut Island (Municipality Of Sarangani) (Davao Occidental),https://earthquake.phivolcs.dost.gov.ph/2026_Earthquake_Information/July/2026_0702_1141_B1F.html,official_phivolcs_public_bulletin_row,not_checked_row_level; spatial_AOI_inclusion_only
PHV-0193,2026-07-02T20:06:00,5.47,125.22,27,2.7,023 km N 74° W of Balut Island (Municipality Of Sarangani) (Davao Occidental),https://earthquake.phivolcs.dost.gov.ph/2026_Earthquake_Information/July/2026_0702_1206_B2F.html,official_phivolcs_public_bulletin_row,not_checked_row_level; spatial_AOI_inclusion_only
PHV-0194,2026-07-02T20:18:00,5.51,125.34,23,2.6,014 km N 41° W of Balut Island (Municipality Of Sarangani) (Davao Occidental),https://earthquake.phivolcs.dost.gov.ph/2026_Earthquake_Information/July/2026_0702_1218_B2F.html,official_phivolcs_public_bulletin_row,not_checked_row_level; spatial_AOI_inclusion_only
PHV-0195,2026-07-02T20:28:00,5.49,125.25,19,2.2,021 km N 66° W of Balut Island (Municipality Of Sarangani) (Davao Occidental),https://earthquake.phivolcs.dost.gov.ph/2026_Earthquake_Information/July/2026_0702_1228_B2F.html,official_phivolcs_public_bulletin_row,not_checked_row_level; spatial_AOI_inclusion_only
PHV-0196,2026-07-02T20:56:00,5.59,125.15,6,2.8,027 km S 14° W of Glan (Sarangani),https://earthquake.phivolcs.dost.gov.ph/2026_Earthquake_Information/July/2026_0702_1256_B2F.html,official_phivolcs_public_bulletin_row,not_checked_row_level; spatial_AOI_inclusion_only
PHV-0197,2026-07-02T21:14:00,5.36,125.26,32,1.5,019 km S 74° W of Balut Island (Municipality Of Sarangani) (Davao Occidental),https://earthquake.phivolcs.dost.gov.ph/2026_Earthquake_Information/July/2026_0702_1314_B1F.html,official_phivolcs_public_bulletin_row,not_checked_row_level; spatial_AOI_inclusion_only
PHV-0198,2026-07-02T21:25:00,6.17,125.42,18,2.5,034 km S 39° W of Malita (Davao Occidental),https://earthquake.phivolcs.dost.gov.ph/2026_Earthquake_Information/July/2026_0702_1325_B2F.html,official_phivolcs_public_bulletin_row,not_checked_row_level; spatial_AOI_inclusion_only
PHV-0199,2026-07-02T21:27:00,5.78,125.34,18,2.4,016 km S 72° E of Glan (Sarangani),https://earthquake.phivolcs.dost.gov.ph/2026_Earthquake_Information/July/2026_0702_1327_B2F.html,official_phivolcs_public_bulletin_row,not_checked_row_level; spatial_AOI_inclusion_only
PHV-0200,2026-07-02T22:08:00,5.79,125.31,17,2.1,012 km S 73° E of Glan (Sarangani),https://earthquake.phivolcs.dost.gov.ph/2026_Earthquake_Information/July/2026_0702_1408_B2F.html,official_phivolcs_public_bulletin_row,not_checked_row_level; spatial_AOI_inclusion_only
PHV-0201,2026-07-02T22:16:00,5.59,124.76,21,2.8,040 km S 41° W of Maasim (Sarangani),https://earthquake.phivolcs.dost.gov.ph/2026_Earthquake_Information/July/2026_0702_1416_B2F.html,official_phivolcs_public_bulletin_row,not_checked_row_level; spatial_AOI_inclusion_only
PHV-0202,2026-07-02T22:31:00,5.91,125.30,25,2.5,006 km S 11° E of Malapatan (Sarangani),https://earthquake.phivolcs.dost.gov.ph/2026_Earthquake_Information/July/2026_0702_1431_B1.html,official_phivolcs_public_bulletin_row,not_checked_row_level; spatial_AOI_inclusion_only
PHV-0203,2026-07-02T23:19:00,5.60,125.24,7,2.7,025 km S 08° E of Glan (Sarangani),https://earthquake.phivolcs.dost.gov.ph/2026_Earthquake_Information/July/2026_0702_1519_B2F.html,official_phivolcs_public_bulletin_row,not_checked_row_level; spatial_AOI_inclusion_only
PHV-0204,2026-07-03T00:08:00,5.70,125.31,11,1.6,030 km N 36° W of Sarangani Island (Municipality Of Sarangani) (Davao Occidental),https://earthquake.phivolcs.dost.gov.ph/2026_Earthquake_Information/July/2026_0702_1608_B2F.html,official_phivolcs_public_bulletin_row,not_checked_row_level; spatial_AOI_inclusion_only
PHV-0205,2026-07-03T00:10:00,5.40,125.42,60,1.3,001 km South of Balut Island (Municipality Of Sarangani) (Davao Occidental),https://earthquake.phivolcs.dost.gov.ph/2026_Earthquake_Information/July/2026_0702_1610_B1F.html,official_phivolcs_public_bulletin_row,not_checked_row_level; spatial_AOI_inclusion_only
PHV-0206,2026-07-03T00:26:00,5.36,125.24,28,2.4,021 km S 75° W of Balut Island (Municipality Of Sarangani) (Davao Occidental),https://earthquake.phivolcs.dost.gov.ph/2026_Earthquake_Information/July/2026_0702_1626_B2F.html,official_phivolcs_public_bulletin_row,not_checked_row_level; spatial_AOI_inclusion_only
PHV-0207,2026-07-03T00:35:00,5.59,125.30,26,1.4,024 km N 35° W of Balut Island (Municipality Of Sarangani) (Davao Occidental),https://earthquake.phivolcs.dost.gov.ph/2026_Earthquake_Information/July/2026_0702_163557_B1F.html,official_phivolcs_public_bulletin_row,not_checked_row_level; spatial_AOI_inclusion_only
PHV-0208,2026-07-03T00:39:00,5.61,125.33,22,2.2,022 km N 46° W of Sarangani Island (Municipality Of Sarangani) (Davao Occidental),https://earthquake.phivolcs.dost.gov.ph/2026_Earthquake_Information/July/2026_0702_1639_B1F.html,official_phivolcs_public_bulletin_row,not_checked_row_level; spatial_AOI_inclusion_only
PHV-0209,2026-07-03T00:43:00,5.42,125.35,22,1.9,008 km N 85° W of Balut Island (Municipality Of Sarangani) (Davao Occidental),https://earthquake.phivolcs.dost.gov.ph/2026_Earthquake_Information/July/2026_0702_1643_B2F.html,official_phivolcs_public_bulletin_row,not_checked_row_level; spatial_AOI_inclusion_only
PHV-0210,2026-07-03T00:52:00,5.59,125.13,4,2.9,027 km S 18° W of Glan (Sarangani),https://earthquake.phivolcs.dost.gov.ph/2026_Earthquake_Information/July/2026_0702_1652_B2F.html,official_phivolcs_public_bulletin_row,not_checked_row_level; spatial_AOI_inclusion_only
PHV-0211,2026-07-03T01:15:00,5.02,124.53,22,3.5,107 km S 29° W of Maasim (Sarangani),https://earthquake.phivolcs.dost.gov.ph/2026_Earthquake_Information/July/2026_0702_1715_B2F.html,official_phivolcs_public_bulletin_row,not_checked_row_level; spatial_AOI_inclusion_only
PHV-0212,2026-07-03T01:36:00,5.44,125.35,32,1.5,009 km N 73° W of Balut Island (Municipality Of Sarangani) (Davao Occidental),https://earthquake.phivolcs.dost.gov.ph/2026_Earthquake_Information/July/2026_0702_1736_B1F.html,official_phivolcs_public_bulletin_row,not_checked_row_level; spatial_AOI_inclusion_only
PHV-0213,2026-07-03T01:37:00,5.95,125.49,24,1.5,023 km S 85° E of Malapatan (Sarangani),https://earthquake.phivolcs.dost.gov.ph/2026_Earthquake_Information/July/2026_0702_1737_B1F.html,official_phivolcs_public_bulletin_row,not_checked_row_level; spatial_AOI_inclusion_only
PHV-0214,2026-07-03T01:48:00,5.56,125.20,27,1.6,029 km N 56° W of Balut Island (Municipality Of Sarangani) (Davao Occidental),https://earthquake.phivolcs.dost.gov.ph/2026_Earthquake_Information/July/2026_0702_1748_B1F.html,official_phivolcs_public_bulletin_row,not_checked_row_level; spatial_AOI_inclusion_only
PHV-0215,2026-07-03T02:01:00,5.91,125.35,8,1.5,010 km N 49° E of Glan (Sarangani),https://earthquake.phivolcs.dost.gov.ph/2026_Earthquake_Information/July/2026_0702_1801_B1F.html,official_phivolcs_public_bulletin_row,not_checked_row_level; spatial_AOI_inclusion_only
PHV-0216,2026-07-03T02:06:00,5.87,125.33,17,1.6,012 km S 22° E of Malapatan (Sarangani),https://earthquake.phivolcs.dost.gov.ph/2026_Earthquake_Information/July/2026_0702_1806_B1F.html,official_phivolcs_public_bulletin_row,not_checked_row_level; spatial_AOI_inclusion_only
PHV-0217,2026-07-03T02:13:00,5.61,125.07,43,4.1,028 km S 32° W of Glan (Sarangani),https://earthquake.phivolcs.dost.gov.ph/2026_Earthquake_Information/July/2026_0702_1813_B3F.html,official_phivolcs_public_bulletin_row,not_checked_row_level; spatial_AOI_inclusion_only
PHV-0218,2026-07-03T02:31:00,5.76,125.28,8,1.8,011 km S 54° E of Glan (Sarangani),https://earthquake.phivolcs.dost.gov.ph/2026_Earthquake_Information/July/2026_0702_1831_B2F.html,official_phivolcs_public_bulletin_row,not_checked_row_level; spatial_AOI_inclusion_only
PHV-0219,2026-07-03T02:35:00,5.90,125.37,21,1.8,012 km S 47° E of Malapatan (Sarangani),https://earthquake.phivolcs.dost.gov.ph/2026_Earthquake_Information/July/2026_0702_1835_B1F.html,official_phivolcs_public_bulletin_row,not_checked_row_level; spatial_AOI_inclusion_only
PHV-0220,2026-07-03T02:50:00,5.38,125.33,19,2.1,011 km S 69° W of Balut Island (Municipality Of Sarangani) (Davao Occidental),https://earthquake.phivolcs.dost.gov.ph/2026_Earthquake_Information/July/2026_0702_1850_B1F.html,official_phivolcs_public_bulletin_row,not_checked_row_level; spatial_AOI_inclusion_only
PHV-0221,2026-07-03T03:00:00,5.66,125.32,22,1.7,022 km S 36° E of Glan (Sarangani),https://earthquake.phivolcs.dost.gov.ph/2026_Earthquake_Information/July/2026_0702_1900_B1F.html,official_phivolcs_public_bulletin_row,not_checked_row_level; spatial_AOI_inclusion_only
PHV-0222,2026-07-03T03:04:00,5.81,125.28,16,1.5,008 km S 85° E of Glan (Sarangani),https://earthquake.phivolcs.dost.gov.ph/2026_Earthquake_Information/July/2026_0702_1904_B2F.html,official_phivolcs_public_bulletin_row,not_checked_row_level; spatial_AOI_inclusion_only
PHV-0223,2026-07-03T03:13:00,5.82,125.28,23,2.8,008 km S 89° E of Glan (Sarangani),https://earthquake.phivolcs.dost.gov.ph/2026_Earthquake_Information/July/2026_0702_1913_B2F.html,official_phivolcs_public_bulletin_row,not_checked_row_level; spatial_AOI_inclusion_only
PHV-0224,2026-07-03T03:21:00,4.99,125.47,32,3.1,047 km S 06° E of Balut Island (Municipality Of Sarangani) (Davao Occidental),https://earthquake.phivolcs.dost.gov.ph/2026_Earthquake_Information/July/2026_0702_1921_B2F.html,official_phivolcs_public_bulletin_row,not_checked_row_level; spatial_AOI_inclusion_only
PHV-0225,2026-07-03T03:36:00,5.29,125.40,53,3.5,014 km S 11° W of Balut Island (Municipality Of Sarangani) (Davao Occidental),https://earthquake.phivolcs.dost.gov.ph/2026_Earthquake_Information/July/2026_0702_1936_B2F.html,official_phivolcs_public_bulletin_row,not_checked_row_level; spatial_AOI_inclusion_only
PHV-0226,2026-07-03T03:49:00,5.98,125.43,84,2.4,015 km N 85° E of Malapatan (Sarangani),https://earthquake.phivolcs.dost.gov.ph/2026_Earthquake_Information/July/2026_0702_1949_B2F.html,official_phivolcs_public_bulletin_row,not_checked_row_level; spatial_AOI_inclusion_only
PHV-0227,2026-07-03T03:58:00,5.50,125.31,19,3.1,016 km N 49° W of Balut Island (Municipality Of Sarangani) (Davao Occidental),https://earthquake.phivolcs.dost.gov.ph/2026_Earthquake_Information/July/2026_0702_1958_B2F.html,official_phivolcs_public_bulletin_row,not_checked_row_level; spatial_AOI_inclusion_only
PHV-0228,2026-07-03T04:19:00,5.53,125.28,28,2.5,020 km N 52° W of Balut Island (Municipality Of Sarangani) (Davao Occidental),https://earthquake.phivolcs.dost.gov.ph/2026_Earthquake_Information/July/2026_0702_2019_B2F.html,official_phivolcs_public_bulletin_row,not_checked_row_level; spatial_AOI_inclusion_only
PHV-0229,2026-07-03T04:29:00,5.36,125.28,28,2.4,016 km S 69° W of Balut Island (Municipality Of Sarangani) (Davao Occidental),https://earthquake.phivolcs.dost.gov.ph/2026_Earthquake_Information/July/2026_0702_2029_B2F.html,official_phivolcs_public_bulletin_row,not_checked_row_level; spatial_AOI_inclusion_only
PHV-0230,2026-07-03T05:06:00,5.58,125.29,15,1.4,023 km N 58° W of Sarangani Island (Municipality Of Sarangani) (Davao Occidental),https://earthquake.phivolcs.dost.gov.ph/2026_Earthquake_Information/July/2026_0702_2106_B1F.html,official_phivolcs_public_bulletin_row,not_checked_row_level; spatial_AOI_inclusion_only
PHV-0231,2026-07-03T05:07:00,5.31,125.24,29,2.0,023 km S 61° W of Balut Island (Municipality Of Sarangani) (Davao Occidental),https://earthquake.phivolcs.dost.gov.ph/2026_Earthquake_Information/July/2026_0702_2107_B2F.html,official_phivolcs_public_bulletin_row,not_checked_row_level; spatial_AOI_inclusion_only
PHV-0232,2026-07-03T05:08:00,5.84,125.33,23,1.9,014 km N 84° E of Glan (Sarangani),https://earthquake.phivolcs.dost.gov.ph/2026_Earthquake_Information/July/2026_0702_2108_B1F.html,official_phivolcs_public_bulletin_row,not_checked_row_level; spatial_AOI_inclusion_only
PHV-0233,2026-07-03T05:16:00,5.60,125.35,28,1.9,019 km N 44° W of Sarangani Island (Municipality Of Sarangani) (Davao Occidental),https://earthquake.phivolcs.dost.gov.ph/2026_Earthquake_Information/July/2026_0702_2116_B1F.html,official_phivolcs_public_bulletin_row,not_checked_row_level; spatial_AOI_inclusion_only
PHV-0234,2026-07-03T05:18:00,6.04,125.62,94,2.2,015 km N 12° W of Jose Abad Santos (Davao Occidental),https://earthquake.phivolcs.dost.gov.ph/2026_Earthquake_Information/July/2026_0702_2118_B1F.html,official_phivolcs_public_bulletin_row,not_checked_row_level; spatial_AOI_inclusion_only
PHV-0235,2026-07-03T06:31:00,5.71,124.70,1,3.0,032 km S 16° E of Kiamba (Sarangani),https://earthquake.phivolcs.dost.gov.ph/2026_Earthquake_Information/July/2026_0702_2231_B2F.html,official_phivolcs_public_bulletin_row,not_checked_row_level; spatial_AOI_inclusion_only
PHV-0236,2026-07-03T06:44:00,5.48,125.32,13,2.3,040 km S 19° E of Glan (Sarangani),https://earthquake.phivolcs.dost.gov.ph/2026_Earthquake_Information/July/2026_0702_2244_B2F.html,official_phivolcs_public_bulletin_row,not_checked_row_level; spatial_AOI_inclusion_only
PHV-0237,2026-07-03T06:45:00,5.60,125.27,24,3.0,026 km N 57° W of Sarangani Island (Municipality Of Sarangani) (Davao Occidental),https://earthquake.phivolcs.dost.gov.ph/2026_Earthquake_Information/July/2026_0702_2245_B2F.html,official_phivolcs_public_bulletin_row,not_checked_row_level; spatial_AOI_inclusion_only
PHV-0238,2026-07-03T06:49:00,5.28,125.07,30,1.5,041 km S 69° W of Balut Island (Municipality Of Sarangani) (Davao Occidental),https://earthquake.phivolcs.dost.gov.ph/2026_Earthquake_Information/July/2026_0702_2249_B2F.html,official_phivolcs_public_bulletin_row,not_checked_row_level; spatial_AOI_inclusion_only
PHV-0239,2026-07-03T06:55:00,5.64,125.43,8,1.8,019 km N 16° W of Sarangani Island (Municipality Of Sarangani) (Davao Occidental),https://earthquake.phivolcs.dost.gov.ph/2026_Earthquake_Information/July/2026_0702_2255_B1F.html,official_phivolcs_public_bulletin_row,not_checked_row_level; spatial_AOI_inclusion_only
PHV-0240,2026-07-03T07:01:00,5.26,125.20,4,2.4,030 km S 54° W of Balut Island (Municipality Of Sarangani) (Davao Occidental),https://earthquake.phivolcs.dost.gov.ph/2026_Earthquake_Information/July/2026_0702_2301_B1F.html,official_phivolcs_public_bulletin_row,not_checked_row_level; spatial_AOI_inclusion_only
PHV-0241,2026-07-03T07:11:00,5.75,125.28,19,1.4,012 km S 47° E of Glan (Sarangani),https://earthquake.phivolcs.dost.gov.ph/2026_Earthquake_Information/July/2026_0702_2311_B1F.html,official_phivolcs_public_bulletin_row,not_checked_row_level; spatial_AOI_inclusion_only
PHV-0242,2026-07-03T07:33:00,5.64,125.27,18,2.8,022 km S 20° E of Glan (Sarangani),https://earthquake.phivolcs.dost.gov.ph/2026_Earthquake_Information/July/2026_0702_2333_B2F.html,official_phivolcs_public_bulletin_row,not_checked_row_level; spatial_AOI_inclusion_only
PHV-0243,2026-07-03T08:02:00,5.24,125.25,3,2.2,026 km S 45° W of Balut Island (Municipality Of Sarangani) (Davao Occidental),https://earthquake.phivolcs.dost.gov.ph/2026_Earthquake_Information/July/2026_0703_0002_B2F.html,official_phivolcs_public_bulletin_row,not_checked_row_level; spatial_AOI_inclusion_only
PHV-0244,2026-07-03T10:38:00,5.53,125.15,20,2.6,033 km S 11° W of Glan (Sarangani),https://earthquake.phivolcs.dost.gov.ph/2026_Earthquake_Information/July/2026_0703_0238_B2F.html,official_phivolcs_public_bulletin_row,not_checked_row_level; spatial_AOI_inclusion_only
PHV-0245,2026-07-03T11:27:00,5.51,125.13,10,2.5,034 km N 72° W of Balut Island (Municipality Of Sarangani) (Davao Occidental),https://earthquake.phivolcs.dost.gov.ph/2026_Earthquake_Information/July/2026_0703_0327_B2F.html,official_phivolcs_public_bulletin_row,not_checked_row_level; spatial_AOI_inclusion_only
PHV-0246,2026-07-03T12:58:00,6.17,125.83,72,3.3,015 km S 77° E of Don Marcelino (Davao Occidental),https://earthquake.phivolcs.dost.gov.ph/2026_Earthquake_Information/July/2026_0703_0458_B2.html,official_phivolcs_public_bulletin_row,not_checked_row_level; spatial_AOI_inclusion_only
PHV-0247,2026-07-03T13:30:00,5.81,125.32,20,1.7,013 km S 85° E of Glan (Sarangani),https://earthquake.phivolcs.dost.gov.ph/2026_Earthquake_Information/July/2026_0703_0530_B2F.html,official_phivolcs_public_bulletin_row,not_checked_row_level; spatial_AOI_inclusion_only
PHV-0248,2026-07-03T13:40:00,5.79,125.27,11,2.7,008 km S 64° E of Glan (Sarangani),https://earthquake.phivolcs.dost.gov.ph/2026_Earthquake_Information/July/2026_0703_0540_B2F.html,official_phivolcs_public_bulletin_row,not_checked_row_level; spatial_AOI_inclusion_only
PHV-0249,2026-07-03T13:42:00,5.93,124.86,19,1.7,017 km N 64° W of Maasim (Sarangani),https://earthquake.phivolcs.dost.gov.ph/2026_Earthquake_Information/July/2026_0703_0542_B1F.html,official_phivolcs_public_bulletin_row,not_checked_row_level; spatial_AOI_inclusion_only
PHV-0250,2026-07-03T14:33:00,5.62,125.13,12,2.1,024 km S 19° W of Glan (Sarangani),https://earthquake.phivolcs.dost.gov.ph/2026_Earthquake_Information/July/2026_0703_0633_B2F.html,official_phivolcs_public_bulletin_row,not_checked_row_level; spatial_AOI_inclusion_only
PHV-0251,2026-07-03T15:00:00,5.76,125.24,13,2.0,008 km S 29° E of Glan (Sarangani),https://earthquake.phivolcs.dost.gov.ph/2026_Earthquake_Information/July/2026_0703_0700_B2F.html,official_phivolcs_public_bulletin_row,not_checked_row_level; spatial_AOI_inclusion_only
PHV-0252,2026-07-03T15:21:00,5.69,125.22,6,3.2,015 km S 08° E of Glan (Sarangani),https://earthquake.phivolcs.dost.gov.ph/2026_Earthquake_Information/July/2026_0703_0721_B2F.html,official_phivolcs_public_bulletin_row,not_checked_row_level; spatial_AOI_inclusion_only
PHV-0253,2026-07-03T16:29:00,5.39,125.10,25,1.7,036 km S 87° W of Balut Island (Municipality Of Sarangani) (Davao Occidental),https://earthquake.phivolcs.dost.gov.ph/2026_Earthquake_Information/July/2026_0703_0829_B1F.html,official_phivolcs_public_bulletin_row,not_checked_row_level; spatial_AOI_inclusion_only
PHV-0254,2026-07-03T17:06:00,5.44,125.11,22,1.8,035 km N 85° W of Balut Island (Municipality Of Sarangani) (Davao Occidental),https://earthquake.phivolcs.dost.gov.ph/2026_Earthquake_Information/July/2026_0703_0906_B1F.html,official_phivolcs_public_bulletin_row,not_checked_row_level; spatial_AOI_inclusion_only
PHV-0255,2026-07-03T17:14:00,5.13,124.96,33,1.3,059 km S 59° W of Balut Island (Municipality Of Sarangani) (Davao Occidental),https://earthquake.phivolcs.dost.gov.ph/2026_Earthquake_Information/July/2026_0703_0914_B1F.html,official_phivolcs_public_bulletin_row,not_checked_row_level; spatial_AOI_inclusion_only
PHV-0256,2026-07-03T17:55:00,5.75,125.29,19,1.4,012 km S 50° E of Glan (Sarangani),https://earthquake.phivolcs.dost.gov.ph/2026_Earthquake_Information/July/2026_0703_0955_B1F.html,official_phivolcs_public_bulletin_row,not_checked_row_level; spatial_AOI_inclusion_only
PHV-0257,2026-07-03T18:03:00,4.93,125.37,33,1.7,054 km S 06° W of Balut Island (Municipality Of Sarangani) (Davao Occidental),https://earthquake.phivolcs.dost.gov.ph/2026_Earthquake_Information/July/2026_0703_1003_B1F.html,official_phivolcs_public_bulletin_row,not_checked_row_level; spatial_AOI_inclusion_only
PHV-0258,2026-07-03T18:05:00,5.50,125.39,29,2.4,009 km N 73° W of Sarangani Island (Municipality Of Sarangani) (Davao Occidental),https://earthquake.phivolcs.dost.gov.ph/2026_Earthquake_Information/July/2026_0703_1005_B1F.html,official_phivolcs_public_bulletin_row,not_checked_row_level; spatial_AOI_inclusion_only
PHV-0259,2026-07-03T18:08:00,4.91,125.27,16,4.0,058 km S 16° W of Balut Island (Municipality Of Sarangani) (Davao Occidental),https://earthquake.phivolcs.dost.gov.ph/2026_Earthquake_Information/July/2026_0703_1008_B3F.html,official_phivolcs_public_bulletin_row,not_checked_row_level; spatial_AOI_inclusion_only
PHV-0260,2026-07-03T18:10:00,5.01,125.35,15,4.2,045 km S 09° W of Balut Island (Municipality Of Sarangani) (Davao Occidental),https://earthquake.phivolcs.dost.gov.ph/2026_Earthquake_Information/July/2026_0703_1010_B3F.html,official_phivolcs_public_bulletin_row,not_checked_row_level; spatial_AOI_inclusion_only
PHV-0261,2026-07-03T18:17:00,5.20,125.18,3,3.5,036 km S 50° W of Balut Island (Municipality Of Sarangani) (Davao Occidental),https://earthquake.phivolcs.dost.gov.ph/2026_Earthquake_Information/July/2026_0703_1017_B2.html,official_phivolcs_public_bulletin_row,not_checked_row_level; spatial_AOI_inclusion_only
PHV-0262,2026-07-03T18:20:00,5.58,125.22,12,2.5,027 km S 05° E of Glan (Sarangani),https://earthquake.phivolcs.dost.gov.ph/2026_Earthquake_Information/July/2026_0703_1020_B1F.html,official_phivolcs_public_bulletin_row,not_checked_row_level; spatial_AOI_inclusion_only
PHV-0263,2026-07-03T18:26:00,5.36,125.31,6,1.7,013 km S 65° W of Balut Island (Municipality Of Sarangani) (Davao Occidental),https://earthquake.phivolcs.dost.gov.ph/2026_Earthquake_Information/July/2026_0703_1026_B1F.html,official_phivolcs_public_bulletin_row,not_checked_row_level; spatial_AOI_inclusion_only
PHV-0264,2026-07-03T18:27:00,5.02,125.34,33,2.2,044 km S 11° W of Balut Island (Municipality Of Sarangani) (Davao Occidental),https://earthquake.phivolcs.dost.gov.ph/2026_Earthquake_Information/July/2026_0703_1027_B1F.html,official_phivolcs_public_bulletin_row,not_checked_row_level; spatial_AOI_inclusion_only
PHV-0265,2026-07-03T18:35:00,5.28,125.28,8,2.6,021 km S 49° W of Balut Island (Municipality Of Sarangani) (Davao Occidental),https://earthquake.phivolcs.dost.gov.ph/2026_Earthquake_Information/July/2026_0703_1035_B2F.html,official_phivolcs_public_bulletin_row,not_checked_row_level; spatial_AOI_inclusion_only
PHV-0266,2026-07-03T18:40:00,5.84,125.44,17,2.0,022 km S 49° E of Malapatan (Sarangani),https://earthquake.phivolcs.dost.gov.ph/2026_Earthquake_Information/July/2026_0703_1040_B1F.html,official_phivolcs_public_bulletin_row,not_checked_row_level; spatial_AOI_inclusion_only
PHV-0267,2026-07-03T18:51:00,5.43,125.29,6,2.3,015 km N 83° W of Balut Island (Municipality Of Sarangani) (Davao Occidental),https://earthquake.phivolcs.dost.gov.ph/2026_Earthquake_Information/July/2026_0703_1051_B1F.html,official_phivolcs_public_bulletin_row,not_checked_row_level; spatial_AOI_inclusion_only
PHV-0268,2026-07-03T19:10:00,5.28,125.33,13,2.4,018 km S 34° W of Balut Island (Municipality Of Sarangani) (Davao Occidental),https://earthquake.phivolcs.dost.gov.ph/2026_Earthquake_Information/July/2026_0703_1110_B2F.html,official_phivolcs_public_bulletin_row,not_checked_row_level; spatial_AOI_inclusion_only
PHV-0269,2026-07-03T19:11:00,5.49,125.35,13,1.9,012 km N 43° W of Balut Island (Municipality Of Sarangani) (Davao Occidental),https://earthquake.phivolcs.dost.gov.ph/2026_Earthquake_Information/July/2026_0703_1111_B1F.html,official_phivolcs_public_bulletin_row,not_checked_row_level; spatial_AOI_inclusion_only
PHV-0270,2026-07-03T19:16:00,5.73,125.32,28,1.9,016 km S 54° E of Glan (Sarangani),https://earthquake.phivolcs.dost.gov.ph/2026_Earthquake_Information/July/2026_0703_1116_B2F.html,official_phivolcs_public_bulletin_row,not_checked_row_level; spatial_AOI_inclusion_only
PHV-0271,2026-07-03T19:17:00,6.10,125.64,94,1.8,012 km S 32° W of Don Marcelino (Davao Occidental),https://earthquake.phivolcs.dost.gov.ph/2026_Earthquake_Information/July/2026_0703_1117_B1F.html,official_phivolcs_public_bulletin_row,not_checked_row_level; spatial_AOI_inclusion_only
PHV-0272,2026-07-03T19:20:00,5.26,125.39,1,3.6,018 km S 11° W of Balut Island (Municipality Of Sarangani) (Davao Occidental),https://earthquake.phivolcs.dost.gov.ph/2026_Earthquake_Information/July/2026_0703_1120_B2.html,official_phivolcs_public_bulletin_row,not_checked_row_level; spatial_AOI_inclusion_only
PHV-0273,2026-07-03T19:31:00,5.54,125.00,21,1.9,035 km S 01° E of Maasim (Sarangani),https://earthquake.phivolcs.dost.gov.ph/2026_Earthquake_Information/July/2026_0703_1131_B1F.html,official_phivolcs_public_bulletin_row,not_checked_row_level; spatial_AOI_inclusion_only
PHV-0274,2026-07-03T19:37:00,5.65,125.42,20,1.4,021 km N 16° W of Sarangani Island (Municipality Of Sarangani) (Davao Occidental),https://earthquake.phivolcs.dost.gov.ph/2026_Earthquake_Information/July/2026_0703_1137_B1F.html,official_phivolcs_public_bulletin_row,not_checked_row_level; spatial_AOI_inclusion_only
PHV-0275,2026-07-03T19:38:00,5.26,125.22,16,1.9,028 km S 53° W of Balut Island (Municipality Of Sarangani) (Davao Occidental),https://earthquake.phivolcs.dost.gov.ph/2026_Earthquake_Information/July/2026_0703_1138_B1F.html,official_phivolcs_public_bulletin_row,not_checked_row_level; spatial_AOI_inclusion_only
PHV-0276,2026-07-03T19:40:00,6.10,125.58,87,1.7,017 km S 49° W of Don Marcelino (Davao Occidental),https://earthquake.phivolcs.dost.gov.ph/2026_Earthquake_Information/July/2026_0703_1140_B1F.html,official_phivolcs_public_bulletin_row,not_checked_row_level; spatial_AOI_inclusion_only
PHV-0277,2026-07-03T19:44:00,6.10,125.71,105,1.8,011 km S 07° E of Don Marcelino (Davao Occidental),https://earthquake.phivolcs.dost.gov.ph/2026_Earthquake_Information/July/2026_0703_114443_B1F.html,official_phivolcs_public_bulletin_row,not_checked_row_level; spatial_AOI_inclusion_only
PHV-0278,2026-07-03T19:44:00,5.97,125.35,21,1.5,006 km S 86° E of Malapatan (Sarangani),https://earthquake.phivolcs.dost.gov.ph/2026_Earthquake_Information/July/2026_0703_114410_B1F.html,official_phivolcs_public_bulletin_row,not_checked_row_level; spatial_AOI_inclusion_only
PHV-0279,2026-07-03T19:51:00,5.06,125.14,1,4.3,050 km S 39° W of Balut Island (Municipality Of Sarangani) (Davao Occidental),https://earthquake.phivolcs.dost.gov.ph/2026_Earthquake_Information/July/2026_0703_1151_B2.html,official_phivolcs_public_bulletin_row,not_checked_row_level; spatial_AOI_inclusion_only
PHV-0280,2026-07-03T19:59:00,6.10,125.67,86,1.8,011 km S 14° W of Don Marcelino (Davao Occidental),https://earthquake.phivolcs.dost.gov.ph/2026_Earthquake_Information/July/2026_0703_1159_B1F.html,official_phivolcs_public_bulletin_row,not_checked_row_level; spatial_AOI_inclusion_only
PHV-0281,2026-07-03T20:00:00,5.35,125.49,28,1.4,010 km S 47° E of Balut Island (Municipality Of Sarangani) (Davao Occidental),https://earthquake.phivolcs.dost.gov.ph/2026_Earthquake_Information/July/2026_0703_1200_B1F.html,official_phivolcs_public_bulletin_row,not_checked_row_level; spatial_AOI_inclusion_only
PHV-0282,2026-07-03T20:03:00,5.24,125.55,33,1.9,024 km S 36° E of Balut Island (Municipality Of Sarangani) (Davao Occidental),https://earthquake.phivolcs.dost.gov.ph/2026_Earthquake_Information/July/2026_0703_1203_B1F.html,official_phivolcs_public_bulletin_row,not_checked_row_level; spatial_AOI_inclusion_only
PHV-0283,2026-07-03T20:14:00,5.53,125.29,3,3.0,020 km N 48° W of Balut Island (Municipality Of Sarangani) (Davao Occidental),https://earthquake.phivolcs.dost.gov.ph/2026_Earthquake_Information/July/2026_0703_1214_B2F.html,official_phivolcs_public_bulletin_row,not_checked_row_level; spatial_AOI_inclusion_only
PHV-0284,2026-07-03T20:19:00,5.81,125.29,22,1.7,010 km S 81° E of Glan (Sarangani),https://earthquake.phivolcs.dost.gov.ph/2026_Earthquake_Information/July/2026_0703_1219_B2F.html,official_phivolcs_public_bulletin_row,not_checked_row_level; spatial_AOI_inclusion_only
PHV-0285,2026-07-03T20:23:00,5.84,125.38,27,1.6,018 km S 35° E of Malapatan (Sarangani),https://earthquake.phivolcs.dost.gov.ph/2026_Earthquake_Information/July/2026_0703_1223_B1F.html,official_phivolcs_public_bulletin_row,not_checked_row_level; spatial_AOI_inclusion_only
PHV-0286,2026-07-03T21:00:00,5.44,125.22,48,2.0,023 km N 83° W of Balut Island (Municipality Of Sarangani) (Davao Occidental),https://earthquake.phivolcs.dost.gov.ph/2026_Earthquake_Information/July/2026_0703_1300_B2F.html,official_phivolcs_public_bulletin_row,not_checked_row_level; spatial_AOI_inclusion_only
PHV-0287,2026-07-03T21:09:00,5.37,125.43,33,2.3,005 km S 11° E of Balut Island (Municipality Of Sarangani) (Davao Occidental),https://earthquake.phivolcs.dost.gov.ph/2026_Earthquake_Information/July/2026_0703_1309_B1F.html,official_phivolcs_public_bulletin_row,not_checked_row_level; spatial_AOI_inclusion_only
PHV-0288,2026-07-03T21:10:00,5.36,125.25,48,2.0,019 km S 74° W of Balut Island (Municipality Of Sarangani) (Davao Occidental),https://earthquake.phivolcs.dost.gov.ph/2026_Earthquake_Information/July/2026_0703_1310_B2F.html,official_phivolcs_public_bulletin_row,not_checked_row_level; spatial_AOI_inclusion_only
PHV-0289,2026-07-03T21:11:00,5.99,125.59,92,1.6,010 km N 32° W of Jose Abad Santos (Davao Occidental),https://earthquake.phivolcs.dost.gov.ph/2026_Earthquake_Information/July/2026_0703_1311_B1.html,official_phivolcs_public_bulletin_row,not_checked_row_level; spatial_AOI_inclusion_only
PHV-0290,2026-07-03T21:23:00,5.27,125.21,1,3.1,029 km S 56° W of Balut Island (Municipality Of Sarangani) (Davao Occidental),https://earthquake.phivolcs.dost.gov.ph/2026_Earthquake_Information/July/2026_0703_1323_B2F.html,official_phivolcs_public_bulletin_row,not_checked_row_level; spatial_AOI_inclusion_only
PHV-0291,2026-07-03T21:42:00,5.54,125.27,21,1.7,022 km N 50° W of Balut Island (Municipality Of Sarangani) (Davao Occidental),https://earthquake.phivolcs.dost.gov.ph/2026_Earthquake_Information/July/2026_0703_1342_B1F.html,official_phivolcs_public_bulletin_row,not_checked_row_level; spatial_AOI_inclusion_only
PHV-0292,2026-07-03T22:05:00,4.89,125.34,8,3.1,058 km S 09° W of Balut Island (Municipality Of Sarangani) (Davao Occidental),https://earthquake.phivolcs.dost.gov.ph/2026_Earthquake_Information/July/2026_0703_1405_B2.html,official_phivolcs_public_bulletin_row,not_checked_row_level; spatial_AOI_inclusion_only
PHV-0293,2026-07-03T22:57:00,5.47,125.24,11,2.4,021 km N 73° W of Balut Island (Municipality Of Sarangani) (Davao Occidental),https://earthquake.phivolcs.dost.gov.ph/2026_Earthquake_Information/July/2026_0703_1457_B2F.html,official_phivolcs_public_bulletin_row,not_checked_row_level; spatial_AOI_inclusion_only
PHV-0294,2026-07-03T23:02:00,5.90,124.71,30,1.7,013 km S 44° E of Kiamba (Sarangani),https://earthquake.phivolcs.dost.gov.ph/2026_Earthquake_Information/July/2026_0703_1502_B2F.html,official_phivolcs_public_bulletin_row,not_checked_row_level; spatial_AOI_inclusion_only
PHV-0295,2026-07-03T23:08:00,5.48,125.24,19,2.8,021 km N 70° W of Balut Island (Municipality Of Sarangani) (Davao Occidental),https://earthquake.phivolcs.dost.gov.ph/2026_Earthquake_Information/July/2026_0703_1508_B1F.html,official_phivolcs_public_bulletin_row,not_checked_row_level; spatial_AOI_inclusion_only
PHV-0296,2026-07-03T23:24:00,5.43,125.29,38,1.8,014 km N 81° W of Balut Island (Municipality Of Sarangani) (Davao Occidental),https://earthquake.phivolcs.dost.gov.ph/2026_Earthquake_Information/July/2026_0703_1524_B2F.html,official_phivolcs_public_bulletin_row,not_checked_row_level; spatial_AOI_inclusion_only
PHV-0297,2026-07-03T23:25:00,5.93,125.39,9,1.9,012 km S 68° E of Malapatan (Sarangani),https://earthquake.phivolcs.dost.gov.ph/2026_Earthquake_Information/July/2026_0703_1525_B1F.html,official_phivolcs_public_bulletin_row,not_checked_row_level; spatial_AOI_inclusion_only
PHV-0298,2026-07-03T23:40:00,5.36,125.17,39,2.6,029 km S 79° W of Balut Island (Municipality Of Sarangani) (Davao Occidental),https://earthquake.phivolcs.dost.gov.ph/2026_Earthquake_Information/July/2026_0703_1540_B2F.html,official_phivolcs_public_bulletin_row,not_checked_row_level; spatial_AOI_inclusion_only
PHV-0299,2026-07-03T23:49:00,5.38,125.08,22,2.0,038 km S 85° W of Balut Island (Municipality Of Sarangani) (Davao Occidental),https://earthquake.phivolcs.dost.gov.ph/2026_Earthquake_Information/July/2026_0703_1549_B1F.html,official_phivolcs_public_bulletin_row,not_checked_row_level; spatial_AOI_inclusion_only
PHV-0300,2026-07-04T00:24:00,6.12,125.43,26,1.4,015 km N 82° E of Alabel (Sarangani),https://earthquake.phivolcs.dost.gov.ph/2026_Earthquake_Information/July/2026_0703_1624_B1F.html,official_phivolcs_public_bulletin_row,not_checked_row_level; spatial_AOI_inclusion_only
PHV-0301,2026-07-04T00:28:00,5.46,125.37,32,1.9,007 km N 50° W of Balut Island (Municipality Of Sarangani) (Davao Occidental),https://earthquake.phivolcs.dost.gov.ph/2026_Earthquake_Information/July/2026_0703_1628_B1F.html,official_phivolcs_public_bulletin_row,not_checked_row_level; spatial_AOI_inclusion_only
PHV-0302,2026-07-04T00:30:00,5.82,125.37,22,1.3,018 km S 88° E of Glan (Sarangani),https://earthquake.phivolcs.dost.gov.ph/2026_Earthquake_Information/July/2026_0703_1630_B1F.html,official_phivolcs_public_bulletin_row,not_checked_row_level; spatial_AOI_inclusion_only
PHV-0303,2026-07-04T00:51:00,5.67,125.27,18,2.4,018 km S 23° E of Glan (Sarangani),https://earthquake.phivolcs.dost.gov.ph/2026_Earthquake_Information/July/2026_0703_1651_B2.html,official_phivolcs_public_bulletin_row,not_checked_row_level; spatial_AOI_inclusion_only
PHV-0304,2026-07-04T01:16:00,4.66,125.40,10,2.6,084 km S 02° W of Balut Island (Municipality Of Sarangani) (Davao Occidental),https://earthquake.phivolcs.dost.gov.ph/2026_Earthquake_Information/July/2026_0703_1716_B1F.html,official_phivolcs_public_bulletin_row,not_checked_row_level; spatial_AOI_inclusion_only
PHV-0305,2026-07-04T01:23:00,5.39,125.39,29,2.1,005 km S 55° W of Balut Island (Municipality Of Sarangani) (Davao Occidental),https://earthquake.phivolcs.dost.gov.ph/2026_Earthquake_Information/July/2026_0703_172312_B1F.html,official_phivolcs_public_bulletin_row,not_checked_row_level; spatial_AOI_inclusion_only
PHV-0306,2026-07-04T01:40:00,6.19,125.29,112,2.1,010 km N 01° E of Alabel (Sarangani),https://earthquake.phivolcs.dost.gov.ph/2026_Earthquake_Information/July/2026_0703_174050_B1F.html,official_phivolcs_public_bulletin_row,not_checked_row_level; spatial_AOI_inclusion_only
PHV-0307,2026-07-04T01:40:00,5.85,125.33,24,1.5,014 km N 79° E of Glan (Sarangani),https://earthquake.phivolcs.dost.gov.ph/2026_Earthquake_Information/July/2026_0703_174012_B2F.html,official_phivolcs_public_bulletin_row,not_checked_row_level; spatial_AOI_inclusion_only
PHV-0308,2026-07-04T01:43:00,5.82,125.19,25,1.8,002 km S 68° W of Glan (Sarangani),https://earthquake.phivolcs.dost.gov.ph/2026_Earthquake_Information/July/2026_0703_1743_B1F.html,official_phivolcs_public_bulletin_row,not_checked_row_level; spatial_AOI_inclusion_only
PHV-0309,2026-07-04T01:54:00,6.00,125.58,3,1.3,012 km N 35° W of Jose Abad Santos (Davao Occidental),https://earthquake.phivolcs.dost.gov.ph/2026_Earthquake_Information/July/2026_0703_1754_B1F.html,official_phivolcs_public_bulletin_row,not_checked_row_level; spatial_AOI_inclusion_only
PHV-0310,2026-07-04T01:59:00,5.80,125.25,24,2.4,005 km S 65° E of Glan (Sarangani),https://earthquake.phivolcs.dost.gov.ph/2026_Earthquake_Information/July/2026_0703_175911_B1F.html,official_phivolcs_public_bulletin_row,not_checked_row_level; spatial_AOI_inclusion_only
PHV-0311,2026-07-04T02:12:00,5.10,125.32,5,2.0,035 km S 19° W of Balut Island (Municipality Of Sarangani) (Davao Occidental),https://earthquake.phivolcs.dost.gov.ph/2026_Earthquake_Information/July/2026_0703_1812_B2F.html,official_phivolcs_public_bulletin_row,not_checked_row_level; spatial_AOI_inclusion_only
PHV-0312,2026-07-04T02:30:00,5.66,125.23,45,1.2,018 km S 09° E of Glan (Sarangani),https://earthquake.phivolcs.dost.gov.ph/2026_Earthquake_Information/July/2026_0703_1830_B1F.html,official_phivolcs_public_bulletin_row,not_checked_row_level; spatial_AOI_inclusion_only
PHV-0313,2026-07-04T02:37:00,5.28,125.11,29,2.7,038 km S 68° W of Balut Island (Municipality Of Sarangani) (Davao Occidental),https://earthquake.phivolcs.dost.gov.ph/2026_Earthquake_Information/July/2026_0703_1837_B2F.html,official_phivolcs_public_bulletin_row,not_checked_row_level; spatial_AOI_inclusion_only
PHV-0314,2026-07-04T03:09:00,5.36,125.03,49,4.7,043 km S 82° W of Balut Island (Municipality Of Sarangani) (Davao Occidental),https://earthquake.phivolcs.dost.gov.ph/2026_Earthquake_Information/July/2026_0703_1909_B2F.html,official_phivolcs_public_bulletin_row,not_checked_row_level; spatial_AOI_inclusion_only
PHV-0315,2026-07-04T03:36:00,5.33,125.19,18,2.1,027 km S 72° W of Balut Island (Municipality Of Sarangani) (Davao Occidental),https://earthquake.phivolcs.dost.gov.ph/2026_Earthquake_Information/July/2026_0703_1936_B1F.html,official_phivolcs_public_bulletin_row,not_checked_row_level; spatial_AOI_inclusion_only
PHV-0316,2026-07-04T03:41:00,4.83,125.31,45,3.0,066 km S 11° W of Balut Island (Municipality Of Sarangani) (Davao Occidental),https://earthquake.phivolcs.dost.gov.ph/2026_Earthquake_Information/July/2026_0703_1941_B2F.html,official_phivolcs_public_bulletin_row,not_checked_row_level; spatial_AOI_inclusion_only
PHV-0317,2026-07-04T03:50:00,5.32,125.18,38,4.0,029 km S 69° W of Balut Island (Municipality Of Sarangani) (Davao Occidental),https://earthquake.phivolcs.dost.gov.ph/2026_Earthquake_Information/July/2026_0703_1950_B2F.html,official_phivolcs_public_bulletin_row,not_checked_row_level; spatial_AOI_inclusion_only
PHV-0318,2026-07-04T03:59:00,5.93,125.38,20,1.5,011 km S 68° E of Malapatan (Sarangani),https://earthquake.phivolcs.dost.gov.ph/2026_Earthquake_Information/July/2026_0703_195931_B1F.html,official_phivolcs_public_bulletin_row,not_checked_row_level; spatial_AOI_inclusion_only
PHV-0319,2026-07-04T03:59:00,5.82,125.19,23,1.3,001 km S 67° W of Glan (Sarangani),https://earthquake.phivolcs.dost.gov.ph/2026_Earthquake_Information/July/2026_0703_195901_B1F.html,official_phivolcs_public_bulletin_row,not_checked_row_level; spatial_AOI_inclusion_only
PHV-0320,2026-07-04T04:24:00,5.69,125.30,10,1.7,018 km S 36° E of Glan (Sarangani),https://earthquake.phivolcs.dost.gov.ph/2026_Earthquake_Information/July/2026_0703_2024_B2.html,official_phivolcs_public_bulletin_row,not_checked_row_level; spatial_AOI_inclusion_only
PHV-0321,2026-07-04T04:27:00,5.65,125.35,21,2.1,024 km N 35° W of Sarangani Island (Municipality Of Sarangani) (Davao Occidental),https://earthquake.phivolcs.dost.gov.ph/2026_Earthquake_Information/July/2026_0703_2027_B1F.html,official_phivolcs_public_bulletin_row,not_checked_row_level; spatial_AOI_inclusion_only
PHV-0322,2026-07-04T04:28:00,5.89,125.31,21,1.4,010 km S 17° E of Malapatan (Sarangani),https://earthquake.phivolcs.dost.gov.ph/2026_Earthquake_Information/July/2026_0703_2028_B1F.html,official_phivolcs_public_bulletin_row,not_checked_row_level; spatial_AOI_inclusion_only
PHV-0323,2026-07-04T04:32:00,5.57,125.04,22,2.6,033 km S 08° E of Maasim (Sarangani),https://earthquake.phivolcs.dost.gov.ph/2026_Earthquake_Information/July/2026_0703_2032_B2.html,official_phivolcs_public_bulletin_row,not_checked_row_level; spatial_AOI_inclusion_only
PHV-0324,2026-07-04T04:38:00,5.68,125.35,26,1.5,022 km S 45° E of Glan (Sarangani),https://earthquake.phivolcs.dost.gov.ph/2026_Earthquake_Information/July/2026_0703_2038_B1F.html,official_phivolcs_public_bulletin_row,not_checked_row_level; spatial_AOI_inclusion_only
PHV-0325,2026-07-04T04:49:00,5.79,125.32,23,2.0,013 km S 74° E of Glan (Sarangani),https://earthquake.phivolcs.dost.gov.ph/2026_Earthquake_Information/July/2026_0703_2049_B2F.html,official_phivolcs_public_bulletin_row,not_checked_row_level; spatial_AOI_inclusion_only
PHV-0326,2026-07-04T05:02:00,5.42,125.23,16,1.6,022 km N 89° W of Balut Island (Municipality Of Sarangani) (Davao Occidental),https://earthquake.phivolcs.dost.gov.ph/2026_Earthquake_Information/July/2026_0703_2102_B1F.html,official_phivolcs_public_bulletin_row,not_checked_row_level; spatial_AOI_inclusion_only
PHV-0327,2026-07-04T05:06:00,5.40,125.26,46,1.8,018 km S 84° W of Balut Island (Municipality Of Sarangani) (Davao Occidental),https://earthquake.phivolcs.dost.gov.ph/2026_Earthquake_Information/July/2026_0703_2106_B2F.html,official_phivolcs_public_bulletin_row,not_checked_row_level; spatial_AOI_inclusion_only
PHV-0328,2026-07-04T05:09:00,5.59,125.31,19,2.1,022 km N 55° W of Sarangani Island (Municipality Of Sarangani) (Davao Occidental),https://earthquake.phivolcs.dost.gov.ph/2026_Earthquake_Information/July/2026_0703_2109_B1F.html,official_phivolcs_public_bulletin_row,not_checked_row_level; spatial_AOI_inclusion_only
PHV-0329,2026-07-04T05:27:00,5.67,125.17,5,1.7,017 km S 13° W of Glan (Sarangani),https://earthquake.phivolcs.dost.gov.ph/2026_Earthquake_Information/July/2026_0703_2127_B2.html,official_phivolcs_public_bulletin_row,not_checked_row_level; spatial_AOI_inclusion_only
PHV-0330,2026-07-04T06:27:00,5.39,125.43,31,2.2,002 km S 27° E of Balut Island (Municipality Of Sarangani) (Davao Occidental),https://earthquake.phivolcs.dost.gov.ph/2026_Earthquake_Information/July/2026_0703_2227_B1F.html,official_phivolcs_public_bulletin_row,not_checked_row_level; spatial_AOI_inclusion_only
PHV-0331,2026-07-04T06:48:00,5.82,125.35,12,2.0,016 km S 88° E of Glan (Sarangani),https://earthquake.phivolcs.dost.gov.ph/2026_Earthquake_Information/July/2026_0703_2248_B2F.html,official_phivolcs_public_bulletin_row,not_checked_row_level; spatial_AOI_inclusion_only
PHV-0332,2026-07-04T06:53:00,5.59,125.37,63,1.9,017 km N 43° W of Sarangani Island (Municipality Of Sarangani) (Davao Occidental),https://earthquake.phivolcs.dost.gov.ph/2026_Earthquake_Information/July/2026_0703_2253_B2F.html,official_phivolcs_public_bulletin_row,not_checked_row_level; spatial_AOI_inclusion_only
PHV-0333,2026-07-04T07:28:00,6.03,125.29,30,1.5,007 km N 02° W of Malapatan (Sarangani),https://earthquake.phivolcs.dost.gov.ph/2026_Earthquake_Information/July/2026_0703_2328_B2F.html,official_phivolcs_public_bulletin_row,not_checked_row_level; spatial_AOI_inclusion_only
PHV-0334,2026-07-04T08:30:00,5.85,125.93,89,2.8,033 km S 77° E of Jose Abad Santos (Davao Occidental),https://earthquake.phivolcs.dost.gov.ph/2026_Earthquake_Information/July/2026_0704_0030_B2.html,official_phivolcs_public_bulletin_row,not_checked_row_level; spatial_AOI_inclusion_only
PHV-0335,2026-07-04T10:03:00,5.37,125.03,29,1.7,043 km S 84° W of Balut Island (Municipality Of Sarangani) (Davao Occidental),https://earthquake.phivolcs.dost.gov.ph/2026_Earthquake_Information/July/2026_0704_020329_B1F.html,official_phivolcs_public_bulletin_row,not_checked_row_level; spatial_AOI_inclusion_only
PHV-0336,2026-07-04T10:13:00,5.44,125.32,2,3.9,011 km N 77° W of Balut Island (Municipality Of Sarangani) (Davao Occidental),https://earthquake.phivolcs.dost.gov.ph/2026_Earthquake_Information/July/2026_0704_0213_B2F.html,official_phivolcs_public_bulletin_row,not_checked_row_level; spatial_AOI_inclusion_only
PHV-0337,2026-07-04T10:21:00,5.27,125.36,1,5.1,017 km S 24° W of Balut Island (Municipality Of Sarangani) (Davao Occidental),https://earthquake.phivolcs.dost.gov.ph/2026_Earthquake_Information/July/2026_0704_0221_B3F.html,official_phivolcs_public_bulletin_row,not_checked_row_level; spatial_AOI_inclusion_only
PHV-0338,2026-07-04T10:39:00,5.24,125.26,3,2.6,026 km S 42° W of Balut Island (Municipality Of Sarangani) (Davao Occidental),https://earthquake.phivolcs.dost.gov.ph/2026_Earthquake_Information/July/2026_0704_0239_B2F.html,official_phivolcs_public_bulletin_row,not_checked_row_level; spatial_AOI_inclusion_only
PHV-0339,2026-07-04T10:49:00,5.16,125.33,2,2.1,056 km S 03° W of Balut Island (Municipality Of Sarangani) (Davao Occidental),https://earthquake.phivolcs.dost.gov.ph/2026_Earthquake_Information/July/2026_0704_0249_B2F.html,official_phivolcs_public_bulletin_row,not_checked_row_level; spatial_AOI_inclusion_only
PHV-0340,2026-07-04T10:51:00,5.77,125.62,9,1.3,016 km S 11° W of Jose Abad Santos (Davao Occidental),https://earthquake.phivolcs.dost.gov.ph/2026_Earthquake_Information/July/2026_0704_0251_B1.html,official_phivolcs_public_bulletin_row,not_checked_row_level; spatial_AOI_inclusion_only
PHV-0341,2026-07-04T10:56:00,5.63,125.35,7,2.8,022 km N 37° W of Sarangani Island (Municipality Of Sarangani) (Davao Occidental),https://earthquake.phivolcs.dost.gov.ph/2026_Earthquake_Information/July/2026_0704_0256_B2F.html,official_phivolcs_public_bulletin_row,not_checked_row_level; spatial_AOI_inclusion_only
PHV-0342,2026-07-04T10:58:00,5.83,125.61,14,2.1,010 km S 20° W of Jose Abad Santos (Davao Occidental),https://earthquake.phivolcs.dost.gov.ph/2026_Earthquake_Information/July/2026_0704_0258_B1F.html,official_phivolcs_public_bulletin_row,not_checked_row_level; spatial_AOI_inclusion_only
PHV-0343,2026-07-04T11:00:00,5.94,125.49,21,2.1,029 km S 50° E of Alabel (Sarangani),https://earthquake.phivolcs.dost.gov.ph/2026_Earthquake_Information/July/2026_0704_0300_B2.html,official_phivolcs_public_bulletin_row,not_checked_row_level; spatial_AOI_inclusion_only
PHV-0344,2026-07-04T11:02:00,5.15,125.38,2,2.3,029 km S 10° W of Balut Island (Municipality Of Sarangani) (Davao Occidental),https://earthquake.phivolcs.dost.gov.ph/2026_Earthquake_Information/July/2026_0704_0302_B2F.html,official_phivolcs_public_bulletin_row,not_checked_row_level; spatial_AOI_inclusion_only
PHV-0345,2026-07-04T11:04:00,5.46,125.31,32,1.9,014 km N 68° W of Balut Island (Municipality Of Sarangani) (Davao Occidental),https://earthquake.phivolcs.dost.gov.ph/2026_Earthquake_Information/July/2026_0704_0304_B2F.html,official_phivolcs_public_bulletin_row,not_checked_row_level; spatial_AOI_inclusion_only
PHV-0346,2026-07-04T11:07:00,5.71,125.35,9,2.6,020 km S 54° E of Glan (Sarangani),https://earthquake.phivolcs.dost.gov.ph/2026_Earthquake_Information/July/2026_0704_0307_B1F.html,official_phivolcs_public_bulletin_row,not_checked_row_level; spatial_AOI_inclusion_only
PHV-0347,2026-07-04T11:10:00,5.64,125.33,5,2.3,024 km N 40° W of Sarangani Island (Municipality Of Sarangani) (Davao Occidental),https://earthquake.phivolcs.dost.gov.ph/2026_Earthquake_Information/July/2026_0704_0310_B1F.html,official_phivolcs_public_bulletin_row,not_checked_row_level; spatial_AOI_inclusion_only
PHV-0348,2026-07-04T11:14:00,5.67,125.33,7,1.7,022 km S 38° E of Glan (Sarangani),https://earthquake.phivolcs.dost.gov.ph/2026_Earthquake_Information/July/2026_0704_0314_B1F.html,official_phivolcs_public_bulletin_row,not_checked_row_level; spatial_AOI_inclusion_only
PHV-0349,2026-07-04T11:15:00,5.72,125.49,14,2.2,027 km N 05° E of Sarangani Island (Municipality Of Sarangani) (Davao Occidental),https://earthquake.phivolcs.dost.gov.ph/2026_Earthquake_Information/July/2026_0704_0315_B2F.html,official_phivolcs_public_bulletin_row,not_checked_row_level; spatial_AOI_inclusion_only
PHV-0350,2026-07-04T11:26:00,5.50,125.36,32,2.0,012 km N 36° W of Balut Island (Municipality Of Sarangani) (Davao Occidental),https://earthquake.phivolcs.dost.gov.ph/2026_Earthquake_Information/July/2026_0704_0326_B2F.html,official_phivolcs_public_bulletin_row,not_checked_row_level; spatial_AOI_inclusion_only
PHV-0351,2026-07-04T11:33:00,5.76,125.35,11,2.0,018 km S 69° E of Glan (Sarangani),https://earthquake.phivolcs.dost.gov.ph/2026_Earthquake_Information/July/2026_0704_0333_B2F.html,official_phivolcs_public_bulletin_row,not_checked_row_level; spatial_AOI_inclusion_only
PHV-0352,2026-07-04T11:34:00,4.24,125.43,29,1.6,130 km S 01° E of Balut Island (Municipality Of Sarangani) (Davao Occidental),https://earthquake.phivolcs.dost.gov.ph/2026_Earthquake_Information/July/2026_0704_0334_B1F.html,official_phivolcs_public_bulletin_row,not_checked_row_level; spatial_AOI_inclusion_only
PHV-0353,2026-07-04T11:35:00,5.72,125.30,10,2.0,015 km S 43° E of Glan (Sarangani),https://earthquake.phivolcs.dost.gov.ph/2026_Earthquake_Information/July/2026_0704_0335_B1F.html,official_phivolcs_public_bulletin_row,not_checked_row_level; spatial_AOI_inclusion_only
PHV-0354,2026-07-04T11:44:00,5.81,125.23,26,2.1,003 km S 53° E of Glan (Sarangani),https://earthquake.phivolcs.dost.gov.ph/2026_Earthquake_Information/July/2026_0704_0344_B1F.html,official_phivolcs_public_bulletin_row,not_checked_row_level; spatial_AOI_inclusion_only
PHV-0355,2026-07-04T11:46:00,5.35,125.19,24,1.4,027 km S 75° W of Balut Island (Municipality Of Sarangani) (Davao Occidental),https://earthquake.phivolcs.dost.gov.ph/2026_Earthquake_Information/July/2026_0704_0346_B2F.html,official_phivolcs_public_bulletin_row,not_checked_row_level; spatial_AOI_inclusion_only
PHV-0356,2026-07-04T11:51:00,5.50,125.33,3,2.6,014 km N 46° W of Balut Island (Municipality Of Sarangani) (Davao Occidental),https://earthquake.phivolcs.dost.gov.ph/2026_Earthquake_Information/July/2026_0704_0351_B2F.html,official_phivolcs_public_bulletin_row,not_checked_row_level; spatial_AOI_inclusion_only
PHV-0357,2026-07-04T12:01:00,5.46,125.27,33,1.8,018 km N 73° W of Balut Island (Municipality Of Sarangani) (Davao Occidental),https://earthquake.phivolcs.dost.gov.ph/2026_Earthquake_Information/July/2026_0704_0401_B1F.html,official_phivolcs_public_bulletin_row,not_checked_row_level; spatial_AOI_inclusion_only
PHV-0358,2026-07-04T12:05:00,5.52,125.32,8,2.1,016 km N 43° W of Balut Island (Municipality Of Sarangani) (Davao Occidental),https://earthquake.phivolcs.dost.gov.ph/2026_Earthquake_Information/July/2026_0704_0405_B1F.html,official_phivolcs_public_bulletin_row,not_checked_row_level; spatial_AOI_inclusion_only
PHV-0359,2026-07-04T12:14:00,5.56,125.35,26,1.4,017 km N 54° W of Sarangani Island (Municipality Of Sarangani) (Davao Occidental),https://earthquake.phivolcs.dost.gov.ph/2026_Earthquake_Information/July/2026_0704_0414_B1F.html,official_phivolcs_public_bulletin_row,not_checked_row_level; spatial_AOI_inclusion_only
PHV-0360,2026-07-04T12:26:00,5.24,125.36,3,4.8,020 km S 21° W of Balut Island (Municipality Of Sarangani) (Davao Occidental),https://earthquake.phivolcs.dost.gov.ph/2026_Earthquake_Information/July/2026_0704_0426_B3F.html,official_phivolcs_public_bulletin_row,not_checked_row_level; spatial_AOI_inclusion_only
PHV-0361,2026-07-04T12:45:00,5.70,125.34,17,1.7,020 km S 49° E of Glan (Sarangani),https://earthquake.phivolcs.dost.gov.ph/2026_Earthquake_Information/July/2026_0704_0445_B1F.html,official_phivolcs_public_bulletin_row,not_checked_row_level; spatial_AOI_inclusion_only
PHV-0362,2026-07-04T12:51:00,5.73,125.60,9,2.2,031 km N 27° E of Sarangani Island (Municipality Of Sarangani) (Davao Occidental),https://earthquake.phivolcs.dost.gov.ph/2026_Earthquake_Information/July/2026_0704_0451_B1F.html,official_phivolcs_public_bulletin_row,not_checked_row_level; spatial_AOI_inclusion_only
PHV-0363,2026-07-04T12:57:00,5.70,125.40,12,2.0,026 km N 17° W of Sarangani Island (Municipality Of Sarangani) (Davao Occidental),https://earthquake.phivolcs.dost.gov.ph/2026_Earthquake_Information/July/2026_0704_0457_B1F.html,official_phivolcs_public_bulletin_row,not_checked_row_level; spatial_AOI_inclusion_only
PHV-0364,2026-07-04T13:03:00,5.51,125.42,32,1.6,007 km N 54° W of Sarangani Island (Municipality Of Sarangani) (Davao Occidental),https://earthquake.phivolcs.dost.gov.ph/2026_Earthquake_Information/July/2026_0704_0503_B1F.html,official_phivolcs_public_bulletin_row,not_checked_row_level; spatial_AOI_inclusion_only
PHV-0365,2026-07-04T13:06:00,5.50,125.41,30,1.6,008 km N 67° W of Sarangani Island (Municipality Of Sarangani) (Davao Occidental),https://earthquake.phivolcs.dost.gov.ph/2026_Earthquake_Information/July/2026_0704_0506_B1F.html,official_phivolcs_public_bulletin_row,not_checked_row_level; spatial_AOI_inclusion_only
PHV-0366,2026-07-04T13:24:00,5.34,125.06,29,1.5,041 km S 79° W of Balut Island (Municipality Of Sarangani) (Davao Occidental),https://earthquake.phivolcs.dost.gov.ph/2026_Earthquake_Information/July/2026_0704_0524_B1F.html,official_phivolcs_public_bulletin_row,not_checked_row_level; spatial_AOI_inclusion_only
PHV-0367,2026-07-04T13:26:00,5.59,125.32,33,1.5,021 km N 54° W of Sarangani Island (Municipality Of Sarangani) (Davao Occidental),https://earthquake.phivolcs.dost.gov.ph/2026_Earthquake_Information/July/2026_0704_0526_B1F.html,official_phivolcs_public_bulletin_row,not_checked_row_level; spatial_AOI_inclusion_only
PHV-0368,2026-07-04T13:36:00,5.80,125.40,20,2.3,022 km S 85° E of Glan (Sarangani),https://earthquake.phivolcs.dost.gov.ph/2026_Earthquake_Information/July/2026_0704_0536_B2F.html,official_phivolcs_public_bulletin_row,not_checked_row_level; spatial_AOI_inclusion_only
PHV-0369,2026-07-04T13:37:00,5.70,125.30,2,1.9,017 km S 38° E of Glan (Sarangani),https://earthquake.phivolcs.dost.gov.ph/2026_Earthquake_Information/July/2026_0704_0537_B2F.html,official_phivolcs_public_bulletin_row,not_checked_row_level; spatial_AOI_inclusion_only
PHV-0370,2026-07-04T14:06:00,5.81,125.33,33,1.6,014 km S 83° E of Glan (Sarangani),https://earthquake.phivolcs.dost.gov.ph/2026_Earthquake_Information/July/2026_0704_0606_B2F.html,official_phivolcs_public_bulletin_row,not_checked_row_level; spatial_AOI_inclusion_only
PHV-0371,2026-07-04T14:10:00,5.93,125.65,1,2.5,002 km N 32° E of Jose Abad Santos (Davao Occidental),https://earthquake.phivolcs.dost.gov.ph/2026_Earthquake_Information/July/2026_0704_0610_B1.html,official_phivolcs_public_bulletin_row,not_checked_row_level; spatial_AOI_inclusion_only
PHV-0372,2026-07-04T14:31:00,5.70,125.44,28,1.9,025 km N 07° W of Sarangani Island (Municipality Of Sarangani) (Davao Occidental),https://earthquake.phivolcs.dost.gov.ph/2026_Earthquake_Information/July/2026_0704_0631_B2F.html,official_phivolcs_public_bulletin_row,not_checked_row_level; spatial_AOI_inclusion_only
PHV-0373,2026-07-04T15:07:00,5.57,125.46,31,2.1,011 km N 04° W of Sarangani Island (Municipality Of Sarangani) (Davao Occidental),https://earthquake.phivolcs.dost.gov.ph/2026_Earthquake_Information/July/2026_0704_0707_B1F.html,official_phivolcs_public_bulletin_row,not_checked_row_level; spatial_AOI_inclusion_only
PHV-0374,2026-07-04T15:08:00,5.39,125.31,39,1.9,012 km S 79° W of Balut Island (Municipality Of Sarangani) (Davao Occidental),https://earthquake.phivolcs.dost.gov.ph/2026_Earthquake_Information/July/2026_0704_0708_B1F.html,official_phivolcs_public_bulletin_row,not_checked_row_level; spatial_AOI_inclusion_only
PHV-0375,2026-07-04T15:11:00,5.35,125.36,30,2.2,009 km S 46° W of Balut Island (Municipality Of Sarangani) (Davao Occidental),https://earthquake.phivolcs.dost.gov.ph/2026_Earthquake_Information/July/2026_0704_0711_B1F.html,official_phivolcs_public_bulletin_row,not_checked_row_level; spatial_AOI_inclusion_only
PHV-0376,2026-07-04T15:22:00,6.10,125.36,20,2.0,007 km S 86° E of Alabel (Sarangani),https://earthquake.phivolcs.dost.gov.ph/2026_Earthquake_Information/July/2026_0704_0722_B1F.html,official_phivolcs_public_bulletin_row,not_checked_row_level; spatial_AOI_inclusion_only
PHV-0377,2026-07-04T15:25:00,5.98,125.31,14,1.6,003 km N 61° E of Malapatan (Sarangani),https://earthquake.phivolcs.dost.gov.ph/2026_Earthquake_Information/July/2026_0704_0725_B1F.html,official_phivolcs_public_bulletin_row,not_checked_row_level; spatial_AOI_inclusion_only
PHV-0378,2026-07-04T15:27:00,5.62,125.27,14,2.3,023 km S 19° E of Glan (Sarangani),https://earthquake.phivolcs.dost.gov.ph/2026_Earthquake_Information/July/2026_0704_0727_B1F.html,official_phivolcs_public_bulletin_row,not_checked_row_level; spatial_AOI_inclusion_only
PHV-0379,2026-07-04T15:32:00,5.51,125.32,3,3.4,016 km N 48° W of Balut Island (Municipality Of Sarangani) (Davao Occidental),https://earthquake.phivolcs.dost.gov.ph/2026_Earthquake_Information/July/2026_0704_0732_B2F.html,official_phivolcs_public_bulletin_row,not_checked_row_level; spatial_AOI_inclusion_only
PHV-0380,2026-07-04T15:36:00,5.72,125.31,11,2.5,017 km S 45° E of Glan (Sarangani),https://earthquake.phivolcs.dost.gov.ph/2026_Earthquake_Information/July/2026_0704_0736_B1F.html,official_phivolcs_public_bulletin_row,not_checked_row_level; spatial_AOI_inclusion_only
PHV-0381,2026-07-04T15:39:00,5.72,125.32,16,2.7,017 km S 50° E of Glan (Sarangani),https://earthquake.phivolcs.dost.gov.ph/2026_Earthquake_Information/July/2026_0704_0739_B2F.html,official_phivolcs_public_bulletin_row,not_checked_row_level; spatial_AOI_inclusion_only
PHV-0382,2026-07-04T15:56:00,5.66,125.43,17,2.4,021 km N 14° W of Sarangani Island (Municipality Of Sarangani) (Davao Occidental),https://earthquake.phivolcs.dost.gov.ph/2026_Earthquake_Information/July/2026_0704_0756_B2F.html,official_phivolcs_public_bulletin_row,not_checked_row_level; spatial_AOI_inclusion_only
PHV-0383,2026-07-04T16:05:00,4.98,125.00,7,3.3,067 km S 45° W of Balut Island (Municipality Of Sarangani) (Davao Occidental),https://earthquake.phivolcs.dost.gov.ph/2026_Earthquake_Information/July/2026_0704_0805_B2F.html,official_phivolcs_public_bulletin_row,not_checked_row_level; spatial_AOI_inclusion_only
PHV-0384,2026-07-04T16:15:00,6.10,125.18,9,1.3,018 km N 40° W of Malapatan (Sarangani),https://earthquake.phivolcs.dost.gov.ph/2026_Earthquake_Information/July/2026_0704_081520_B1F.html,official_phivolcs_public_bulletin_row,not_checked_row_level; spatial_AOI_inclusion_only
PHV-0385,2026-07-04T16:21:00,5.36,125.35,2,2.0,010 km S 52° W of Balut Island (Municipality Of Sarangani) (Davao Occidental),https://earthquake.phivolcs.dost.gov.ph/2026_Earthquake_Information/July/2026_0704_0821_B2F.html,official_phivolcs_public_bulletin_row,not_checked_row_level; spatial_AOI_inclusion_only
PHV-0386,2026-07-04T16:30:00,5.55,125.26,7,3.3,023 km N 51° W of Balut Island (Municipality Of Sarangani) (Davao Occidental),https://earthquake.phivolcs.dost.gov.ph/2026_Earthquake_Information/July/2026_0704_0830_B2F.html,official_phivolcs_public_bulletin_row,not_checked_row_level; spatial_AOI_inclusion_only
PHV-0387,2026-07-04T16:37:00,5.70,125.78,116,2.8,028 km S 33° E of Jose Abad Santos (Davao Occidental),https://earthquake.phivolcs.dost.gov.ph/2026_Earthquake_Information/July/2026_0704_0837_B1F.html,official_phivolcs_public_bulletin_row,not_checked_row_level; spatial_AOI_inclusion_only
PHV-0388,2026-07-04T16:39:00,5.66,125.30,5,2.8,021 km S 29° E of Glan (Sarangani),https://earthquake.phivolcs.dost.gov.ph/2026_Earthquake_Information/July/2026_0704_0839_B2F.html,official_phivolcs_public_bulletin_row,not_checked_row_level; spatial_AOI_inclusion_only
PHV-0389,2026-07-04T16:42:00,5.49,125.24,32,1.8,022 km N 67° W of Balut Island (Municipality Of Sarangani) (Davao Occidental),https://earthquake.phivolcs.dost.gov.ph/2026_Earthquake_Information/July/2026_0704_0842_B1F.html,official_phivolcs_public_bulletin_row,not_checked_row_level; spatial_AOI_inclusion_only
PHV-0390,2026-07-04T16:49:00,5.97,125.33,10,2.2,005 km N 85° E of Malapatan (Sarangani),https://earthquake.phivolcs.dost.gov.ph/2026_Earthquake_Information/July/2026_0704_0849_B2F.html,official_phivolcs_public_bulletin_row,not_checked_row_level; spatial_AOI_inclusion_only
PHV-0391,2026-07-04T16:50:00,5.96,125.35,18,2.5,006 km S 82° E of Malapatan (Sarangani),https://earthquake.phivolcs.dost.gov.ph/2026_Earthquake_Information/July/2026_0704_0850_B1F.html,official_phivolcs_public_bulletin_row,not_checked_row_level; spatial_AOI_inclusion_only
PHV-0392,2026-07-04T16:53:00,4.94,125.06,18,4.9,066 km S 37° W of Balut Island (Municipality Of Sarangani) (Davao Occidental),https://earthquake.phivolcs.dost.gov.ph/2026_Earthquake_Information/July/2026_0704_0853_B3F.html,official_phivolcs_public_bulletin_row,not_checked_row_level; spatial_AOI_inclusion_only
PHV-0393,2026-07-04T17:10:00,5.71,125.31,9,2.1,017 km S 45° E of Glan (Sarangani),https://earthquake.phivolcs.dost.gov.ph/2026_Earthquake_Information/July/2026_0704_0910_B1F.html,official_phivolcs_public_bulletin_row,not_checked_row_level; spatial_AOI_inclusion_only
PHV-0394,2026-07-04T17:54:00,5.28,124.70,123,2.9,072 km S 27° W of Maasim (Sarangani),https://earthquake.phivolcs.dost.gov.ph/2026_Earthquake_Information/July/2026_0704_0954_B1F.html,official_phivolcs_public_bulletin_row,not_checked_row_level; spatial_AOI_inclusion_only
PHV-0395,2026-07-04T18:04:00,5.37,125.29,31,1.7,016 km S 73° W of Balut Island (Municipality Of Sarangani) (Davao Occidental),https://earthquake.phivolcs.dost.gov.ph/2026_Earthquake_Information/July/2026_0704_1004_B2F.html,official_phivolcs_public_bulletin_row,not_checked_row_level; spatial_AOI_inclusion_only
PHV-0396,2026-07-04T18:24:00,5.49,125.30,4,3.3,016 km N 59° W of Balut Island (Municipality Of Sarangani) (Davao Occidental),https://earthquake.phivolcs.dost.gov.ph/2026_Earthquake_Information/July/2026_0704_1024_B2F.html,official_phivolcs_public_bulletin_row,not_checked_row_level; spatial_AOI_inclusion_only
PHV-0397,2026-07-04T18:30:00,5.78,125.41,12,3.1,023 km S 78° E of Glan (Sarangani),https://earthquake.phivolcs.dost.gov.ph/2026_Earthquake_Information/July/2026_0704_1030_B2F.html,official_phivolcs_public_bulletin_row,not_checked_row_level; spatial_AOI_inclusion_only
PHV-0398,2026-07-04T19:52:00,5.41,125.50,39,1.9,008 km S 27° E of Sarangani Island (Municipality Of Sarangani) (Davao Occidental),https://earthquake.phivolcs.dost.gov.ph/2026_Earthquake_Information/July/2026_0704_1152_B1F.html,official_phivolcs_public_bulletin_row,not_checked_row_level; spatial_AOI_inclusion_only
PHV-0399,2026-07-04T19:56:00,5.08,125.27,20,3.0,040 km S 25° W of Balut Island (Municipality Of Sarangani) (Davao Occidental),https://earthquake.phivolcs.dost.gov.ph/2026_Earthquake_Information/July/2026_0704_1156_B2F.html,official_phivolcs_public_bulletin_row,not_checked_row_level; spatial_AOI_inclusion_only
PHV-0400,2026-07-04T20:07:00,5.79,125.29,9,2.7,010 km S 71° E of Glan (Sarangani),https://earthquake.phivolcs.dost.gov.ph/2026_Earthquake_Information/July/2026_0704_1207_B2F.html,official_phivolcs_public_bulletin_row,not_checked_row_level; spatial_AOI_inclusion_only
PHV-0401,2026-07-04T20:08:00,5.63,125.30,28,2.5,024 km S 27° E of Glan (Sarangani),https://earthquake.phivolcs.dost.gov.ph/2026_Earthquake_Information/July/2026_0704_1208_B2F.html,official_phivolcs_public_bulletin_row,not_checked_row_level; spatial_AOI_inclusion_only
PHV-0402,2026-07-04T20:19:00,4.87,125.32,59,2.9,061 km S 11° W of Balut Island (Municipality Of Sarangani) (Davao Occidental),https://earthquake.phivolcs.dost.gov.ph/2026_Earthquake_Information/July/2026_0704_1219_B1F.html,official_phivolcs_public_bulletin_row,not_checked_row_level; spatial_AOI_inclusion_only
PHV-0403,2026-07-04T20:47:00,5.39,125.35,26,4.0,008 km S 69° W of Balut Island (Municipality Of Sarangani) (Davao Occidental),https://earthquake.phivolcs.dost.gov.ph/2026_Earthquake_Information/July/2026_0704_1247_B2F.html,official_phivolcs_public_bulletin_row,not_checked_row_level; spatial_AOI_inclusion_only
PHV-0404,2026-07-04T21:11:00,5.40,125.43,42,2.0,001 km S 42° E of Balut Island (Municipality Of Sarangani) (Davao Occidental),https://earthquake.phivolcs.dost.gov.ph/2026_Earthquake_Information/July/2026_0704_1311_B2F.html,official_phivolcs_public_bulletin_row,not_checked_row_level; spatial_AOI_inclusion_only
PHV-0405,2026-07-04T21:15:00,4.68,125.21,15,3.4,085 km S 16° W of Balut Island (Municipality Of Sarangani) (Davao Occidental),https://earthquake.phivolcs.dost.gov.ph/2026_Earthquake_Information/July/2026_0704_1315_B2F.html,official_phivolcs_public_bulletin_row,not_checked_row_level; spatial_AOI_inclusion_only
PHV-0406,2026-07-04T21:21:00,6.12,125.99,123,2.7,033 km S 75° E of Don Marcelino (Davao Occidental),https://earthquake.phivolcs.dost.gov.ph/2026_Earthquake_Information/July/2026_0704_1321_B2.html,official_phivolcs_public_bulletin_row,not_checked_row_level; spatial_AOI_inclusion_only
PHV-0407,2026-07-04T21:29:00,5.95,125.35,18,2.0,007 km S 76° E of Malapatan (Sarangani),https://earthquake.phivolcs.dost.gov.ph/2026_Earthquake_Information/July/2026_0704_1329_B1F.html,official_phivolcs_public_bulletin_row,not_checked_row_level; spatial_AOI_inclusion_only
PHV-0408,2026-07-04T22:20:00,5.12,124.51,69,2.1,106 km S 72° W of Balut Island (Municipality Of Sarangani) (Davao Occidental),https://earthquake.phivolcs.dost.gov.ph/2026_Earthquake_Information/July/2026_0704_1420_B2F.html,official_phivolcs_public_bulletin_row,not_checked_row_level; spatial_AOI_inclusion_only
PHV-0409,2026-07-04T22:51:00,6.10,125.69,99,1.8,010 km S 01° W of Don Marcelino (Davao Occidental),https://earthquake.phivolcs.dost.gov.ph/2026_Earthquake_Information/July/2026_0704_1451_B1.html,official_phivolcs_public_bulletin_row,not_checked_row_level; spatial_AOI_inclusion_only
PHV-0410,2026-07-04T22:55:00,5.48,125.32,4,2.0,015 km N 52° W of Balut Island (Municipality Of Sarangani) (Davao Occidental),https://earthquake.phivolcs.dost.gov.ph/2026_Earthquake_Information/July/2026_0704_1455_B2F.html,official_phivolcs_public_bulletin_row,not_checked_row_level; spatial_AOI_inclusion_only
PHV-0411,2026-07-04T23:51:00,5.59,125.26,5,3.0,026 km S 14° E of Glan (Sarangani),https://earthquake.phivolcs.dost.gov.ph/2026_Earthquake_Information/July/2026_0704_1551_B2F.html,official_phivolcs_public_bulletin_row,not_checked_row_level; spatial_AOI_inclusion_only
PHV-0412,2026-07-05T00:30:00,5.74,125.34,16,1.9,017 km S 60° E of Glan (Sarangani),https://earthquake.phivolcs.dost.gov.ph/2026_Earthquake_Information/July/2026_0704_1630_B1F.html,official_phivolcs_public_bulletin_row,not_checked_row_level; spatial_AOI_inclusion_only
PHV-0413,2026-07-05T00:37:00,5.36,125.22,32,1.5,024 km S 74° W of Balut Island (Municipality Of Sarangani) (Davao Occidental),https://earthquake.phivolcs.dost.gov.ph/2026_Earthquake_Information/July/2026_0704_1637_B1F.html,official_phivolcs_public_bulletin_row,not_checked_row_level; spatial_AOI_inclusion_only
PHV-0414,2026-07-05T01:10:00,5.39,125.27,28,2.4,017 km S 83° W of Balut Island (Municipality Of Sarangani) (Davao Occidental),https://earthquake.phivolcs.dost.gov.ph/2026_Earthquake_Information/July/2026_0704_1710_B2F.html,official_phivolcs_public_bulletin_row,not_checked_row_level; spatial_AOI_inclusion_only
PHV-0415,2026-07-05T01:23:00,5.60,125.41,21,1.6,015 km N 25° W of Sarangani Island (Municipality Of Sarangani) (Davao Occidental),https://earthquake.phivolcs.dost.gov.ph/2026_Earthquake_Information/July/2026_0704_1723_B1F.html,official_phivolcs_public_bulletin_row,not_checked_row_level; spatial_AOI_inclusion_only
PHV-0416,2026-07-05T01:24:00,5.89,125.39,20,1.8,015 km S 51° E of Malapatan (Sarangani),https://earthquake.phivolcs.dost.gov.ph/2026_Earthquake_Information/July/2026_0704_1724_B1F.html,official_phivolcs_public_bulletin_row,not_checked_row_level; spatial_AOI_inclusion_only
PHV-0417,2026-07-05T01:28:00,5.94,125.27,49,1.9,015 km N 29° E of Glan (Sarangani),https://earthquake.phivolcs.dost.gov.ph/2026_Earthquake_Information/July/2026_0704_1728_B2F.html,official_phivolcs_public_bulletin_row,not_checked_row_level; spatial_AOI_inclusion_only
PHV-0418,2026-07-05T01:44:00,5.78,125.45,10,2.3,026 km S 54° W of Jose Abad Santos (Davao Occidental),https://earthquake.phivolcs.dost.gov.ph/2026_Earthquake_Information/July/2026_0704_1744_B2F.html,official_phivolcs_public_bulletin_row,not_checked_row_level; spatial_AOI_inclusion_only
PHV-0419,2026-07-05T01:47:00,5.71,125.21,24,2.2,013 km S 01° E of Glan (Sarangani),https://earthquake.phivolcs.dost.gov.ph/2026_Earthquake_Information/July/2026_0704_1747_B2F.html,official_phivolcs_public_bulletin_row,not_checked_row_level; spatial_AOI_inclusion_only
PHV-0420,2026-07-05T02:08:00,5.15,125.28,42,3.3,033 km S 28° W of Balut Island (Municipality Of Sarangani) (Davao Occidental),https://earthquake.phivolcs.dost.gov.ph/2026_Earthquake_Information/July/2026_0704_1808_B2F.html,official_phivolcs_public_bulletin_row,not_checked_row_level; spatial_AOI_inclusion_only
PHV-0421,2026-07-05T02:31:00,5.88,125.26,21,2.3,008 km N 43° E of Glan (Sarangani),https://earthquake.phivolcs.dost.gov.ph/2026_Earthquake_Information/July/2026_0704_1831_B1F.html,official_phivolcs_public_bulletin_row,not_checked_row_level; spatial_AOI_inclusion_only
PHV-0422,2026-07-05T02:33:00,5.84,124.53,11,2.1,019 km S 33° W of Kiamba (Sarangani),https://earthquake.phivolcs.dost.gov.ph/2026_Earthquake_Information/July/2026_0704_1833_B2F.html,official_phivolcs_public_bulletin_row,not_checked_row_level; spatial_AOI_inclusion_only
PHV-0423,2026-07-05T02:43:00,5.29,124.93,10,3.0,056 km S 76° W of Balut Island (Municipality Of Sarangani) (Davao Occidental),https://earthquake.phivolcs.dost.gov.ph/2026_Earthquake_Information/July/2026_0704_1843_B2F.html,official_phivolcs_public_bulletin_row,not_checked_row_level; spatial_AOI_inclusion_only
PHV-0424,2026-07-05T02:54:00,6.07,125.03,148,2.3,023 km N 09° E of Maasim (Sarangani),https://earthquake.phivolcs.dost.gov.ph/2026_Earthquake_Information/July/2026_0704_1854_B2F.html,official_phivolcs_public_bulletin_row,not_checked_row_level; spatial_AOI_inclusion_only
PHV-0425,2026-07-05T03:34:00,5.63,125.05,25,1.7,026 km S 14° E of Maasim (Sarangani),https://earthquake.phivolcs.dost.gov.ph/2026_Earthquake_Information/July/2026_0704_1934_B2F.html,official_phivolcs_public_bulletin_row,not_checked_row_level; spatial_AOI_inclusion_only
PHV-0426,2026-07-05T03:35:00,6.19,125.40,19,1.2,015 km N 54° E of Alabel (Sarangani),https://earthquake.phivolcs.dost.gov.ph/2026_Earthquake_Information/July/2026_0704_1935_B2.html,official_phivolcs_public_bulletin_row,not_checked_row_level; spatial_AOI_inclusion_only
PHV-0427,2026-07-05T03:38:00,5.64,125.27,25,1.6,021 km S 21° E of Glan (Sarangani),https://earthquake.phivolcs.dost.gov.ph/2026_Earthquake_Information/July/2026_0704_1938_B1F.html,official_phivolcs_public_bulletin_row,not_checked_row_level; spatial_AOI_inclusion_only
PHV-0428,2026-07-05T03:43:00,5.55,125.30,7,3.0,032 km S 19° E of Glan (Sarangani),https://earthquake.phivolcs.dost.gov.ph/2026_Earthquake_Information/July/2026_0704_1943_B2F.html,official_phivolcs_public_bulletin_row,not_checked_row_level; spatial_AOI_inclusion_only
PHV-0429,2026-07-05T04:23:00,5.87,125.31,22,1.8,012 km S 13° E of Malapatan (Sarangani),https://earthquake.phivolcs.dost.gov.ph/2026_Earthquake_Information/July/2026_0704_2023_B1F.html,official_phivolcs_public_bulletin_row,not_checked_row_level; spatial_AOI_inclusion_only
PHV-0430,2026-07-05T04:28:00,5.28,125.06,33,2.2,043 km S 70° W of Balut Island (Municipality Of Sarangani) (Davao Occidental),https://earthquake.phivolcs.dost.gov.ph/2026_Earthquake_Information/July/2026_0704_2028_B2F.html,official_phivolcs_public_bulletin_row,not_checked_row_level; spatial_AOI_inclusion_only
PHV-0431,2026-07-05T04:44:00,5.90,124.82,22,1.9,020 km N 79° W of Maasim (Sarangani),https://earthquake.phivolcs.dost.gov.ph/2026_Earthquake_Information/July/2026_0704_204454_B1F.html,official_phivolcs_public_bulletin_row,not_checked_row_level; spatial_AOI_inclusion_only
PHV-0432,2026-07-05T05:12:00,5.81,125.32,11,1.6,013 km S 86° E of Glan (Sarangani),https://earthquake.phivolcs.dost.gov.ph/2026_Earthquake_Information/July/2026_0704_2112_B1F.html,official_phivolcs_public_bulletin_row,not_checked_row_level; spatial_AOI_inclusion_only
PHV-0433,2026-07-05T05:29:00,6.06,125.37,11,1.6,010 km S 58° E of Alabel (Sarangani),https://earthquake.phivolcs.dost.gov.ph/2026_Earthquake_Information/July/2026_0704_2129_B1.html,official_phivolcs_public_bulletin_row,not_checked_row_level; spatial_AOI_inclusion_only
PHV-0434,2026-07-05T05:44:00,5.16,125.41,37,2.6,028 km S 03° W of Balut Island (Municipality Of Sarangani) (Davao Occidental),https://earthquake.phivolcs.dost.gov.ph/2026_Earthquake_Information/July/2026_0704_2144_B2F.html,official_phivolcs_public_bulletin_row,not_checked_row_level; spatial_AOI_inclusion_only
PHV-0435,2026-07-05T06:14:00,5.74,125.20,7,2.7,009 km S 02° W of Glan (Sarangani),https://earthquake.phivolcs.dost.gov.ph/2026_Earthquake_Information/July/2026_0704_2214_B2F.html,official_phivolcs_public_bulletin_row,not_checked_row_level; spatial_AOI_inclusion_only
PHV-0436,2026-07-05T06:22:00,5.25,125.05,39,2.4,045 km S 66° W of Balut Island (Municipality Of Sarangani) (Davao Occidental),https://earthquake.phivolcs.dost.gov.ph/2026_Earthquake_Information/July/2026_0704_2222_B2F.html,official_phivolcs_public_bulletin_row,not_checked_row_level; spatial_AOI_inclusion_only
PHV-0437,2026-07-05T06:32:00,5.53,125.27,23,1.5,022 km N 52° W of Balut Island (Municipality Of Sarangani) (Davao Occidental),https://earthquake.phivolcs.dost.gov.ph/2026_Earthquake_Information/July/2026_0704_2232_B1F.html,official_phivolcs_public_bulletin_row,not_checked_row_level; spatial_AOI_inclusion_only
PHV-0438,2026-07-05T06:37:00,5.85,125.30,21,1.7,011 km N 76° E of Glan (Sarangani),https://earthquake.phivolcs.dost.gov.ph/2026_Earthquake_Information/July/2026_0704_2237_B1F.html,official_phivolcs_public_bulletin_row,not_checked_row_level; spatial_AOI_inclusion_only
PHV-0439,2026-07-05T06:47:00,5.79,125.32,18,2.0,013 km S 77° E of Glan (Sarangani),https://earthquake.phivolcs.dost.gov.ph/2026_Earthquake_Information/July/2026_0704_2247_B1F.html,official_phivolcs_public_bulletin_row,not_checked_row_level; spatial_AOI_inclusion_only
PHV-0440,2026-07-05T07:07:00,5.37,125.17,28,2.8,028 km S 79° W of Balut Island (Municipality Of Sarangani) (Davao Occidental),https://earthquake.phivolcs.dost.gov.ph/2026_Earthquake_Information/July/2026_0704_2307_B2F.html,official_phivolcs_public_bulletin_row,not_checked_row_level; spatial_AOI_inclusion_only
PHV-0441,2026-07-05T07:18:00,5.33,125.34,5,2.2,013 km S 47° W of Balut Island (Municipality Of Sarangani) (Davao Occidental),https://earthquake.phivolcs.dost.gov.ph/2026_Earthquake_Information/July/2026_0704_2318_B2F.html,official_phivolcs_public_bulletin_row,not_checked_row_level; spatial_AOI_inclusion_only
PHV-0442,2026-07-05T07:41:00,5.37,125.15,35,1.5,030 km S 82° W of Balut Island (Municipality Of Sarangani) (Davao Occidental),https://earthquake.phivolcs.dost.gov.ph/2026_Earthquake_Information/July/2026_0704_2341_B1F.html,official_phivolcs_public_bulletin_row,not_checked_row_level; spatial_AOI_inclusion_only
PHV-0443,2026-07-05T07:47:00,5.76,125.27,14,2.0,010 km S 44° E of Glan (Sarangani),https://earthquake.phivolcs.dost.gov.ph/2026_Earthquake_Information/July/2026_0704_2347_B2F.html,official_phivolcs_public_bulletin_row,not_checked_row_level; spatial_AOI_inclusion_only
PHV-0444,2026-07-05T07:51:00,4.93,124.83,22,2.0,085 km S 51° W of Balut Island (Municipality Of Sarangani) (Davao Occidental),https://earthquake.phivolcs.dost.gov.ph/2026_Earthquake_Information/July/2026_0704_2351_B1F.html,official_phivolcs_public_bulletin_row,not_checked_row_level; spatial_AOI_inclusion_only
PHV-0445,2026-07-05T08:02:00,5.74,125.76,28,1.9,023 km S 34° E of Jose Abad Santos (Davao Occidental),https://earthquake.phivolcs.dost.gov.ph/2026_Earthquake_Information/July/2026_0705_0002_B1F.html,official_phivolcs_public_bulletin_row,not_checked_row_level; spatial_AOI_inclusion_only
PHV-0446,2026-07-05T08:13:00,5.67,125.35,33,1.4,023 km S 43° E of Glan (Sarangani),https://earthquake.phivolcs.dost.gov.ph/2026_Earthquake_Information/July/2026_0705_0013_B1F.html,official_phivolcs_public_bulletin_row,not_checked_row_level; spatial_AOI_inclusion_only
PHV-0447,2026-07-05T08:15:00,5.60,125.27,34,1.4,025 km S 18° E of Glan (Sarangani),https://earthquake.phivolcs.dost.gov.ph/2026_Earthquake_Information/July/2026_0705_0015_B1F.html,official_phivolcs_public_bulletin_row,not_checked_row_level; spatial_AOI_inclusion_only
PHV-0448,2026-07-05T08:19:00,5.52,125.41,33,1.4,009 km N 52° W of Sarangani Island (Municipality Of Sarangani) (Davao Occidental),https://earthquake.phivolcs.dost.gov.ph/2026_Earthquake_Information/July/2026_0705_0019_B1F.html,official_phivolcs_public_bulletin_row,not_checked_row_level; spatial_AOI_inclusion_only
PHV-0449,2026-07-05T08:35:00,5.35,125.42,20,2.5,005 km S 01° E of Balut Island (Municipality Of Sarangani) (Davao Occidental),https://earthquake.phivolcs.dost.gov.ph/2026_Earthquake_Information/July/2026_0705_0035_B2F.html,official_phivolcs_public_bulletin_row,not_checked_row_level; spatial_AOI_inclusion_only
PHV-0450,2026-07-05T08:48:00,5.86,125.39,32,1.7,017 km S 42° E of Malapatan (Sarangani),https://earthquake.phivolcs.dost.gov.ph/2026_Earthquake_Information/July/2026_0705_004813_B1F.html,official_phivolcs_public_bulletin_row,not_checked_row_level; spatial_AOI_inclusion_only
PHV-0451,2026-07-05T09:29:00,5.46,125.26,28,1.7,019 km N 72° W of Balut Island (Municipality Of Sarangani) (Davao Occidental),https://earthquake.phivolcs.dost.gov.ph/2026_Earthquake_Information/July/2026_0705_0129_B2F.html,official_phivolcs_public_bulletin_row,not_checked_row_level; spatial_AOI_inclusion_only
PHV-0452,2026-07-05T09:38:00,5.67,125.35,14,2.0,023 km S 44° E of Glan (Sarangani),https://earthquake.phivolcs.dost.gov.ph/2026_Earthquake_Information/July/2026_0705_0138_B2F.html,official_phivolcs_public_bulletin_row,not_checked_row_level; spatial_AOI_inclusion_only
PHV-0453,2026-07-05T09:47:00,5.68,125.39,33,1.5,024 km N 22° W of Sarangani Island (Municipality Of Sarangani) (Davao Occidental),https://earthquake.phivolcs.dost.gov.ph/2026_Earthquake_Information/July/2026_0705_0147_B1F.html,official_phivolcs_public_bulletin_row,not_checked_row_level; spatial_AOI_inclusion_only
PHV-0454,2026-07-05T10:10:00,5.70,125.58,32,1.5,025 km S 16° W of Jose Abad Santos (Davao Occidental),https://earthquake.phivolcs.dost.gov.ph/2026_Earthquake_Information/July/2026_0705_0210_B2F.html,official_phivolcs_public_bulletin_row,not_checked_row_level; spatial_AOI_inclusion_only
PHV-0455,2026-07-05T10:17:00,5.35,125.25,33,1.4,021 km S 71° W of Balut Island (Municipality Of Sarangani) (Davao Occidental),https://earthquake.phivolcs.dost.gov.ph/2026_Earthquake_Information/July/2026_0705_0217_B2F.html,official_phivolcs_public_bulletin_row,not_checked_row_level; spatial_AOI_inclusion_only
PHV-0456,2026-07-05T10:36:00,5.59,125.30,9,3.0,023 km N 54° W of Sarangani Island (Municipality Of Sarangani) (Davao Occidental),https://earthquake.phivolcs.dost.gov.ph/2026_Earthquake_Information/July/2026_0705_0236_B2F.html,official_phivolcs_public_bulletin_row,not_checked_row_level; spatial_AOI_inclusion_only
PHV-0457,2026-07-05T10:49:00,5.41,125.28,3,2.6,015 km S 88° W of Balut Island (Municipality Of Sarangani) (Davao Occidental),https://earthquake.phivolcs.dost.gov.ph/2026_Earthquake_Information/July/2026_0705_024937_B2F.html,official_phivolcs_public_bulletin_row,not_checked_row_level; spatial_AOI_inclusion_only
PHV-0458,2026-07-05T10:59:00,5.52,125.34,25,1.5,015 km N 36° W of Balut Island (Municipality Of Sarangani) (Davao Occidental),https://earthquake.phivolcs.dost.gov.ph/2026_Earthquake_Information/July/2026_0705_0259_B1F.html,official_phivolcs_public_bulletin_row,not_checked_row_level; spatial_AOI_inclusion_only
PHV-0459,2026-07-05T11:00:00,5.56,125.31,11,2.2,020 km N 37° W of Balut Island (Municipality Of Sarangani) (Davao Occidental),https://earthquake.phivolcs.dost.gov.ph/2026_Earthquake_Information/July/2026_0705_0300_B2F.html,official_phivolcs_public_bulletin_row,not_checked_row_level; spatial_AOI_inclusion_only
PHV-0460,2026-07-05T11:09:00,5.59,125.33,33,1.5,020 km N 51° W of Sarangani Island (Municipality Of Sarangani) (Davao Occidental),https://earthquake.phivolcs.dost.gov.ph/2026_Earthquake_Information/July/2026_0705_0309_B1F.html,official_phivolcs_public_bulletin_row,not_checked_row_level; spatial_AOI_inclusion_only
PHV-0461,2026-07-05T11:18:00,5.86,125.62,78,1.6,006 km S 23° W of Jose Abad Santos (Davao Occidental),https://earthquake.phivolcs.dost.gov.ph/2026_Earthquake_Information/July/2026_0705_0318_B1F.html,official_phivolcs_public_bulletin_row,not_checked_row_level; spatial_AOI_inclusion_only
PHV-0462,2026-07-05T11:19:00,5.74,125.24,22,1.5,010 km S 22° E of Glan (Sarangani),https://earthquake.phivolcs.dost.gov.ph/2026_Earthquake_Information/July/2026_0705_0319_B1F.html,official_phivolcs_public_bulletin_row,not_checked_row_level; spatial_AOI_inclusion_only
PHV-0463,2026-07-05T11:22:00,5.62,125.32,34,2.3,026 km S 29° E of Glan (Sarangani),https://earthquake.phivolcs.dost.gov.ph/2026_Earthquake_Information/July/2026_0705_0322_B2F.html,official_phivolcs_public_bulletin_row,not_checked_row_level; spatial_AOI_inclusion_only
PHV-0464,2026-07-05T12:02:00,6.04,125.64,13,1.7,014 km N 02° W of Jose Abad Santos (Davao Occidental),https://earthquake.phivolcs.dost.gov.ph/2026_Earthquake_Information/July/2026_0705_0402_B1F.html,official_phivolcs_public_bulletin_row,not_checked_row_level; spatial_AOI_inclusion_only
PHV-0465,2026-07-05T12:15:00,5.86,124.93,20,1.7,007 km S 85° W of Maasim (Sarangani),https://earthquake.phivolcs.dost.gov.ph/2026_Earthquake_Information/July/2026_0705_0415_B2.html,official_phivolcs_public_bulletin_row,not_checked_row_level; spatial_AOI_inclusion_only
PHV-0466,2026-07-05T12:22:00,5.60,125.31,11,2.3,023 km N 53° W of Sarangani Island (Municipality Of Sarangani) (Davao Occidental),https://earthquake.phivolcs.dost.gov.ph/2026_Earthquake_Information/July/2026_0705_0422_B2F.html,official_phivolcs_public_bulletin_row,not_checked_row_level; spatial_AOI_inclusion_only
PHV-0467,2026-07-05T12:36:00,5.03,125.41,93,2.4,043 km S 01° W of Balut Island (Municipality Of Sarangani) (Davao Occidental),https://earthquake.phivolcs.dost.gov.ph/2026_Earthquake_Information/July/2026_0705_0436_B1F.html,official_phivolcs_public_bulletin_row,not_checked_row_level; spatial_AOI_inclusion_only
PHV-0468,2026-07-05T12:38:00,5.37,125.32,31,2.3,012 km S 67° W of Balut Island (Municipality Of Sarangani) (Davao Occidental),https://earthquake.phivolcs.dost.gov.ph/2026_Earthquake_Information/July/2026_0705_0438_B1F.html,official_phivolcs_public_bulletin_row,not_checked_row_level; spatial_AOI_inclusion_only
PHV-0469,2026-07-05T12:43:00,5.41,125.28,33,1.5,015 km S 89° W of Balut Island (Municipality Of Sarangani) (Davao Occidental),https://earthquake.phivolcs.dost.gov.ph/2026_Earthquake_Information/July/2026_0705_0443_B1F.html,official_phivolcs_public_bulletin_row,not_checked_row_level; spatial_AOI_inclusion_only
PHV-0470,2026-07-05T12:52:00,5.46,125.12,19,2.3,034 km N 82° W of Balut Island (Municipality Of Sarangani) (Davao Occidental),https://earthquake.phivolcs.dost.gov.ph/2026_Earthquake_Information/July/2026_0705_0452_B1F.html,official_phivolcs_public_bulletin_row,not_checked_row_level; spatial_AOI_inclusion_only
PHV-0471,2026-07-05T13:20:00,5.44,125.21,17,1.8,023 km N 84° W of Balut Island (Municipality Of Sarangani) (Davao Occidental),https://earthquake.phivolcs.dost.gov.ph/2026_Earthquake_Information/July/2026_0705_0520_B2F.html,official_phivolcs_public_bulletin_row,not_checked_row_level; spatial_AOI_inclusion_only
PHV-0472,2026-07-05T13:45:00,5.78,125.31,20,2.7,013 km S 70° E of Glan (Sarangani),https://earthquake.phivolcs.dost.gov.ph/2026_Earthquake_Information/July/2026_0705_0545_B1F.html,official_phivolcs_public_bulletin_row,not_checked_row_level; spatial_AOI_inclusion_only
PHV-0473,2026-07-05T14:05:00,5.70,125.13,28,2.0,016 km S 33° W of Glan (Sarangani),https://earthquake.phivolcs.dost.gov.ph/2026_Earthquake_Information/July/2026_0705_0605_B2F.html,official_phivolcs_public_bulletin_row,not_checked_row_level; spatial_AOI_inclusion_only
PHV-0474,2026-07-05T14:33:00,5.77,125.41,31,2.6,023 km S 75° E of Glan (Sarangani),https://earthquake.phivolcs.dost.gov.ph/2026_Earthquake_Information/July/2026_0705_0633_B2F.html,official_phivolcs_public_bulletin_row,not_checked_row_level; spatial_AOI_inclusion_only
PHV-0475,2026-07-05T15:08:00,5.48,125.29,24,2.8,017 km N 62° W of Balut Island (Municipality Of Sarangani) (Davao Occidental),https://earthquake.phivolcs.dost.gov.ph/2026_Earthquake_Information/July/2026_0705_0708_B2F.html,official_phivolcs_public_bulletin_row,not_checked_row_level; spatial_AOI_inclusion_only
PHV-0476,2026-07-05T16:32:00,5.73,125.39,21,2.1,023 km S 64° E of Glan (Sarangani),https://earthquake.phivolcs.dost.gov.ph/2026_Earthquake_Information/July/2026_0705_0832_B2F.html,official_phivolcs_public_bulletin_row,not_checked_row_level; spatial_AOI_inclusion_only
PHV-0477,2026-07-05T16:36:00,5.64,124.83,11,2.0,031 km S 36° W of Maasim (Sarangani),https://earthquake.phivolcs.dost.gov.ph/2026_Earthquake_Information/July/2026_0705_0836_B2F.html,official_phivolcs_public_bulletin_row,not_checked_row_level; spatial_AOI_inclusion_only
PHV-0478,2026-07-05T16:47:00,5.34,125.25,29,1.7,020 km S 66° W of Balut Island (Municipality Of Sarangani) (Davao Occidental),https://earthquake.phivolcs.dost.gov.ph/2026_Earthquake_Information/July/2026_0705_0847_B1F.html,official_phivolcs_public_bulletin_row,not_checked_row_level; spatial_AOI_inclusion_only
PHV-0479,2026-07-05T17:04:00,5.69,125.30,19,2.7,018 km S 36° E of Glan (Sarangani),https://earthquake.phivolcs.dost.gov.ph/2026_Earthquake_Information/July/2026_0705_0904_B2F.html,official_phivolcs_public_bulletin_row,not_checked_row_level; spatial_AOI_inclusion_only
PHV-0480,2026-07-05T17:06:00,5.75,125.12,32,2.3,012 km S 47° W of Glan (Sarangani),https://earthquake.phivolcs.dost.gov.ph/2026_Earthquake_Information/July/2026_0705_0906_B1F.html,official_phivolcs_public_bulletin_row,not_checked_row_level; spatial_AOI_inclusion_only
PHV-0481,2026-07-05T17:36:00,5.56,125.42,6,2.7,011 km N 30° W of Sarangani Island (Municipality Of Sarangani) (Davao Occidental),https://earthquake.phivolcs.dost.gov.ph/2026_Earthquake_Information/July/2026_0705_0936_B1F.html,official_phivolcs_public_bulletin_row,not_checked_row_level; spatial_AOI_inclusion_only
PHV-0482,2026-07-05T17:57:00,5.34,125.05,23,1.8,042 km S 79° W of Balut Island (Municipality Of Sarangani) (Davao Occidental),https://earthquake.phivolcs.dost.gov.ph/2026_Earthquake_Information/July/2026_0705_0957_B1F.html,official_phivolcs_public_bulletin_row,not_checked_row_level; spatial_AOI_inclusion_only
PHV-0483,2026-07-05T18:06:00,5.37,125.73,6,1.8,031 km S 69° E of Sarangani Island (Municipality Of Sarangani) (Davao Occidental),https://earthquake.phivolcs.dost.gov.ph/2026_Earthquake_Information/July/2026_0705_1006_B1F.html,official_phivolcs_public_bulletin_row,not_checked_row_level; spatial_AOI_inclusion_only
PHV-0484,2026-07-05T18:35:00,5.59,125.29,15,1.5,021 km N 63° W of Balut Island (Municipality Of Sarangani) (Davao Occidental),https://earthquake.phivolcs.dost.gov.ph/2026_Earthquake_Information/July/2026_0705_1035_B1F.html,official_phivolcs_public_bulletin_row,not_checked_row_level; spatial_AOI_inclusion_only
PHV-0485,2026-07-05T18:44:00,5.76,125.50,35,1.5,023 km S 43° W of Jose Abad Santos (Davao Occidental),https://earthquake.phivolcs.dost.gov.ph/2026_Earthquake_Information/July/2026_0705_1044_B1F.html,official_phivolcs_public_bulletin_row,not_checked_row_level; spatial_AOI_inclusion_only
PHV-0486,2026-07-05T18:52:00,6.06,125.39,20,1.6,012 km S 68° E of Alabel (Sarangani),https://earthquake.phivolcs.dost.gov.ph/2026_Earthquake_Information/July/2026_0705_1052_B1F.html,official_phivolcs_public_bulletin_row,not_checked_row_level; spatial_AOI_inclusion_only
PHV-0487,2026-07-05T18:53:00,5.56,125.15,16,1.7,030 km S 12° W of Glan (Sarangani),https://earthquake.phivolcs.dost.gov.ph/2026_Earthquake_Information/July/2026_0705_1053_B1F.html,official_phivolcs_public_bulletin_row,not_checked_row_level; spatial_AOI_inclusion_only
PHV-0488,2026-07-05T19:00:00,5.65,125.22,4,3.0,019 km S 05° E of Glan (Sarangani),https://earthquake.phivolcs.dost.gov.ph/2026_Earthquake_Information/July/2026_0705_1100_B2F.html,official_phivolcs_public_bulletin_row,not_checked_row_level; spatial_AOI_inclusion_only
PHV-0489,2026-07-05T19:30:00,5.54,125.20,6,2.4,028 km N 61° W of Balut Island (Municipality Of Sarangani) (Davao Occidental),https://earthquake.phivolcs.dost.gov.ph/2026_Earthquake_Information/July/2026_0705_1130_B1F.html,official_phivolcs_public_bulletin_row,not_checked_row_level; spatial_AOI_inclusion_only
PHV-0490,2026-07-05T19:47:00,5.38,125.35,32,1.6,009 km S 69° W of Balut Island (Municipality Of Sarangani) (Davao Occidental),https://earthquake.phivolcs.dost.gov.ph/2026_Earthquake_Information/July/2026_0705_1147_B1F.html,official_phivolcs_public_bulletin_row,not_checked_row_level; spatial_AOI_inclusion_only
PHV-0491,2026-07-05T20:03:00,5.82,125.31,14,1.9,012 km S 89° E of Glan (Sarangani),https://earthquake.phivolcs.dost.gov.ph/2026_Earthquake_Information/July/2026_0705_1203_B2F.html,official_phivolcs_public_bulletin_row,not_checked_row_level; spatial_AOI_inclusion_only
PHV-0492,2026-07-05T20:07:00,5.37,125.52,8,2.0,006 km S 12° E of Sarangani Island (Municipality Of Sarangani) (Davao Occidental),https://earthquake.phivolcs.dost.gov.ph/2026_Earthquake_Information/July/2026_0705_1207_B1F.html,official_phivolcs_public_bulletin_row,not_checked_row_level; spatial_AOI_inclusion_only
PHV-0493,2026-07-05T20:13:00,5.86,125.25,24,2.3,007 km N 54° E of Glan (Sarangani),https://earthquake.phivolcs.dost.gov.ph/2026_Earthquake_Information/July/2026_0705_1213_B1F.html,official_phivolcs_public_bulletin_row,not_checked_row_level; spatial_AOI_inclusion_only
PHV-0494,2026-07-05T21:10:00,5.53,125.15,26,3.3,032 km N 67° W of Balut Island (Municipality Of Sarangani) (Davao Occidental),https://earthquake.phivolcs.dost.gov.ph/2026_Earthquake_Information/July/2026_0705_1310_B2F.html,official_phivolcs_public_bulletin_row,not_checked_row_level; spatial_AOI_inclusion_only
PHV-0495,2026-07-05T21:31:00,5.86,125.33,24,1.7,013 km S 18° E of Malapatan (Sarangani),https://earthquake.phivolcs.dost.gov.ph/2026_Earthquake_Information/July/2026_0705_1331_B1F.html,official_phivolcs_public_bulletin_row,not_checked_row_level; spatial_AOI_inclusion_only
PHV-0496,2026-07-05T21:34:00,5.39,125.04,26,1.9,042 km S 87° W of Balut Island (Municipality Of Sarangani) (Davao Occidental),https://earthquake.phivolcs.dost.gov.ph/2026_Earthquake_Information/July/2026_0705_1334_B1F.html,official_phivolcs_public_bulletin_row,not_checked_row_level; spatial_AOI_inclusion_only
PHV-0497,2026-07-05T21:38:00,5.60,125.16,11,2.2,025 km S 12° W of Glan (Sarangani),https://earthquake.phivolcs.dost.gov.ph/2026_Earthquake_Information/July/2026_0705_1338_B1F.html,official_phivolcs_public_bulletin_row,not_checked_row_level; spatial_AOI_inclusion_only
PHV-0498,2026-07-05T21:43:00,5.67,125.29,8,2.3,019 km S 30° E of Glan (Sarangani),https://earthquake.phivolcs.dost.gov.ph/2026_Earthquake_Information/July/2026_0705_1343_B2F.html,official_phivolcs_public_bulletin_row,not_checked_row_level; spatial_AOI_inclusion_only
PHV-0499,2026-07-05T21:51:00,5.72,125.33,20,1.7,017 km S 51° E of Glan (Sarangani),https://earthquake.phivolcs.dost.gov.ph/2026_Earthquake_Information/July/2026_0705_1351_B2F.html,official_phivolcs_public_bulletin_row,not_checked_row_level; spatial_AOI_inclusion_only
PHV-0500,2026-07-05T22:31:00,4.91,125.17,33,2.1,062 km S 27° W of Balut Island (Municipality Of Sarangani) (Davao Occidental),https://earthquake.phivolcs.dost.gov.ph/2026_Earthquake_Information/July/2026_0705_1431_B1F.html,official_phivolcs_public_bulletin_row,not_checked_row_level; spatial_AOI_inclusion_only
PHV-0501,2026-07-05T22:48:00,5.63,125.28,27,1.8,023 km S 21° E of Glan (Sarangani),https://earthquake.phivolcs.dost.gov.ph/2026_Earthquake_Information/July/2026_0705_144856_B2F.html,official_phivolcs_public_bulletin_row,not_checked_row_level; spatial_AOI_inclusion_only
PHV-0502,2026-07-05T23:02:00,5.29,125.34,22,3.6,016 km S 34° W of Balut Island (Municipality Of Sarangani) (Davao Occidental),https://earthquake.phivolcs.dost.gov.ph/2026_Earthquake_Information/July/2026_0705_1502_B2F.html,official_phivolcs_public_bulletin_row,not_checked_row_level; spatial_AOI_inclusion_only
PHV-0503,2026-07-05T23:52:00,5.36,125.31,27,2.0,014 km S 67° W of Balut Island (Municipality Of Sarangani) (Davao Occidental),https://earthquake.phivolcs.dost.gov.ph/2026_Earthquake_Information/July/2026_0705_1552_B1F.html,official_phivolcs_public_bulletin_row,not_checked_row_level; spatial_AOI_inclusion_only
PHV-0504,2026-07-06T00:06:00,5.87,125.35,20,1.6,013 km S 31° E of Malapatan (Sarangani),https://earthquake.phivolcs.dost.gov.ph/2026_Earthquake_Information/July/2026_0705_1606_B1F.html,official_phivolcs_public_bulletin_row,not_checked_row_level; spatial_AOI_inclusion_only
PHV-0505,2026-07-06T00:30:00,6.01,125.42,23,2.8,015 km N 71° E of Malapatan (Sarangani),https://earthquake.phivolcs.dost.gov.ph/2026_Earthquake_Information/July/2026_0705_1630_B1F.html,official_phivolcs_public_bulletin_row,not_checked_row_level; spatial_AOI_inclusion_only
PHV-0506,2026-07-06T00:35:00,5.11,125.21,22,2.5,041 km S 35° W of Balut Island (Municipality Of Sarangani) (Davao Occidental),https://earthquake.phivolcs.dost.gov.ph/2026_Earthquake_Information/July/2026_0705_1635_B2F.html,official_phivolcs_public_bulletin_row,not_checked_row_level; spatial_AOI_inclusion_only
PHV-0507,2026-07-06T00:39:00,5.48,125.41,28,2.8,007 km N 82° W of Sarangani Island (Municipality Of Sarangani) (Davao Occidental),https://earthquake.phivolcs.dost.gov.ph/2026_Earthquake_Information/July/2026_0705_1639_B1F.html,official_phivolcs_public_bulletin_row,not_checked_row_level; spatial_AOI_inclusion_only
PHV-0508,2026-07-06T00:44:00,5.33,125.09,38,2.4,037 km S 76° W of Balut Island (Municipality Of Sarangani) (Davao Occidental),https://earthquake.phivolcs.dost.gov.ph/2026_Earthquake_Information/July/2026_0705_1644_B1F.html,official_phivolcs_public_bulletin_row,not_checked_row_level; spatial_AOI_inclusion_only
PHV-0509,2026-07-06T00:50:00,5.36,125.20,14,2.0,025 km S 78° W of Balut Island (Municipality Of Sarangani) (Davao Occidental),https://earthquake.phivolcs.dost.gov.ph/2026_Earthquake_Information/July/2026_0705_1650_B1F.html,official_phivolcs_public_bulletin_row,not_checked_row_level; spatial_AOI_inclusion_only
PHV-0510,2026-07-06T01:00:00,5.84,125.32,22,2.3,014 km N 79° E of Glan (Sarangani),https://earthquake.phivolcs.dost.gov.ph/2026_Earthquake_Information/July/2026_0705_1700_B1F.html,official_phivolcs_public_bulletin_row,not_checked_row_level; spatial_AOI_inclusion_only
PHV-0511,2026-07-06T01:23:00,5.82,125.16,61,2.0,005 km N 88° W of Glan (Sarangani),https://earthquake.phivolcs.dost.gov.ph/2026_Earthquake_Information/July/2026_0705_1723_B1F.html,official_phivolcs_public_bulletin_row,not_checked_row_level; spatial_AOI_inclusion_only
PHV-0512,2026-07-06T01:26:00,5.82,125.24,26,2.3,004 km N 86° E of Glan (Sarangani),https://earthquake.phivolcs.dost.gov.ph/2026_Earthquake_Information/July/2026_0705_1726_B1F.html,official_phivolcs_public_bulletin_row,not_checked_row_level; spatial_AOI_inclusion_only
PHV-0513,2026-07-06T01:42:00,5.34,125.34,30,1.6,012 km S 48° W of Balut Island (Municipality Of Sarangani) (Davao Occidental),https://earthquake.phivolcs.dost.gov.ph/2026_Earthquake_Information/July/2026_0705_1742_B1F.html,official_phivolcs_public_bulletin_row,not_checked_row_level; spatial_AOI_inclusion_only
PHV-0514,2026-07-06T01:57:00,5.76,125.23,13,1.7,008 km S 25° E of Glan (Sarangani),https://earthquake.phivolcs.dost.gov.ph/2026_Earthquake_Information/July/2026_0705_1757_B1F.html,official_phivolcs_public_bulletin_row,not_checked_row_level; spatial_AOI_inclusion_only
PHV-0515,2026-07-06T02:10:00,5.55,124.79,6,3.1,041 km S 34° W of Maasim (Sarangani),https://earthquake.phivolcs.dost.gov.ph/2026_Earthquake_Information/July/2026_0705_1810_B2F.html,official_phivolcs_public_bulletin_row,not_checked_row_level; spatial_AOI_inclusion_only
PHV-0516,2026-07-06T02:17:00,5.90,125.45,17,2.3,020 km S 66° E of Malapatan (Sarangani),https://earthquake.phivolcs.dost.gov.ph/2026_Earthquake_Information/July/2026_0705_1817_B2.html,official_phivolcs_public_bulletin_row,not_checked_row_level; spatial_AOI_inclusion_only
PHV-0517,2026-07-06T02:42:00,5.81,125.34,18,2.1,015 km S 83° E of Glan (Sarangani),https://earthquake.phivolcs.dost.gov.ph/2026_Earthquake_Information/July/2026_0705_1842_B2F.html,official_phivolcs_public_bulletin_row,not_checked_row_level; spatial_AOI_inclusion_only
PHV-0518,2026-07-06T02:43:00,5.41,125.27,9,1.8,019 km N 86° W of Balut Island (Municipality Of Sarangani) (Davao Occidental),https://earthquake.phivolcs.dost.gov.ph/2026_Earthquake_Information/July/2026_0705_1843_B1F.html,official_phivolcs_public_bulletin_row,not_checked_row_level; spatial_AOI_inclusion_only
PHV-0519,2026-07-06T02:48:00,5.60,124.98,24,2.2,030 km S 05° W of Maasim (Sarangani),https://earthquake.phivolcs.dost.gov.ph/2026_Earthquake_Information/July/2026_0705_1848_B1F.html,official_phivolcs_public_bulletin_row,not_checked_row_level; spatial_AOI_inclusion_only
PHV-0520,2026-07-06T03:26:00,5.00,125.22,29,3.1,051 km S 26° W of Balut Island (Municipality Of Sarangani) (Davao Occidental),https://earthquake.phivolcs.dost.gov.ph/2026_Earthquake_Information/July/2026_0705_1926_B2.html,official_phivolcs_public_bulletin_row,not_checked_row_level; spatial_AOI_inclusion_only
PHV-0521,2026-07-06T03:41:00,5.81,125.36,17,1.7,017 km S 87° E of Glan (Sarangani),https://earthquake.phivolcs.dost.gov.ph/2026_Earthquake_Information/July/2026_0705_1941_B2F.html,official_phivolcs_public_bulletin_row,not_checked_row_level; spatial_AOI_inclusion_only
PHV-0522,2026-07-06T04:08:00,5.38,125.46,9,2.3,005 km S 51° E of Balut Island (Municipality Of Sarangani) (Davao Occidental),https://earthquake.phivolcs.dost.gov.ph/2026_Earthquake_Information/July/2026_0705_2008_B2F.html,official_phivolcs_public_bulletin_row,not_checked_row_level; spatial_AOI_inclusion_only
PHV-0523,2026-07-06T04:30:00,5.13,125.26,39,3.1,036 km S 29° W of Balut Island (Municipality Of Sarangani) (Davao Occidental),https://earthquake.phivolcs.dost.gov.ph/2026_Earthquake_Information/July/2026_0705_2030_B2F.html,official_phivolcs_public_bulletin_row,not_checked_row_level; spatial_AOI_inclusion_only
PHV-0524,2026-07-06T04:51:00,6.03,125.60,31,1.8,014 km N 20° W of Jose Abad Santos (Davao Occidental),https://earthquake.phivolcs.dost.gov.ph/2026_Earthquake_Information/July/2026_0705_2051_B1F.html,official_phivolcs_public_bulletin_row,not_checked_row_level; spatial_AOI_inclusion_only
PHV-0525,2026-07-06T04:54:00,5.82,125.38,12,1.8,019 km S 33° E of Malapatan (Sarangani),https://earthquake.phivolcs.dost.gov.ph/2026_Earthquake_Information/July/2026_0705_2054_B1F.html,official_phivolcs_public_bulletin_row,not_checked_row_level; spatial_AOI_inclusion_only
PHV-0526,2026-07-06T05:14:00,5.89,125.39,13,2.0,014 km S 53° E of Malapatan (Sarangani),https://earthquake.phivolcs.dost.gov.ph/2026_Earthquake_Information/July/2026_0705_2114_B2.html,official_phivolcs_public_bulletin_row,not_checked_row_level; spatial_AOI_inclusion_only
PHV-0527,2026-07-06T05:19:00,5.94,125.38,12,1.7,011 km S 74° E of Malapatan (Sarangani),https://earthquake.phivolcs.dost.gov.ph/2026_Earthquake_Information/July/2026_0705_211944_B1F.html,official_phivolcs_public_bulletin_row,not_checked_row_level; spatial_AOI_inclusion_only
PHV-0528,2026-07-06T05:19:00,5.51,125.10,25,1.2,036 km S 18° W of Glan (Sarangani),https://earthquake.phivolcs.dost.gov.ph/2026_Earthquake_Information/July/2026_0705_2119_B1F.html,official_phivolcs_public_bulletin_row,not_checked_row_level; spatial_AOI_inclusion_only
PHV-0529,2026-07-06T05:23:00,5.65,125.24,20,2.0,019 km S 12° E of Glan (Sarangani),https://earthquake.phivolcs.dost.gov.ph/2026_Earthquake_Information/July/2026_0705_2123_B2.html,official_phivolcs_public_bulletin_row,not_checked_row_level; spatial_AOI_inclusion_only
PHV-0530,2026-07-06T06:00:00,5.48,125.09,1,2.1,037 km N 79° W of Balut Island (Municipality Of Sarangani) (Davao Occidental),https://earthquake.phivolcs.dost.gov.ph/2026_Earthquake_Information/July/2026_0705_2200_B1F.html,official_phivolcs_public_bulletin_row,not_checked_row_level; spatial_AOI_inclusion_only
PHV-0531,2026-07-06T06:20:00,5.53,125.28,12,3.1,020 km N 49° W of Balut Island (Municipality Of Sarangani) (Davao Occidental),https://earthquake.phivolcs.dost.gov.ph/2026_Earthquake_Information/July/2026_0705_2220_B2F.html,official_phivolcs_public_bulletin_row,not_checked_row_level; spatial_AOI_inclusion_only
PHV-0532,2026-07-06T06:46:00,5.32,125.32,30,2.1,015 km S 49° W of Balut Island (Municipality Of Sarangani) (Davao Occidental),https://earthquake.phivolcs.dost.gov.ph/2026_Earthquake_Information/July/2026_0705_2246_B1F.html,official_phivolcs_public_bulletin_row,not_checked_row_level; spatial_AOI_inclusion_only
PHV-0533,2026-07-06T06:56:00,5.19,125.33,39,2.7,026 km S 22° W of Balut Island (Municipality Of Sarangani) (Davao Occidental),https://earthquake.phivolcs.dost.gov.ph/2026_Earthquake_Information/July/2026_0705_2256_B2F.html,official_phivolcs_public_bulletin_row,not_checked_row_level; spatial_AOI_inclusion_only
PHV-0534,2026-07-06T07:35:00,5.71,124.73,27,2.0,033 km S 22° E of Kiamba (Sarangani),https://earthquake.phivolcs.dost.gov.ph/2026_Earthquake_Information/July/2026_0705_2335_B1F.html,official_phivolcs_public_bulletin_row,not_checked_row_level; spatial_AOI_inclusion_only
PHV-0535,2026-07-06T08:32:00,5.35,125.15,23,2.1,031 km S 78° W of Balut Island (Municipality Of Sarangani) (Davao Occidental),https://earthquake.phivolcs.dost.gov.ph/2026_Earthquake_Information/July/2026_0706_0032_B1F.html,official_phivolcs_public_bulletin_row,not_checked_row_level; spatial_AOI_inclusion_only
PHV-0536,2026-07-06T09:15:00,5.19,125.31,5,2.1,028 km S 27° W of Balut Island (Municipality Of Sarangani) (Davao Occidental),https://earthquake.phivolcs.dost.gov.ph/2026_Earthquake_Information/July/2026_0706_0115_B2.html,official_phivolcs_public_bulletin_row,not_checked_row_level; spatial_AOI_inclusion_only
PHV-0537,2026-07-06T09:24:00,6.07,125.30,15,1.6,004 km S 06° E of Alabel (Sarangani),https://earthquake.phivolcs.dost.gov.ph/2026_Earthquake_Information/July/2026_0706_0124_B1.html,official_phivolcs_public_bulletin_row,not_checked_row_level; spatial_AOI_inclusion_only
PHV-0538,2026-07-06T10:12:00,5.15,125.25,13,2.4,035 km S 33° W of Balut Island (Municipality Of Sarangani) (Davao Occidental),https://earthquake.phivolcs.dost.gov.ph/2026_Earthquake_Information/July/2026_0706_0212_B1F.html,official_phivolcs_public_bulletin_row,not_checked_row_level; spatial_AOI_inclusion_only
PHV-0539,2026-07-06T10:25:00,5.57,125.27,34,1.5,024 km N 43° W of Balut Island (Municipality Of Sarangani) (Davao Occidental),https://earthquake.phivolcs.dost.gov.ph/2026_Earthquake_Information/July/2026_0706_0225_B1F.html,official_phivolcs_public_bulletin_row,not_checked_row_level; spatial_AOI_inclusion_only
PHV-0540,2026-07-06T10:36:00,5.61,125.26,19,2.5,029 km N 39° W of Balut Island (Municipality Of Sarangani) (Davao Occidental),https://earthquake.phivolcs.dost.gov.ph/2026_Earthquake_Information/July/2026_0706_0236_B2F.html,official_phivolcs_public_bulletin_row,not_checked_row_level; spatial_AOI_inclusion_only
PHV-0541,2026-07-06T10:51:00,6.09,125.84,22,2.7,021 km S 53° E of Don Marcelino (Davao Occidental),https://earthquake.phivolcs.dost.gov.ph/2026_Earthquake_Information/July/2026_0706_0251_B2.html,official_phivolcs_public_bulletin_row,not_checked_row_level; spatial_AOI_inclusion_only
PHV-0542,2026-07-06T11:15:00,5.64,125.28,32,1.3,022 km S 22° E of Glan (Sarangani),https://earthquake.phivolcs.dost.gov.ph/2026_Earthquake_Information/July/2026_0706_0315_B1F.html,official_phivolcs_public_bulletin_row,not_checked_row_level; spatial_AOI_inclusion_only
PHV-0543,2026-07-06T11:16:00,5.61,125.27,31,1.3,025 km S 17° E of Glan (Sarangani),https://earthquake.phivolcs.dost.gov.ph/2026_Earthquake_Information/July/2026_0706_031648_B1F.html,official_phivolcs_public_bulletin_row,not_checked_row_level; spatial_AOI_inclusion_only
PHV-0544,2026-07-06T11:41:00,5.57,125.16,5,2.5,034 km N 59° W of Balut Island (Municipality Of Sarangani) (Davao Occidental),https://earthquake.phivolcs.dost.gov.ph/2026_Earthquake_Information/July/2026_0706_0341_B2F.html,official_phivolcs_public_bulletin_row,not_checked_row_level; spatial_AOI_inclusion_only
PHV-0545,2026-07-06T12:06:00,5.72,125.33,12,2.2,018 km S 50° E of Glan (Sarangani),https://earthquake.phivolcs.dost.gov.ph/2026_Earthquake_Information/July/2026_0706_0406_B2F.html,official_phivolcs_public_bulletin_row,not_checked_row_level; spatial_AOI_inclusion_only
PHV-0546,2026-07-06T12:14:00,5.54,124.78,16,2.0,052 km S 19° E of Kiamba (Sarangani),https://earthquake.phivolcs.dost.gov.ph/2026_Earthquake_Information/July/2026_0706_0414_B2F.html,official_phivolcs_public_bulletin_row,not_checked_row_level; spatial_AOI_inclusion_only
PHV-0547,2026-07-06T12:15:00,5.69,125.29,5,1.4,017 km S 32° E of Glan (Sarangani),https://earthquake.phivolcs.dost.gov.ph/2026_Earthquake_Information/July/2026_0706_0415_B1F.html,official_phivolcs_public_bulletin_row,not_checked_row_level; spatial_AOI_inclusion_only
PHV-0548,2026-07-06T12:51:00,6.17,125.21,110,3.3,012 km N 51° W of Alabel (Sarangani),https://earthquake.phivolcs.dost.gov.ph/2026_Earthquake_Information/July/2026_0706_0451_B2.html,official_phivolcs_public_bulletin_row,not_checked_row_level; spatial_AOI_inclusion_only
PHV-0549,2026-07-06T13:02:00,4.94,124.81,15,2.8,085 km S 53° W of Balut Island (Municipality Of Sarangani) (Davao Occidental),https://earthquake.phivolcs.dost.gov.ph/2026_Earthquake_Information/July/2026_0706_0502_B2F.html,official_phivolcs_public_bulletin_row,not_checked_row_level; spatial_AOI_inclusion_only
PHV-0550,2026-07-06T13:24:00,5.37,125.29,33,1.8,015 km S 73° W of Balut Island (Municipality Of Sarangani) (Davao Occidental),https://earthquake.phivolcs.dost.gov.ph/2026_Earthquake_Information/July/2026_0706_0524_B1F.html,official_phivolcs_public_bulletin_row,not_checked_row_level; spatial_AOI_inclusion_only
PHV-0551,2026-07-06T13:25:00,5.03,124.60,15,2.3,100 km S 65° W of Balut Island (Municipality Of Sarangani) (Davao Occidental),https://earthquake.phivolcs.dost.gov.ph/2026_Earthquake_Information/July/2026_0706_0525_B1F.html,official_phivolcs_public_bulletin_row,not_checked_row_level; spatial_AOI_inclusion_only
PHV-0552,2026-07-06T13:52:00,5.38,125.35,24,1.5,008 km S 67° W of Balut Island (Municipality Of Sarangani) (Davao Occidental),https://earthquake.phivolcs.dost.gov.ph/2026_Earthquake_Information/July/2026_0706_0552_B1F.html,official_phivolcs_public_bulletin_row,not_checked_row_level; spatial_AOI_inclusion_only
PHV-0553,2026-07-06T14:08:00,5.64,125.32,22,2.3,024 km S 31° E of Glan (Sarangani),https://earthquake.phivolcs.dost.gov.ph/2026_Earthquake_Information/July/2026_0706_0608_B2F.html,official_phivolcs_public_bulletin_row,not_checked_row_level; spatial_AOI_inclusion_only
PHV-0554,2026-07-06T14:48:00,6.10,125.41,20,1.7,013 km East of Alabel (Sarangani),https://earthquake.phivolcs.dost.gov.ph/2026_Earthquake_Information/July/2026_0706_0648_B1.html,official_phivolcs_public_bulletin_row,not_checked_row_level; spatial_AOI_inclusion_only
PHV-0555,2026-07-06T15:18:00,5.59,125.42,29,1.6,015 km N 22° W of Sarangani Island (Municipality Of Sarangani) (Davao Occidental),https://earthquake.phivolcs.dost.gov.ph/2026_Earthquake_Information/July/2026_0706_0718_B1F.html,official_phivolcs_public_bulletin_row,not_checked_row_level; spatial_AOI_inclusion_only
PHV-0556,2026-07-06T16:11:00,5.01,125.30,18,6.0,047 km S 16° W of Balut Island (Municipality Of Sarangani) (Davao Occidental),https://earthquake.phivolcs.dost.gov.ph/2026_Earthquake_Information/July/2026_0706_0811_B2F.html,official_phivolcs_public_bulletin_row,not_checked_row_level; spatial_AOI_inclusion_only
PHV-0557,2026-07-06T16:41:00,4.90,125.32,22,5.3,057 km S 11° W of Balut Island (Municipality Of Sarangani) (Davao Occidental),https://earthquake.phivolcs.dost.gov.ph/2026_Earthquake_Information/July/2026_0706_0841_B3F.html,official_phivolcs_public_bulletin_row,not_checked_row_level; spatial_AOI_inclusion_only
PHV-0558,2026-07-06T16:49:00,5.82,125.33,22,3.5,014 km S 89° E of Glan (Sarangani),https://earthquake.phivolcs.dost.gov.ph/2026_Earthquake_Information/July/2026_0706_0849_B2F.html,official_phivolcs_public_bulletin_row,not_checked_row_level; spatial_AOI_inclusion_only
PHV-0559,2026-07-06T16:51:00,4.40,125.23,9,3.2,114 km S 11° W of Balut Island (Municipality Of Sarangani) (Davao Occidental),https://earthquake.phivolcs.dost.gov.ph/2026_Earthquake_Information/July/2026_0706_0851_B2F.html,official_phivolcs_public_bulletin_row,not_checked_row_level; spatial_AOI_inclusion_only
PHV-0560,2026-07-06T17:06:00,4.71,125.38,32,3.5,078 km S 04° W of Balut Island (Municipality Of Sarangani) (Davao Occidental),https://earthquake.phivolcs.dost.gov.ph/2026_Earthquake_Information/July/2026_0706_0906_B2F.html,official_phivolcs_public_bulletin_row,not_checked_row_level; spatial_AOI_inclusion_only
PHV-0561,2026-07-06T17:16:00,4.97,125.16,4,2.8,057 km S 31° W of Balut Island (Municipality Of Sarangani) (Davao Occidental),https://earthquake.phivolcs.dost.gov.ph/2026_Earthquake_Information/July/2026_0706_0916_B1F.html,official_phivolcs_public_bulletin_row,not_checked_row_level; spatial_AOI_inclusion_only
PHV-0562,2026-07-06T17:24:00,5.19,125.21,4,2.7,034 km S 44° W of Balut Island (Municipality Of Sarangani) (Davao Occidental),https://earthquake.phivolcs.dost.gov.ph/2026_Earthquake_Information/July/2026_0706_0924_B2F.html,official_phivolcs_public_bulletin_row,not_checked_row_level; spatial_AOI_inclusion_only
PHV-0563,2026-07-06T17:38:00,4.72,125.38,89,2.8,077 km S 04° W of Balut Island (Municipality Of Sarangani) (Davao Occidental),https://earthquake.phivolcs.dost.gov.ph/2026_Earthquake_Information/July/2026_0706_0938_B2F.html,official_phivolcs_public_bulletin_row,not_checked_row_level; spatial_AOI_inclusion_only
PHV-0564,2026-07-06T17:44:00,4.94,125.25,35,2.1,056 km S 20° W of Balut Island (Municipality Of Sarangani) (Davao Occidental),https://earthquake.phivolcs.dost.gov.ph/2026_Earthquake_Information/July/2026_0706_0944_B2F.html,official_phivolcs_public_bulletin_row,not_checked_row_level; spatial_AOI_inclusion_only
PHV-0565,2026-07-06T17:53:00,5.19,125.30,17,2.5,028 km S 29° W of Balut Island (Municipality Of Sarangani) (Davao Occidental),https://earthquake.phivolcs.dost.gov.ph/2026_Earthquake_Information/July/2026_0706_0953_B1F.html,official_phivolcs_public_bulletin_row,not_checked_row_level; spatial_AOI_inclusion_only
PHV-0566,2026-07-06T18:02:00,5.69,125.30,18,3.0,018 km S 37° E of Glan (Sarangani),https://earthquake.phivolcs.dost.gov.ph/2026_Earthquake_Information/July/2026_0706_1002_B2F.html,official_phivolcs_public_bulletin_row,not_checked_row_level; spatial_AOI_inclusion_only
PHV-0567,2026-07-06T18:09:00,5.00,124.99,18,2.7,066 km S 46° W of Balut Island (Municipality Of Sarangani) (Davao Occidental),https://earthquake.phivolcs.dost.gov.ph/2026_Earthquake_Information/July/2026_0706_1009_B2F.html,official_phivolcs_public_bulletin_row,not_checked_row_level; spatial_AOI_inclusion_only
PHV-0568,2026-07-06T18:13:00,4.87,125.16,24,3.6,067 km S 26° W of Balut Island (Municipality Of Sarangani) (Davao Occidental),https://earthquake.phivolcs.dost.gov.ph/2026_Earthquake_Information/July/2026_0706_1013_B2F.html,official_phivolcs_public_bulletin_row,not_checked_row_level; spatial_AOI_inclusion_only
PHV-0569,2026-07-06T18:21:00,5.85,125.60,17,2.6,009 km S 37° W of Jose Abad Santos (Davao Occidental),https://earthquake.phivolcs.dost.gov.ph/2026_Earthquake_Information/July/2026_0706_1021_B2F.html,official_phivolcs_public_bulletin_row,not_checked_row_level; spatial_AOI_inclusion_only
PHV-0570,2026-07-06T18:27:00,5.12,125.51,18,3.8,034 km S 17° E of Balut Island (Municipality Of Sarangani) (Davao Occidental),https://earthquake.phivolcs.dost.gov.ph/2026_Earthquake_Information/July/2026_0706_1027_B2F.html,official_phivolcs_public_bulletin_row,not_checked_row_level; spatial_AOI_inclusion_only
PHV-0571,2026-07-06T18:33:00,5.57,125.21,9,2.5,029 km N 54° W of Balut Island (Municipality Of Sarangani) (Davao Occidental),https://earthquake.phivolcs.dost.gov.ph/2026_Earthquake_Information/July/2026_0706_1033_B2F.html,official_phivolcs_public_bulletin_row,not_checked_row_level; spatial_AOI_inclusion_only
PHV-0572,2026-07-06T18:43:00,4.68,125.15,30,3.7,087 km S 21° W of Balut Island (Municipality Of Sarangani) (Davao Occidental),https://earthquake.phivolcs.dost.gov.ph/2026_Earthquake_Information/July/2026_0706_1043_B2F.html,official_phivolcs_public_bulletin_row,not_checked_row_level; spatial_AOI_inclusion_only
PHV-0573,2026-07-06T18:57:00,5.97,124.58,15,3.8,006 km S 70° W of Kiamba (Sarangani),https://earthquake.phivolcs.dost.gov.ph/2026_Earthquake_Information/July/2026_0706_1057_B2F.html,official_phivolcs_public_bulletin_row,not_checked_row_level; spatial_AOI_inclusion_only
PHV-0574,2026-07-06T19:11:00,4.90,125.03,15,3.2,072 km S 38° W of Balut Island (Municipality Of Sarangani) (Davao Occidental),https://earthquake.phivolcs.dost.gov.ph/2026_Earthquake_Information/July/2026_0706_1111_B1F.html,official_phivolcs_public_bulletin_row,not_checked_row_level; spatial_AOI_inclusion_only
PHV-0575,2026-07-06T19:17:00,4.96,125.21,24,2.4,039 km S 40° W of Balut Island (Municipality Of Sarangani) (Davao Occidental),https://earthquake.phivolcs.dost.gov.ph/2026_Earthquake_Information/July/2026_0706_1117_B1F.html,official_phivolcs_public_bulletin_row,not_checked_row_level; spatial_AOI_inclusion_only
PHV-0576,2026-07-06T19:18:00,5.07,125.24,14,3.0,043 km S 27° W of Balut Island (Municipality Of Sarangani) (Davao Occidental),https://earthquake.phivolcs.dost.gov.ph/2026_Earthquake_Information/July/2026_0706_1118_B1F.html,official_phivolcs_public_bulletin_row,not_checked_row_level; spatial_AOI_inclusion_only
PHV-0577,2026-07-06T20:13:00,5.37,125.44,7,2.4,005 km S 24° E of Balut Island (Municipality Of Sarangani) (Davao Occidental),https://earthquake.phivolcs.dost.gov.ph/2026_Earthquake_Information/July/2026_0706_1213_B2F.html,official_phivolcs_public_bulletin_row,not_checked_row_level; spatial_AOI_inclusion_only
PHV-0578,2026-07-06T20:17:00,5.41,125.28,31,2.7,016 km S 89° W of Balut Island (Municipality Of Sarangani) (Davao Occidental),https://earthquake.phivolcs.dost.gov.ph/2026_Earthquake_Information/July/2026_0706_1217_B1F.html,official_phivolcs_public_bulletin_row,not_checked_row_level; spatial_AOI_inclusion_only
PHV-0579,2026-07-06T20:22:00,4.83,125.23,34,3.1,068 km S 18° W of Balut Island (Municipality Of Sarangani) (Davao Occidental),https://earthquake.phivolcs.dost.gov.ph/2026_Earthquake_Information/July/2026_0706_1222_B2F.html,official_phivolcs_public_bulletin_row,not_checked_row_level; spatial_AOI_inclusion_only
PHV-0580,2026-07-06T20:26:00,5.18,125.26,2,2.1,031 km S 34° W of Balut Island (Municipality Of Sarangani) (Davao Occidental),https://earthquake.phivolcs.dost.gov.ph/2026_Earthquake_Information/July/2026_0706_1226_B2F.html,official_phivolcs_public_bulletin_row,not_checked_row_level; spatial_AOI_inclusion_only
PHV-0581,2026-07-06T20:55:00,5.28,125.29,5,1.9,021 km S 45° W of Balut Island (Municipality Of Sarangani) (Davao Occidental),https://earthquake.phivolcs.dost.gov.ph/2026_Earthquake_Information/July/2026_0706_1255_B2F.html,official_phivolcs_public_bulletin_row,not_checked_row_level; spatial_AOI_inclusion_only
PHV-0582,2026-07-06T21:20:00,4.81,125.34,26,4.1,067 km S 07° W of Balut Island (Municipality Of Sarangani) (Davao Occidental),https://earthquake.phivolcs.dost.gov.ph/2026_Earthquake_Information/July/2026_0706_1320_B2F.html,official_phivolcs_public_bulletin_row,not_checked_row_level; spatial_AOI_inclusion_only
PHV-0583,2026-07-06T21:31:00,5.47,125.27,27,2.6,023 km S 89° W of Sarangani Island (Municipality Of Sarangani) (Davao Occidental),https://earthquake.phivolcs.dost.gov.ph/2026_Earthquake_Information/July/2026_0706_1331_B2.html,official_phivolcs_public_bulletin_row,not_checked_row_level; spatial_AOI_inclusion_only
PHV-0584,2026-07-06T21:50:00,4.95,125.19,22,3.4,057 km S 27° W of Balut Island (Municipality Of Sarangani) (Davao Occidental),https://earthquake.phivolcs.dost.gov.ph/2026_Earthquake_Information/July/2026_0706_1350_B2F.html,official_phivolcs_public_bulletin_row,not_checked_row_level; spatial_AOI_inclusion_only
PHV-0585,2026-07-06T21:56:00,4.83,125.29,31,2.7,066 km S 13° W of Balut Island (Municipality Of Sarangani) (Davao Occidental),https://earthquake.phivolcs.dost.gov.ph/2026_Earthquake_Information/July/2026_0706_1356_B2F.html,official_phivolcs_public_bulletin_row,not_checked_row_level; spatial_AOI_inclusion_only
PHV-0586,2026-07-06T22:27:00,5.94,125.33,26,2.0,005 km S 49° E of Malapatan (Sarangani),https://earthquake.phivolcs.dost.gov.ph/2026_Earthquake_Information/July/2026_0706_1427_B2F.html,official_phivolcs_public_bulletin_row,not_checked_row_level; spatial_AOI_inclusion_only
PHV-0587,2026-07-06T22:30:00,4.95,125.11,6,2.4,052 km S 30° W of Balut Island (Municipality Of Sarangani) (Davao Occidental),https://earthquake.phivolcs.dost.gov.ph/2026_Earthquake_Information/July/2026_0706_1430_B1F.html,official_phivolcs_public_bulletin_row,not_checked_row_level; spatial_AOI_inclusion_only
PHV-0588,2026-07-06T22:49:00,4.59,125.04,27,3.9,101 km S 25° W of Balut Island (Municipality Of Sarangani) (Davao Occidental),https://earthquake.phivolcs.dost.gov.ph/2026_Earthquake_Information/July/2026_0706_1449_B2F.html,official_phivolcs_public_bulletin_row,not_checked_row_level; spatial_AOI_inclusion_only
PHV-0589,2026-07-07T00:01:00,4.91,125.00,33,2.7,073 km S 40° W of Balut Island (Municipality Of Sarangani) (Davao Occidental),https://earthquake.phivolcs.dost.gov.ph/2026_Earthquake_Information/July/2026_0706_1601_B1F.html,official_phivolcs_public_bulletin_row,not_checked_row_level; spatial_AOI_inclusion_only
PHV-0590,2026-07-07T00:17:00,5.65,125.30,16,2.7,021 km S 30° E of Glan (Sarangani),https://earthquake.phivolcs.dost.gov.ph/2026_Earthquake_Information/July/2026_0706_1617_B2F.html,official_phivolcs_public_bulletin_row,not_checked_row_level; spatial_AOI_inclusion_only
PHV-0591,2026-07-07T00:36:00,5.65,125.32,5,2.3,023 km S 34° E of Glan (Sarangani),https://earthquake.phivolcs.dost.gov.ph/2026_Earthquake_Information/July/2026_0706_1636_B1.html,official_phivolcs_public_bulletin_row,not_checked_row_level; spatial_AOI_inclusion_only
PHV-0592,2026-07-07T01:13:00,5.32,125.16,34,3.9,031 km S 70° W of Balut Island (Municipality Of Sarangani) (Davao Occidental),https://earthquake.phivolcs.dost.gov.ph/2026_Earthquake_Information/July/2026_0706_1713_B2F.html,official_phivolcs_public_bulletin_row,not_checked_row_level; spatial_AOI_inclusion_only
PHV-0593,2026-07-07T01:34:00,5.83,125.37,19,1.7,018 km N 89° E of Glan (Sarangani),https://earthquake.phivolcs.dost.gov.ph/2026_Earthquake_Information/July/2026_0706_1734_B1F.html,official_phivolcs_public_bulletin_row,not_checked_row_level; spatial_AOI_inclusion_only
PHV-0594,2026-07-07T01:48:00,5.41,125.39,17,4.1,004 km S 81° W of Balut Island (Municipality Of Sarangani) (Davao Occidental),https://earthquake.phivolcs.dost.gov.ph/2026_Earthquake_Information/July/2026_0706_1748_B3F.html,official_phivolcs_public_bulletin_row,not_checked_row_level; spatial_AOI_inclusion_only
PHV-0595,2026-07-07T02:09:00,4.84,125.17,28,3.7,069 km S 24° W of Balut Island (Municipality Of Sarangani) (Davao Occidental),https://earthquake.phivolcs.dost.gov.ph/2026_Earthquake_Information/July/2026_0706_1809_B2F.html,official_phivolcs_public_bulletin_row,not_checked_row_level; spatial_AOI_inclusion_only
PHV-0596,2026-07-07T03:32:00,5.11,125.14,1,2.7,046 km S 42° W of Balut Island (Municipality Of Sarangani) (Davao Occidental),https://earthquake.phivolcs.dost.gov.ph/2026_Earthquake_Information/July/2026_0706_1932_B1F.html,official_phivolcs_public_bulletin_row,not_checked_row_level; spatial_AOI_inclusion_only
PHV-0597,2026-07-07T04:33:00,5.98,125.35,19,1.9,007 km N 84° E of Malapatan (Sarangani),https://earthquake.phivolcs.dost.gov.ph/2026_Earthquake_Information/July/2026_0706_2033_B1F.html,official_phivolcs_public_bulletin_row,not_checked_row_level; spatial_AOI_inclusion_only
PHV-0598,2026-07-07T05:30:00,4.65,125.22,20,3.6,087 km S 15° W of Balut Island (Municipality Of Sarangani) (Davao Occidental),https://earthquake.phivolcs.dost.gov.ph/2026_Earthquake_Information/July/2026_0706_2130_B2F.html,official_phivolcs_public_bulletin_row,not_checked_row_level; spatial_AOI_inclusion_only
PHV-0599,2026-07-07T05:38:00,4.87,125.23,96,3.5,064 km S 20° W of Balut Island (Municipality Of Sarangani) (Davao Occidental),https://earthquake.phivolcs.dost.gov.ph/2026_Earthquake_Information/July/2026_0706_2138_B2F.html,official_phivolcs_public_bulletin_row,not_checked_row_level; spatial_AOI_inclusion_only
PHV-0600,2026-07-07T06:08:00,4.85,125.26,35,2.8,051 km S 09° W of Balut Island (Municipality Of Sarangani) (Davao Occidental),https://earthquake.phivolcs.dost.gov.ph/2026_Earthquake_Information/July/2026_0706_2208_B2F.html,official_phivolcs_public_bulletin_row,not_checked_row_level; spatial_AOI_inclusion_only
PHV-0601,2026-07-07T07:14:00,5.65,125.28,3,2.7,019 km S 21° E of Glan (Sarangani),https://earthquake.phivolcs.dost.gov.ph/2026_Earthquake_Information/July/2026_0706_2314_B2F.html,official_phivolcs_public_bulletin_row,not_checked_row_level; spatial_AOI_inclusion_only
PHV-0602,2026-07-07T07:54:00,5.48,125.29,8,3.1,016 km N 63° W of Balut Island (Municipality Of Sarangani) (Davao Occidental),https://earthquake.phivolcs.dost.gov.ph/2026_Earthquake_Information/July/2026_0706_2354_B2F.html,official_phivolcs_public_bulletin_row,not_checked_row_level; spatial_AOI_inclusion_only
PHV-0603,2026-07-07T08:07:00,5.57,125.32,1,2.5,030 km S 25° E of Glan (Sarangani),https://earthquake.phivolcs.dost.gov.ph/2026_Earthquake_Information/July/2026_0707_0007_B2F.html,official_phivolcs_public_bulletin_row,not_checked_row_level; spatial_AOI_inclusion_only
PHV-0604,2026-07-07T08:25:00,5.29,125.28,33,2.0,021 km S 49° W of Balut Island (Municipality Of Sarangani) (Davao Occidental),https://earthquake.phivolcs.dost.gov.ph/2026_Earthquake_Information/July/2026_0707_0025_B1F.html,official_phivolcs_public_bulletin_row,not_checked_row_level; spatial_AOI_inclusion_only
PHV-0605,2026-07-07T09:41:00,5.37,125.05,23,2.7,042 km S 83° W of Balut Island (Municipality Of Sarangani) (Davao Occidental),https://earthquake.phivolcs.dost.gov.ph/2026_Earthquake_Information/July/2026_0707_0141_B2F.html,official_phivolcs_public_bulletin_row,not_checked_row_level; spatial_AOI_inclusion_only
PHV-0606,2026-07-07T09:56:00,6.11,125.74,16,1.5,011 km S 27° E of Don Marcelino (Davao Occidental),https://earthquake.phivolcs.dost.gov.ph/2026_Earthquake_Information/July/2026_0707_0156_B2.html,official_phivolcs_public_bulletin_row,not_checked_row_level; spatial_AOI_inclusion_only
PHV-0607,2026-07-07T10:24:00,5.78,125.35,12,2.0,017 km S 74° E of Glan (Sarangani),https://earthquake.phivolcs.dost.gov.ph/2026_Earthquake_Information/July/2026_0707_0224_B1F.html,official_phivolcs_public_bulletin_row,not_checked_row_level; spatial_AOI_inclusion_only
PHV-0608,2026-07-07T10:30:00,5.50,125.29,26,1.8,017 km N 55° W of Balut Island (Municipality Of Sarangani) (Davao Occidental),https://earthquake.phivolcs.dost.gov.ph/2026_Earthquake_Information/July/2026_0707_0230_B1F.html,official_phivolcs_public_bulletin_row,not_checked_row_level; spatial_AOI_inclusion_only
PHV-0609,2026-07-07T10:56:00,5.57,125.24,32,1.3,026 km N 50° W of Balut Island (Municipality Of Sarangani) (Davao Occidental),https://earthquake.phivolcs.dost.gov.ph/2026_Earthquake_Information/July/2026_0707_0256_B1F.html,official_phivolcs_public_bulletin_row,not_checked_row_level; spatial_AOI_inclusion_only
PHV-0610,2026-07-07T10:58:00,5.29,125.36,5,2.5,015 km S 29° W of Balut Island (Municipality Of Sarangani) (Davao Occidental),https://earthquake.phivolcs.dost.gov.ph/2026_Earthquake_Information/July/2026_0707_0258_B2.html,official_phivolcs_public_bulletin_row,not_checked_row_level; spatial_AOI_inclusion_only
PHV-0611,2026-07-07T11:14:00,5.51,125.46,28,2.0,005 km N 22° W of Sarangani Island (Municipality Of Sarangani) (Davao Occidental),https://earthquake.phivolcs.dost.gov.ph/2026_Earthquake_Information/July/2026_0707_0314_B1F.html,official_phivolcs_public_bulletin_row,not_checked_row_level; spatial_AOI_inclusion_only
PHV-0612,2026-07-07T13:00:00,5.63,125.05,23,2.4,026 km S 14° E of Maasim (Sarangani),https://earthquake.phivolcs.dost.gov.ph/2026_Earthquake_Information/July/2026_0707_0500_B1F.html,official_phivolcs_public_bulletin_row,not_checked_row_level; spatial_AOI_inclusion_only
PHV-0613,2026-07-07T13:37:00,5.58,125.30,8,2.3,023 km N 37° W of Balut Island (Municipality Of Sarangani) (Davao Occidental),https://earthquake.phivolcs.dost.gov.ph/2026_Earthquake_Information/July/2026_0707_0537_B2F.html,official_phivolcs_public_bulletin_row,not_checked_row_level; spatial_AOI_inclusion_only
PHV-0614,2026-07-07T13:41:00,5.76,125.33,14,1.9,016 km S 62° E of Glan (Sarangani),https://earthquake.phivolcs.dost.gov.ph/2026_Earthquake_Information/July/2026_0707_0541_B1F.html,official_phivolcs_public_bulletin_row,not_checked_row_level; spatial_AOI_inclusion_only
PHV-0615,2026-07-07T13:42:00,5.09,125.21,4,1.9,043 km S 34° W of Balut Island (Municipality Of Sarangani) (Davao Occidental),https://earthquake.phivolcs.dost.gov.ph/2026_Earthquake_Information/July/2026_0707_0542_B1F.html,official_phivolcs_public_bulletin_row,not_checked_row_level; spatial_AOI_inclusion_only
PHV-0616,2026-07-07T14:05:00,4.77,125.21,30,4.0,075 km S 19° W of Balut Island (Municipality Of Sarangani) (Davao Occidental),https://earthquake.phivolcs.dost.gov.ph/2026_Earthquake_Information/July/2026_0707_0605_B2F.html,official_phivolcs_public_bulletin_row,not_checked_row_level; spatial_AOI_inclusion_only
PHV-0617,2026-07-07T14:10:00,4.94,125.16,19,3.2,042 km S 35° W of Balut Island (Municipality Of Sarangani) (Davao Occidental),https://earthquake.phivolcs.dost.gov.ph/2026_Earthquake_Information/July/2026_0707_0610_B2F.html,official_phivolcs_public_bulletin_row,not_checked_row_level; spatial_AOI_inclusion_only
PHV-0618,2026-07-07T14:21:00,5.20,125.22,4,2.6,031 km S 45° W of Balut Island (Municipality Of Sarangani) (Davao Occidental),https://earthquake.phivolcs.dost.gov.ph/2026_Earthquake_Information/July/2026_0707_0621_B1F.html,official_phivolcs_public_bulletin_row,not_checked_row_level; spatial_AOI_inclusion_only
PHV-0619,2026-07-07T14:26:00,5.82,125.61,7,1.8,011 km S 22° W of Jose Abad Santos (Davao Occidental),https://earthquake.phivolcs.dost.gov.ph/2026_Earthquake_Information/July/2026_0707_0626_B2F.html,official_phivolcs_public_bulletin_row,not_checked_row_level; spatial_AOI_inclusion_only
PHV-0620,2026-07-07T14:51:00,4.96,125.30,82,2.7,052 km S 15° W of Balut Island (Municipality Of Sarangani) (Davao Occidental),https://earthquake.phivolcs.dost.gov.ph/2026_Earthquake_Information/July/2026_0707_0651_B2F.html,official_phivolcs_public_bulletin_row,not_checked_row_level; spatial_AOI_inclusion_only
PHV-0621,2026-07-07T17:00:00,5.77,125.34,18,2.1,023 km S 13° E of Malapatan (Sarangani),https://earthquake.phivolcs.dost.gov.ph/2026_Earthquake_Information/July/2026_0707_0900_B2F.html,official_phivolcs_public_bulletin_row,not_checked_row_level; spatial_AOI_inclusion_only
PHV-0622,2026-07-07T17:34:00,5.55,125.49,27,2.1,008 km N 12° E of Sarangani Island (Municipality Of Sarangani) (Davao Occidental),https://earthquake.phivolcs.dost.gov.ph/2026_Earthquake_Information/July/2026_0707_0934_B2F.html,official_phivolcs_public_bulletin_row,not_checked_row_level; spatial_AOI_inclusion_only
PHV-0623,2026-07-07T17:59:00,5.49,125.01,26,1.5,040 km S 02° E of Maasim (Sarangani),https://earthquake.phivolcs.dost.gov.ph/2026_Earthquake_Information/July/2026_0707_0959_B2.html,official_phivolcs_public_bulletin_row,not_checked_row_level; spatial_AOI_inclusion_only
PHV-0624,2026-07-07T20:34:00,5.32,125.23,33,1.7,024 km S 63° W of Balut Island (Municipality Of Sarangani) (Davao Occidental),https://earthquake.phivolcs.dost.gov.ph/2026_Earthquake_Information/July/2026_0707_1234_B2F.html,official_phivolcs_public_bulletin_row,not_checked_row_level; spatial_AOI_inclusion_only
PHV-0625,2026-07-07T20:43:00,5.34,125.29,28,3.3,017 km S 61° W of Balut Island (Municipality Of Sarangani) (Davao Occidental),https://earthquake.phivolcs.dost.gov.ph/2026_Earthquake_Information/July/2026_0707_1243_B2F.html,official_phivolcs_public_bulletin_row,not_checked_row_level; spatial_AOI_inclusion_only
PHV-0626,2026-07-07T23:01:00,4.78,125.28,25,3.0,072 km S 12° W of Balut Island (Municipality Of Sarangani) (Davao Occidental),https://earthquake.phivolcs.dost.gov.ph/2026_Earthquake_Information/July/2026_0707_1501_B2F.html,official_phivolcs_public_bulletin_row,not_checked_row_level; spatial_AOI_inclusion_only
PHV-0627,2026-07-08T00:52:00,6.18,125.48,30,1.5,023 km N 67° E of Alabel (Sarangani),https://earthquake.phivolcs.dost.gov.ph/2026_Earthquake_Information/July/2026_0707_1652_B1F.html,official_phivolcs_public_bulletin_row,not_checked_row_level; spatial_AOI_inclusion_only
PHV-0628,2026-07-08T01:10:00,5.70,125.15,24,1.6,015 km S 25° W of Glan (Sarangani),https://earthquake.phivolcs.dost.gov.ph/2026_Earthquake_Information/July/2026_0707_1710_B2F.html,official_phivolcs_public_bulletin_row,not_checked_row_level; spatial_AOI_inclusion_only
PHV-0629,2026-07-08T01:12:00,5.73,124.85,12,2.5,022 km S 48° W of Maasim (Sarangani),https://earthquake.phivolcs.dost.gov.ph/2026_Earthquake_Information/July/2026_0707_1712_B2F.html,official_phivolcs_public_bulletin_row,not_checked_row_level; spatial_AOI_inclusion_only
PHV-0630,2026-07-08T01:29:00,5.41,124.94,3,2.3,054 km S 33° W of Glan (Sarangani),https://earthquake.phivolcs.dost.gov.ph/2026_Earthquake_Information/July/2026_0707_1729_B2F.html,official_phivolcs_public_bulletin_row,not_checked_row_level; spatial_AOI_inclusion_only
PHV-0631,2026-07-08T01:44:00,5.91,125.16,24,1.8,011 km N 24° W of Glan (Sarangani),https://earthquake.phivolcs.dost.gov.ph/2026_Earthquake_Information/July/2026_0707_1744_B1F.html,official_phivolcs_public_bulletin_row,not_checked_row_level; spatial_AOI_inclusion_only
PHV-0632,2026-07-08T02:11:00,5.78,125.04,11,1.9,019 km S 75° W of Glan (Sarangani),https://earthquake.phivolcs.dost.gov.ph/2026_Earthquake_Information/July/2026_0707_1811_B2F.html,official_phivolcs_public_bulletin_row,not_checked_row_level; spatial_AOI_inclusion_only
PHV-0633,2026-07-08T02:19:00,5.77,124.72,2,2.9,033 km S 71° W of Maasim (Sarangani),https://earthquake.phivolcs.dost.gov.ph/2026_Earthquake_Information/July/2026_0707_1819_B2F.html,official_phivolcs_public_bulletin_row,not_checked_row_level; spatial_AOI_inclusion_only
PHV-0634,2026-07-08T02:22:00,5.35,125.14,77,2.2,031 km S 78° W of Balut Island (Municipality Of Sarangani) (Davao Occidental),https://earthquake.phivolcs.dost.gov.ph/2026_Earthquake_Information/July/2026_0707_1822_B1F.html,official_phivolcs_public_bulletin_row,not_checked_row_level; spatial_AOI_inclusion_only
PHV-0635,2026-07-08T02:30:00,6.04,124.87,32,1.6,024 km N 34° W of Maasim (Sarangani),https://earthquake.phivolcs.dost.gov.ph/2026_Earthquake_Information/July/2026_0707_1830_B1F.html,official_phivolcs_public_bulletin_row,not_checked_row_level; spatial_AOI_inclusion_only
PHV-0636,2026-07-08T02:47:00,5.90,125.15,16,1.8,010 km N 39° W of Glan (Sarangani),https://earthquake.phivolcs.dost.gov.ph/2026_Earthquake_Information/July/2026_0707_1847_B1F.html,official_phivolcs_public_bulletin_row,not_checked_row_level; spatial_AOI_inclusion_only
PHV-0637,2026-07-08T03:14:00,5.03,125.45,70,3.2,032 km S 15° W of Balut Island (Municipality Of Sarangani) (Davao Occidental),https://earthquake.phivolcs.dost.gov.ph/2026_Earthquake_Information/July/2026_0707_1914_B2F.html,official_phivolcs_public_bulletin_row,not_checked_row_level; spatial_AOI_inclusion_only
PHV-0638,2026-07-08T03:21:00,5.79,125.02,22,1.2,009 km S 20° E of Maasim (Sarangani),https://earthquake.phivolcs.dost.gov.ph/2026_Earthquake_Information/July/2026_0707_192152_B1F.html,official_phivolcs_public_bulletin_row,not_checked_row_level; spatial_AOI_inclusion_only
PHV-0639,2026-07-08T04:32:00,5.07,125.39,35,2.0,034 km S 12° W of Balut Island (Municipality Of Sarangani) (Davao Occidental),https://earthquake.phivolcs.dost.gov.ph/2026_Earthquake_Information/July/2026_0707_2032_B1F.html,official_phivolcs_public_bulletin_row,not_checked_row_level; spatial_AOI_inclusion_only
PHV-0640,2026-07-08T05:14:00,5.78,125.23,12,3.0,005 km S 28° E of Glan (Sarangani),https://earthquake.phivolcs.dost.gov.ph/2026_Earthquake_Information/July/2026_0707_2114_B2F.html,official_phivolcs_public_bulletin_row,not_checked_row_level; spatial_AOI_inclusion_only
PHV-0641,2026-07-08T05:23:00,5.65,125.10,19,2.2,022 km S 31° W of Glan (Sarangani),https://earthquake.phivolcs.dost.gov.ph/2026_Earthquake_Information/July/2026_0707_2123_B2F.html,official_phivolcs_public_bulletin_row,not_checked_row_level; spatial_AOI_inclusion_only
PHV-0642,2026-07-08T05:27:00,5.70,125.36,23,3.2,022 km S 53° E of Glan (Sarangani),https://earthquake.phivolcs.dost.gov.ph/2026_Earthquake_Information/July/2026_0707_2127_B2F.html,official_phivolcs_public_bulletin_row,not_checked_row_level; spatial_AOI_inclusion_only
PHV-0643,2026-07-08T06:53:00,5.86,125.46,21,2.1,021 km S 73° W of Jose Abad Santos (Davao Occidental),https://earthquake.phivolcs.dost.gov.ph/2026_Earthquake_Information/July/2026_0707_2253_B1F.html,official_phivolcs_public_bulletin_row,not_checked_row_level; spatial_AOI_inclusion_only
PHV-0644,2026-07-08T07:31:00,5.88,125.46,22,1.7,021 km S 81° W of Jose Abad Santos (Davao Occidental),https://earthquake.phivolcs.dost.gov.ph/2026_Earthquake_Information/July/2026_0707_2331_B1F.html,official_phivolcs_public_bulletin_row,not_checked_row_level; spatial_AOI_inclusion_only
PHV-0645,2026-07-08T08:05:00,5.75,125.31,16,2.4,024 km S 06° E of Malapatan (Sarangani),https://earthquake.phivolcs.dost.gov.ph/2026_Earthquake_Information/July/2026_0708_0005_B2F.html,official_phivolcs_public_bulletin_row,not_checked_row_level; spatial_AOI_inclusion_only
PHV-0646,2026-07-08T09:19:00,5.65,125.15,28,2.1,019 km S 18° W of Glan (Sarangani),https://earthquake.phivolcs.dost.gov.ph/2026_Earthquake_Information/July/2026_0708_0119_B2F.html,official_phivolcs_public_bulletin_row,not_checked_row_level; spatial_AOI_inclusion_only
PHV-0647,2026-07-08T09:26:00,5.59,125.47,8,2.0,013 km N 01° E of Sarangani Island (Municipality Of Sarangani) (Davao Occidental),https://earthquake.phivolcs.dost.gov.ph/2026_Earthquake_Information/July/2026_0708_0126_B2F.html,official_phivolcs_public_bulletin_row,not_checked_row_level; spatial_AOI_inclusion_only
PHV-0648,2026-07-08T10:24:00,5.66,125.31,25,1.8,022 km S 34° E of Glan (Sarangani),https://earthquake.phivolcs.dost.gov.ph/2026_Earthquake_Information/July/2026_0708_0224_B1F.html,official_phivolcs_public_bulletin_row,not_checked_row_level; spatial_AOI_inclusion_only
PHV-0649,2026-07-08T10:52:00,5.68,125.27,17,1.9,018 km S 24° E of Glan (Sarangani),https://earthquake.phivolcs.dost.gov.ph/2026_Earthquake_Information/July/2026_0708_0252_B2.html,official_phivolcs_public_bulletin_row,not_checked_row_level; spatial_AOI_inclusion_only
PHV-0650,2026-07-08T11:51:00,5.56,125.48,28,3.2,010 km N 06° E of Sarangani Island (Municipality Of Sarangani) (Davao Occidental),https://earthquake.phivolcs.dost.gov.ph/2026_Earthquake_Information/July/2026_0708_0351_B2.html,official_phivolcs_public_bulletin_row,not_checked_row_level; spatial_AOI_inclusion_only
PHV-0651,2026-07-08T12:14:00,5.78,125.53,29,1.5,019 km S 40° W of Jose Abad Santos (Davao Occidental),https://earthquake.phivolcs.dost.gov.ph/2026_Earthquake_Information/July/2026_0708_0414_B2.html,official_phivolcs_public_bulletin_row,not_checked_row_level; spatial_AOI_inclusion_only
PHV-0652,2026-07-08T12:36:00,5.24,125.38,10,3.5,020 km S 14° W of Balut Island (Municipality Of Sarangani) (Davao Occidental),https://earthquake.phivolcs.dost.gov.ph/2026_Earthquake_Information/July/2026_0708_0436_B2F.html,official_phivolcs_public_bulletin_row,not_checked_row_level; spatial_AOI_inclusion_only
PHV-0653,2026-07-08T13:35:00,5.49,125.47,25,1.8,002 km N 14° W of Sarangani Island (Municipality Of Sarangani) (Davao Occidental),https://earthquake.phivolcs.dost.gov.ph/2026_Earthquake_Information/July/2026_0708_0535_B2.html,official_phivolcs_public_bulletin_row,not_checked_row_level; spatial_AOI_inclusion_only
PHV-0654,2026-07-08T13:42:00,5.53,125.15,18,1.5,032 km N 66° W of Balut Island (Municipality Of Sarangani) (Davao Occidental),https://earthquake.phivolcs.dost.gov.ph/2026_Earthquake_Information/July/2026_0708_0542_B1F.html,official_phivolcs_public_bulletin_row,not_checked_row_level; spatial_AOI_inclusion_only
PHV-0655,2026-07-08T14:01:00,5.41,125.00,29,2.6,047 km S 89° W of Balut Island (Municipality Of Sarangani) (Davao Occidental),https://earthquake.phivolcs.dost.gov.ph/2026_Earthquake_Information/July/2026_0708_0601_B2.html,official_phivolcs_public_bulletin_row,not_checked_row_level; spatial_AOI_inclusion_only
PHV-0656,2026-07-08T14:21:00,5.20,125.12,29,2.4,041 km S 54° W of Balut Island (Municipality Of Sarangani) (Davao Occidental),https://earthquake.phivolcs.dost.gov.ph/2026_Earthquake_Information/July/2026_0708_0621_B2F.html,official_phivolcs_public_bulletin_row,not_checked_row_level; spatial_AOI_inclusion_only
PHV-0657,2026-07-08T14:33:00,5.98,125.68,42,2.1,008 km N 29° E of Jose Abad Santos (Davao Occidental),https://earthquake.phivolcs.dost.gov.ph/2026_Earthquake_Information/July/2026_0708_0633_B2.html,official_phivolcs_public_bulletin_row,not_checked_row_level; spatial_AOI_inclusion_only
PHV-0658,2026-07-08T14:55:00,5.43,125.44,14,1.6,003 km N 50° E of Balut Island (Municipality Of Sarangani) (Davao Occidental),https://earthquake.phivolcs.dost.gov.ph/2026_Earthquake_Information/July/2026_0708_0655_B1F.html,official_phivolcs_public_bulletin_row,not_checked_row_level; spatial_AOI_inclusion_only
PHV-0659,2026-07-08T15:35:00,5.75,125.15,23,1.6,009 km S 38° W of Glan (Sarangani),https://earthquake.phivolcs.dost.gov.ph/2026_Earthquake_Information/July/2026_0708_0735_B1F.html,official_phivolcs_public_bulletin_row,not_checked_row_level; spatial_AOI_inclusion_only
PHV-0660,2026-07-08T15:49:00,4.84,125.48,52,3.0,063 km S 06° E of Balut Island (Municipality Of Sarangani) (Davao Occidental),https://earthquake.phivolcs.dost.gov.ph/2026_Earthquake_Information/July/2026_0708_0749_B2F.html,official_phivolcs_public_bulletin_row,not_checked_row_level; spatial_AOI_inclusion_only
PHV-0661,2026-07-08T15:52:00,4.98,125.22,2,1.9,053 km S 25° W of Balut Island (Municipality Of Sarangani) (Davao Occidental),https://earthquake.phivolcs.dost.gov.ph/2026_Earthquake_Information/July/2026_0708_0752_B1F.html,official_phivolcs_public_bulletin_row,not_checked_row_level; spatial_AOI_inclusion_only
PHV-0662,2026-07-08T15:56:00,5.43,125.82,2,2.3,039 km S 83° E of Sarangani Island (Municipality Of Sarangani) (Davao Occidental),https://earthquake.phivolcs.dost.gov.ph/2026_Earthquake_Information/July/2026_0708_0756_B1F.html,official_phivolcs_public_bulletin_row,not_checked_row_level; spatial_AOI_inclusion_only
PHV-0663,2026-07-08T15:57:00,5.63,125.49,7,2.4,017 km N 05° E of Sarangani Island (Municipality Of Sarangani) (Davao Occidental),https://earthquake.phivolcs.dost.gov.ph/2026_Earthquake_Information/July/2026_0708_0757_B1F.html,official_phivolcs_public_bulletin_row,not_checked_row_level; spatial_AOI_inclusion_only
PHV-0664,2026-07-08T16:05:00,6.03,125.38,19,2.4,017 km N 39° W of Sarangani Island (Municipality Of Sarangani) (Davao Occidental),https://earthquake.phivolcs.dost.gov.ph/2026_Earthquake_Information/July/2026_0708_0805_B3.html,official_phivolcs_public_bulletin_row,not_checked_row_level; spatial_AOI_inclusion_only
PHV-0665,2026-07-08T16:15:00,5.63,125.30,17,2.0,023 km S 27° E of Glan (Sarangani),https://earthquake.phivolcs.dost.gov.ph/2026_Earthquake_Information/July/2026_0708_0815_B2F.html,official_phivolcs_public_bulletin_row,not_checked_row_level; spatial_AOI_inclusion_only
PHV-0666,2026-07-08T16:25:00,6.03,125.92,13,4.1,031 km S 53° E of Don Marcelino (Davao Occidental),https://earthquake.phivolcs.dost.gov.ph/2026_Earthquake_Information/July/2026_0708_0825_B2.html,official_phivolcs_public_bulletin_row,not_checked_row_level; spatial_AOI_inclusion_only
PHV-0667,2026-07-08T17:36:00,5.25,125.14,39,2.6,036 km S 60° W of Balut Island (Municipality Of Sarangani) (Davao Occidental),https://earthquake.phivolcs.dost.gov.ph/2026_Earthquake_Information/July/2026_0708_0936_B2F.html,official_phivolcs_public_bulletin_row,not_checked_row_level; spatial_AOI_inclusion_only
PHV-0668,2026-07-08T18:51:00,5.26,125.36,35,1.6,018 km S 24° W of Balut Island (Municipality Of Sarangani) (Davao Occidental),https://earthquake.phivolcs.dost.gov.ph/2026_Earthquake_Information/July/2026_0708_1051_B1F.html,official_phivolcs_public_bulletin_row,not_checked_row_level; spatial_AOI_inclusion_only
PHV-0669,2026-07-08T19:15:00,5.54,124.80,6,2.7,042 km S 32° W of Maasim (Sarangani),https://earthquake.phivolcs.dost.gov.ph/2026_Earthquake_Information/July/2026_0708_1115_B2F.html,official_phivolcs_public_bulletin_row,not_checked_row_level; spatial_AOI_inclusion_only
PHV-0670,2026-07-08T19:17:00,5.83,124.84,23,1.8,018 km S 77° W of Maasim (Sarangani),https://earthquake.phivolcs.dost.gov.ph/2026_Earthquake_Information/July/2026_0708_1117_B1F.html,official_phivolcs_public_bulletin_row,not_checked_row_level; spatial_AOI_inclusion_only
PHV-0671,2026-07-08T19:44:00,5.30,125.26,32,2.6,022 km S 54° W of Balut Island (Municipality Of Sarangani) (Davao Occidental),https://earthquake.phivolcs.dost.gov.ph/2026_Earthquake_Information/July/2026_0708_1144_B2F.html,official_phivolcs_public_bulletin_row,not_checked_row_level; spatial_AOI_inclusion_only
PHV-0672,2026-07-08T19:50:00,5.61,125.35,4,2.9,021 km N 42° W of Sarangani Island (Municipality Of Sarangani) (Davao Occidental),https://earthquake.phivolcs.dost.gov.ph/2026_Earthquake_Information/July/2026_0708_1150_B2F.html,official_phivolcs_public_bulletin_row,not_checked_row_level; spatial_AOI_inclusion_only
PHV-0673,2026-07-08T19:52:00,5.40,125.27,45,1.6,017 km S 84° W of Balut Island (Municipality Of Sarangani) (Davao Occidental),https://earthquake.phivolcs.dost.gov.ph/2026_Earthquake_Information/July/2026_0708_1152_B1F.html,official_phivolcs_public_bulletin_row,not_checked_row_level; spatial_AOI_inclusion_only
PHV-0674,2026-07-08T19:53:00,5.29,125.29,34,1.9,020 km S 48° W of Balut Island (Municipality Of Sarangani) (Davao Occidental),https://earthquake.phivolcs.dost.gov.ph/2026_Earthquake_Information/July/2026_0708_1153_B1F.html,official_phivolcs_public_bulletin_row,not_checked_row_level; spatial_AOI_inclusion_only
PHV-0675,2026-07-08T19:56:00,5.59,125.38,65,1.7,017 km N 39° W of Sarangani Island (Municipality Of Sarangani) (Davao Occidental),https://earthquake.phivolcs.dost.gov.ph/2026_Earthquake_Information/July/2026_0708_1156_B1F.html,official_phivolcs_public_bulletin_row,not_checked_row_level; spatial_AOI_inclusion_only
PHV-0676,2026-07-08T20:31:00,4.97,125.27,6,2.6,051 km S 19° W of Balut Island (Municipality Of Sarangani) (Davao Occidental),https://earthquake.phivolcs.dost.gov.ph/2026_Earthquake_Information/July/2026_0708_1231_B1F.html,official_phivolcs_public_bulletin_row,not_checked_row_level; spatial_AOI_inclusion_only
PHV-0677,2026-07-08T21:32:00,5.85,125.31,6,2.1,050 km N 14° W of Balut Island (Municipality Of Sarangani) (Davao Occidental),https://earthquake.phivolcs.dost.gov.ph/2026_Earthquake_Information/July/2026_0708_1332_B2F.html,official_phivolcs_public_bulletin_row,not_checked_row_level; spatial_AOI_inclusion_only
PHV-0678,2026-07-08T21:35:00,5.00,124.51,25,4.1,111 km S 66° W of Balut Island (Municipality Of Sarangani) (Davao Occidental),https://earthquake.phivolcs.dost.gov.ph/2026_Earthquake_Information/July/2026_0708_133530_B2F.html,official_phivolcs_public_bulletin_row,not_checked_row_level; spatial_AOI_inclusion_only
PHV-0679,2026-07-08T21:56:00,5.92,125.34,23,2.0,009 km S 46° E of Malapatan (Sarangani),https://earthquake.phivolcs.dost.gov.ph/2026_Earthquake_Information/July/2026_0708_1356_B1F.html,official_phivolcs_public_bulletin_row,not_checked_row_level; spatial_AOI_inclusion_only
PHV-0680,2026-07-08T22:22:00,5.64,125.08,25,2.1,024 km S 34° W of Glan (Sarangani),https://earthquake.phivolcs.dost.gov.ph/2026_Earthquake_Information/July/2026_0708_1422_B2F.html,official_phivolcs_public_bulletin_row,not_checked_row_level; spatial_AOI_inclusion_only
PHV-0681,2026-07-08T22:58:00,5.65,125.22,2,2.4,019 km S 07° E of Glan (Sarangani),https://earthquake.phivolcs.dost.gov.ph/2026_Earthquake_Information/July/2026_0708_1458_B2F.html,official_phivolcs_public_bulletin_row,not_checked_row_level; spatial_AOI_inclusion_only
PHV-0682,2026-07-08T22:59:00,5.17,125.25,33,2.5,033 km S 35° W of Balut Island (Municipality Of Sarangani) (Davao Occidental),https://earthquake.phivolcs.dost.gov.ph/2026_Earthquake_Information/July/2026_0708_1459_B2F.html,official_phivolcs_public_bulletin_row,not_checked_row_level; spatial_AOI_inclusion_only
PHV-0683,2026-07-08T23:21:00,5.56,125.30,14,2.8,021 km N 39° W of Balut Island (Municipality Of Sarangani) (Davao Occidental),https://earthquake.phivolcs.dost.gov.ph/2026_Earthquake_Information/July/2026_0708_1521_B2F.html,official_phivolcs_public_bulletin_row,not_checked_row_level; spatial_AOI_inclusion_only
PHV-0684,2026-07-08T23:25:00,5.79,125.27,21,2.0,008 km S 62° E of Glan (Sarangani),https://earthquake.phivolcs.dost.gov.ph/2026_Earthquake_Information/July/2026_0708_1525_B2F.html,official_phivolcs_public_bulletin_row,not_checked_row_level; spatial_AOI_inclusion_only
PHV-0685,2026-07-09T01:38:00,5.72,125.26,24,2.0,012 km S 27° E of Glan (Sarangani),https://earthquake.phivolcs.dost.gov.ph/2026_Earthquake_Information/July/2026_0708_1738_B2F.html,official_phivolcs_public_bulletin_row,not_checked_row_level; spatial_AOI_inclusion_only
PHV-0686,2026-07-09T03:50:00,5.98,125.23,2,2.3,006 km N 84° W of Malapatan (Sarangani),https://earthquake.phivolcs.dost.gov.ph/2026_Earthquake_Information/July/2026_0708_1950_B1.html,official_phivolcs_public_bulletin_row,not_checked_row_level; spatial_AOI_inclusion_only
PHV-0687,2026-07-09T04:12:00,4.80,125.22,21,3.5,072 km S 18° W of Balut Island (Municipality Of Sarangani) (Davao Occidental),https://earthquake.phivolcs.dost.gov.ph/2026_Earthquake_Information/July/2026_0708_2012_B2F.html,official_phivolcs_public_bulletin_row,not_checked_row_level; spatial_AOI_inclusion_only
PHV-0688,2026-07-09T05:16:00,5.65,125.32,2,2.8,022 km S 34° E of Glan (Sarangani),https://earthquake.phivolcs.dost.gov.ph/2026_Earthquake_Information/July/2026_0708_2116_B2F.html,official_phivolcs_public_bulletin_row,not_checked_row_level; spatial_AOI_inclusion_only
PHV-0689,2026-07-09T05:54:00,5.32,124.84,12,3.1,065 km S 81° W of Balut Island (Municipality Of Sarangani) (Davao Occidental),https://earthquake.phivolcs.dost.gov.ph/2026_Earthquake_Information/July/2026_0708_2154_B2F.html,official_phivolcs_public_bulletin_row,not_checked_row_level; spatial_AOI_inclusion_only
PHV-0690,2026-07-09T07:17:00,5.65,125.24,2,3.3,019 km S 13° E of Glan (Sarangani),https://earthquake.phivolcs.dost.gov.ph/2026_Earthquake_Information/July/2026_0708_2317_B2F.html,official_phivolcs_public_bulletin_row,not_checked_row_level; spatial_AOI_inclusion_only
PHV-0691,2026-07-09T07:42:00,5.60,125.29,17,2.4,026 km N 35° W of Balut Island (Municipality Of Sarangani) (Davao Occidental),https://earthquake.phivolcs.dost.gov.ph/2026_Earthquake_Information/July/2026_0708_2342_B2F.html,official_phivolcs_public_bulletin_row,not_checked_row_level; spatial_AOI_inclusion_only
PHV-0692,2026-07-09T09:38:00,5.22,124.60,26,2.6,084 km S 31° W of Maasim (Sarangani),https://earthquake.phivolcs.dost.gov.ph/2026_Earthquake_Information/July/2026_0709_0138_B2F.html,official_phivolcs_public_bulletin_row,not_checked_row_level; spatial_AOI_inclusion_only
PHV-0693,2026-07-09T12:00:00,4.59,125.12,35,2.5,097 km S 20° W of Balut Island (Municipality Of Sarangani) (Davao Occidental),https://earthquake.phivolcs.dost.gov.ph/2026_Earthquake_Information/July/2026_0709_0400_B2F.html,official_phivolcs_public_bulletin_row,not_checked_row_level; spatial_AOI_inclusion_only
PHV-0694,2026-07-09T12:45:00,5.75,125.38,7,2.9,021 km S 68° E of Glan (Sarangani),https://earthquake.phivolcs.dost.gov.ph/2026_Earthquake_Information/July/2026_0709_0445_B2F.html,official_phivolcs_public_bulletin_row,not_checked_row_level; spatial_AOI_inclusion_only
PHV-0695,2026-07-09T13:58:00,5.32,124.61,9,2.2,074 km S 01° W of Kiamba (Sarangani),https://earthquake.phivolcs.dost.gov.ph/2026_Earthquake_Information/July/2026_0709_0558_B2F.html,official_phivolcs_public_bulletin_row,not_checked_row_level; spatial_AOI_inclusion_only
PHV-0696,2026-07-09T13:59:00,5.43,125.33,32,2.1,010 km N 78° W of Balut Island (Municipality Of Sarangani) (Davao Occidental),https://earthquake.phivolcs.dost.gov.ph/2026_Earthquake_Information/July/2026_0709_0559_B2F.html,official_phivolcs_public_bulletin_row,not_checked_row_level; spatial_AOI_inclusion_only
PHV-0697,2026-07-09T15:08:00,5.60,125.22,15,2.2,024 km S 03° E of Glan (Sarangani),https://earthquake.phivolcs.dost.gov.ph/2026_Earthquake_Information/July/2026_0709_0708_B2F.html,official_phivolcs_public_bulletin_row,not_checked_row_level; spatial_AOI_inclusion_only
PHV-0698,2026-07-09T18:38:00,5.86,125.36,10,2.8,015 km S 31° E of Malapatan (Sarangani),https://earthquake.phivolcs.dost.gov.ph/2026_Earthquake_Information/July/2026_0709_1038_B2F.html,official_phivolcs_public_bulletin_row,not_checked_row_level; spatial_AOI_inclusion_only
PHV-0699,2026-07-09T19:13:00,5.53,125.07,12,2.4,036 km S 25° W of Glan (Sarangani),https://earthquake.phivolcs.dost.gov.ph/2026_Earthquake_Information/July/2026_0709_1113_B2F.html,official_phivolcs_public_bulletin_row,not_checked_row_level; spatial_AOI_inclusion_only
PHV-0700,2026-07-09T19:25:00,5.90,125.36,9,2.6,011 km S 49° E of Malapatan (Sarangani),https://earthquake.phivolcs.dost.gov.ph/2026_Earthquake_Information/July/2026_0709_1125_B2F.html,official_phivolcs_public_bulletin_row,not_checked_row_level; spatial_AOI_inclusion_only
PHV-0701,2026-07-09T20:01:00,5.80,125.27,21,2.1,008 km S 72° E of Glan (Sarangani),https://earthquake.phivolcs.dost.gov.ph/2026_Earthquake_Information/July/2026_0709_1201_B2F.html,official_phivolcs_public_bulletin_row,not_checked_row_level; spatial_AOI_inclusion_only
PHV-0702,2026-07-09T20:10:00,5.86,125.33,12,3.1,013 km S 20° E of Malapatan (Sarangani),https://earthquake.phivolcs.dost.gov.ph/2026_Earthquake_Information/July/2026_0709_1210_B2F.html,official_phivolcs_public_bulletin_row,not_checked_row_level; spatial_AOI_inclusion_only
PHV-0703,2026-07-09T20:18:00,5.89,125.34,15,2.3,010 km S 32° E of Malapatan (Sarangani),https://earthquake.phivolcs.dost.gov.ph/2026_Earthquake_Information/July/2026_0709_1218_B2F.html,official_phivolcs_public_bulletin_row,not_checked_row_level; spatial_AOI_inclusion_only
PHV-0704,2026-07-09T20:31:00,5.83,125.37,15,2.0,018 km N 88° E of Glan (Sarangani),https://earthquake.phivolcs.dost.gov.ph/2026_Earthquake_Information/July/2026_0709_1231_B2F.html,official_phivolcs_public_bulletin_row,not_checked_row_level; spatial_AOI_inclusion_only
PHV-0705,2026-07-09T20:58:00,5.36,125.07,29,1.8,039 km S 81° W of Balut Island (Municipality Of Sarangani) (Davao Occidental),https://earthquake.phivolcs.dost.gov.ph/2026_Earthquake_Information/July/2026_0709_1258_B2F.html,official_phivolcs_public_bulletin_row,not_checked_row_level; spatial_AOI_inclusion_only
PHV-0706,2026-07-09T22:56:00,5.36,125.32,26,3.4,013 km S 64° W of Balut Island (Municipality Of Sarangani) (Davao Occidental),https://earthquake.phivolcs.dost.gov.ph/2026_Earthquake_Information/July/2026_0709_1456_B1F.html,official_phivolcs_public_bulletin_row,not_checked_row_level; spatial_AOI_inclusion_only
PHV-0707,2026-07-09T23:00:00,6.09,125.72,8,1.3,012 km S 11° E of Don Marcelino (Davao Occidental),https://earthquake.phivolcs.dost.gov.ph/2026_Earthquake_Information/July/2026_0709_1500_B1F.html,official_phivolcs_public_bulletin_row,not_checked_row_level; spatial_AOI_inclusion_only
PHV-0708,2026-07-10T00:15:00,4.88,124.56,31,3.7,113 km S 58° W of Balut Island (Municipality Of Sarangani) (Davao Occidental),https://earthquake.phivolcs.dost.gov.ph/2026_Earthquake_Information/July/2026_0709_1615_B2F.html,official_phivolcs_public_bulletin_row,not_checked_row_level; spatial_AOI_inclusion_only
PHV-0709,2026-07-10T00:33:00,5.66,125.37,10,2.8,024 km N 27° W of Sarangani Island (Municipality Of Sarangani) (Davao Occidental),https://earthquake.phivolcs.dost.gov.ph/2026_Earthquake_Information/July/2026_0709_1633_B2F.html,official_phivolcs_public_bulletin_row,not_checked_row_level; spatial_AOI_inclusion_only
PHV-0710,2026-07-10T00:36:00,4.61,125.31,20,3.5,090 km S 08° W of Balut Island (Municipality Of Sarangani) (Davao Occidental),https://earthquake.phivolcs.dost.gov.ph/2026_Earthquake_Information/July/2026_0709_1636_B2F.html,official_phivolcs_public_bulletin_row,not_checked_row_level; spatial_AOI_inclusion_only
PHV-0711,2026-07-10T01:05:00,5.06,125.43,32,2.9,039 km S 01° E of Balut Island (Municipality Of Sarangani) (Davao Occidental),https://earthquake.phivolcs.dost.gov.ph/2026_Earthquake_Information/July/2026_0709_1705_B1F.html,official_phivolcs_public_bulletin_row,not_checked_row_level; spatial_AOI_inclusion_only
PHV-0712,2026-07-10T01:50:00,5.21,125.36,24,4.1,023 km S 16° W of Balut Island (Municipality Of Sarangani) (Davao Occidental),https://earthquake.phivolcs.dost.gov.ph/2026_Earthquake_Information/July/2026_0709_1750_B2F.html,official_phivolcs_public_bulletin_row,not_checked_row_level; spatial_AOI_inclusion_only
PHV-0713,2026-07-10T01:59:00,5.55,124.99,20,3.0,034 km S 01° W of Maasim (Sarangani),https://earthquake.phivolcs.dost.gov.ph/2026_Earthquake_Information/July/2026_0709_1759_B2F.html,official_phivolcs_public_bulletin_row,not_checked_row_level; spatial_AOI_inclusion_only
PHV-0714,2026-07-10T02:24:00,5.95,125.32,24,1.4,005 km S 58° E of Malapatan (Sarangani),https://earthquake.phivolcs.dost.gov.ph/2026_Earthquake_Information/July/2026_0709_1824_B1F.html,official_phivolcs_public_bulletin_row,not_checked_row_level; spatial_AOI_inclusion_only
PHV-0715,2026-07-10T02:32:00,5.30,125.20,38,2.9,028 km S 63° W of Balut Island (Municipality Of Sarangani) (Davao Occidental),https://earthquake.phivolcs.dost.gov.ph/2026_Earthquake_Information/July/2026_0709_1832_B2F.html,official_phivolcs_public_bulletin_row,not_checked_row_level; spatial_AOI_inclusion_only
PHV-0716,2026-07-10T02:55:00,5.79,125.35,11,2.2,016 km S 79° E of Glan (Sarangani),https://earthquake.phivolcs.dost.gov.ph/2026_Earthquake_Information/July/2026_0709_1855_B2F.html,official_phivolcs_public_bulletin_row,not_checked_row_level; spatial_AOI_inclusion_only
PHV-0717,2026-07-10T03:14:00,5.43,125.48,26,2.3,004 km S 13° E of Sarangani Island (Municipality Of Sarangani) (Davao Occidental),https://earthquake.phivolcs.dost.gov.ph/2026_Earthquake_Information/July/2026_0709_1914_B2F.html,official_phivolcs_public_bulletin_row,not_checked_row_level; spatial_AOI_inclusion_only
PHV-0718,2026-07-10T03:29:00,5.74,125.34,15,1.9,018 km S 59° E of Glan (Sarangani),https://earthquake.phivolcs.dost.gov.ph/2026_Earthquake_Information/July/2026_0709_1929_B2F.html,official_phivolcs_public_bulletin_row,not_checked_row_level; spatial_AOI_inclusion_only
PHV-0719,2026-07-10T07:21:00,5.45,125.16,28,1.6,029 km N 81° W of Balut Island (Municipality Of Sarangani) (Davao Occidental),https://earthquake.phivolcs.dost.gov.ph/2026_Earthquake_Information/July/2026_0709_2321_B2F.html,official_phivolcs_public_bulletin_row,not_checked_row_level; spatial_AOI_inclusion_only
PHV-0720,2026-07-10T07:38:00,5.47,125.29,22,1.8,016 km N 64° W of Balut Island (Municipality Of Sarangani) (Davao Occidental),https://earthquake.phivolcs.dost.gov.ph/2026_Earthquake_Information/July/2026_0709_2338_B2F.html,official_phivolcs_public_bulletin_row,not_checked_row_level; spatial_AOI_inclusion_only
PHV-0721,2026-07-10T07:50:00,5.43,125.23,2,3.3,021 km N 84° W of Balut Island (Municipality Of Sarangani) (Davao Occidental),https://earthquake.phivolcs.dost.gov.ph/2026_Earthquake_Information/July/2026_0709_2350_B1F.html,official_phivolcs_public_bulletin_row,not_checked_row_level; spatial_AOI_inclusion_only
PHV-0722,2026-07-10T09:35:00,6.12,125.64,96,1.4,010 km S 33° W of Don Marcelino (Davao Occidental),https://earthquake.phivolcs.dost.gov.ph/2026_Earthquake_Information/July/2026_0710_0135_B1F.html,official_phivolcs_public_bulletin_row,not_checked_row_level; spatial_AOI_inclusion_only
PHV-0723,2026-07-10T12:12:00,5.68,125.31,15,2.0,029 km N 39° W of Sarangani Island (Municipality Of Sarangani) (Davao Occidental),https://earthquake.phivolcs.dost.gov.ph/2026_Earthquake_Information/July/2026_0710_0412_B2F.html,official_phivolcs_public_bulletin_row,not_checked_row_level; spatial_AOI_inclusion_only
PHV-0724,2026-07-10T14:19:00,5.69,125.36,11,2.9,022 km S 48° E of Glan (Sarangani),https://earthquake.phivolcs.dost.gov.ph/2026_Earthquake_Information/July/2026_0710_0619_B2F.html,official_phivolcs_public_bulletin_row,not_checked_row_level; spatial_AOI_inclusion_only
PHV-0725,2026-07-10T14:32:00,5.60,125.36,19,3.2,019 km N 42° W of Sarangani Island (Municipality Of Sarangani) (Davao Occidental),https://earthquake.phivolcs.dost.gov.ph/2026_Earthquake_Information/July/2026_0710_0632_B2F.html,official_phivolcs_public_bulletin_row,not_checked_row_level; spatial_AOI_inclusion_only
PHV-0726,2026-07-10T15:52:00,5.23,125.06,33,3.0,045 km S 63° W of Balut Island (Municipality Of Sarangani) (Davao Occidental),https://earthquake.phivolcs.dost.gov.ph/2026_Earthquake_Information/July/2026_0710_0752_B2F.html,official_phivolcs_public_bulletin_row,not_checked_row_level; spatial_AOI_inclusion_only
PHV-0727,2026-07-10T15:58:00,5.30,125.21,33,2.4,035 km S 56° W of Sarangani Island (Municipality Of Sarangani) (Davao Occidental),https://earthquake.phivolcs.dost.gov.ph/2026_Earthquake_Information/July/2026_0710_0758_B2F.html,official_phivolcs_public_bulletin_row,not_checked_row_level; spatial_AOI_inclusion_only
PHV-0728,2026-07-10T16:00:00,5.63,125.16,11,1.8,022 km S 12° W of Glan (Sarangani),https://earthquake.phivolcs.dost.gov.ph/2026_Earthquake_Information/July/2026_0710_0800_B2F.html,official_phivolcs_public_bulletin_row,not_checked_row_level; spatial_AOI_inclusion_only
PHV-0729,2026-07-10T17:49:00,5.47,125.42,46,2.1,005 km N 89° W of Sarangani Island (Municipality Of Sarangani) (Davao Occidental),https://earthquake.phivolcs.dost.gov.ph/2026_Earthquake_Information/July/2026_0710_094936_B2F.html,official_phivolcs_public_bulletin_row,not_checked_row_level; spatial_AOI_inclusion_only
PHV-0730,2026-07-10T17:51:00,6.09,125.45,23,1.4,017 km S 85° E of Alabel (Sarangani),https://earthquake.phivolcs.dost.gov.ph/2026_Earthquake_Information/July/2026_0710_0951_B1F.html,official_phivolcs_public_bulletin_row,not_checked_row_level; spatial_AOI_inclusion_only
PHV-0731,2026-07-10T17:55:00,5.88,125.30,16,2.3,010 km S 05° E of Malapatan (Sarangani),https://earthquake.phivolcs.dost.gov.ph/2026_Earthquake_Information/July/2026_0710_095505_B2F.html,official_phivolcs_public_bulletin_row,not_checked_row_level; spatial_AOI_inclusion_only
PHV-0732,2026-07-10T17:57:00,5.89,125.35,20,1.9,011 km S 39° E of Malapatan (Sarangani),https://earthquake.phivolcs.dost.gov.ph/2026_Earthquake_Information/July/2026_0710_0957_B2F.html,official_phivolcs_public_bulletin_row,not_checked_row_level; spatial_AOI_inclusion_only
PHV-0733,2026-07-10T18:38:00,5.69,125.24,3,2.2,015 km S 15° E of Glan (Sarangani),https://earthquake.phivolcs.dost.gov.ph/2026_Earthquake_Information/July/2026_0710_1038_B2F.html,official_phivolcs_public_bulletin_row,not_checked_row_level; spatial_AOI_inclusion_only
PHV-0734,2026-07-10T20:10:00,5.76,125.08,13,1.9,014 km S 39° E of Maasim (Sarangani),https://earthquake.phivolcs.dost.gov.ph/2026_Earthquake_Information/July/2026_0710_1210_B2F.html,official_phivolcs_public_bulletin_row,not_checked_row_level; spatial_AOI_inclusion_only
PHV-0735,2026-07-10T20:21:00,5.40,125.11,21,2.1,034 km S 88° W of Balut Island (Municipality Of Sarangani) (Davao Occidental),https://earthquake.phivolcs.dost.gov.ph/2026_Earthquake_Information/July/2026_0710_1221_B2F.html,official_phivolcs_public_bulletin_row,not_checked_row_level; spatial_AOI_inclusion_only
PHV-0736,2026-07-10T20:42:00,5.31,125.33,34,4.3,015 km S 39° W of Balut Island (Municipality Of Sarangani) (Davao Occidental),https://earthquake.phivolcs.dost.gov.ph/2026_Earthquake_Information/July/2026_0710_1242_B3F.html,official_phivolcs_public_bulletin_row,not_checked_row_level; spatial_AOI_inclusion_only
PHV-0737,2026-07-10T21:26:00,5.63,125.33,11,2.7,023 km N 43° W of Sarangani Island (Municipality Of Sarangani) (Davao Occidental),https://earthquake.phivolcs.dost.gov.ph/2026_Earthquake_Information/July/2026_0710_1326_B2F.html,official_phivolcs_public_bulletin_row,not_checked_row_level; spatial_AOI_inclusion_only
PHV-0738,2026-07-10T21:29:00,5.84,125.30,25,2.0,011 km N 77° E of Glan (Sarangani),https://earthquake.phivolcs.dost.gov.ph/2026_Earthquake_Information/July/2026_0710_1329_B2F.html,official_phivolcs_public_bulletin_row,not_checked_row_level; spatial_AOI_inclusion_only
PHV-0739,2026-07-10T23:09:00,5.72,125.11,14,2.1,015 km S 43° W of Glan (Sarangani),https://earthquake.phivolcs.dost.gov.ph/2026_Earthquake_Information/July/2026_0710_1509_B2F.html,official_phivolcs_public_bulletin_row,not_checked_row_level; spatial_AOI_inclusion_only
PHV-0740,2026-07-11T00:07:00,5.09,125.39,35,3.4,035 km S 05° W of Balut Island (Municipality Of Sarangani) (Davao Occidental),https://earthquake.phivolcs.dost.gov.ph/2026_Earthquake_Information/July/2026_0710_1607_B2F.html,official_phivolcs_public_bulletin_row,not_checked_row_level; spatial_AOI_inclusion_only
PHV-0741,2026-07-11T01:21:00,4.93,125.20,28,2.9,059 km S 25° W of Balut Island (Municipality Of Sarangani) (Davao Occidental),https://earthquake.phivolcs.dost.gov.ph/2026_Earthquake_Information/July/2026_0710_172139_B2F.html,official_phivolcs_public_bulletin_row,not_checked_row_level; spatial_AOI_inclusion_only
PHV-0742,2026-07-11T02:29:00,4.89,125.07,23,3.3,070 km S 34° W of Balut Island (Municipality Of Sarangani) (Davao Occidental),https://earthquake.phivolcs.dost.gov.ph/2026_Earthquake_Information/July/2026_0710_1829_B2F.html,official_phivolcs_public_bulletin_row,not_checked_row_level; spatial_AOI_inclusion_only
PHV-0743,2026-07-11T02:41:00,5.05,125.10,13,2.9,051 km S 27° W of Balut Island (Municipality Of Sarangani) (Davao Occidental),https://earthquake.phivolcs.dost.gov.ph/2026_Earthquake_Information/July/2026_0710_1841_B1F.html,official_phivolcs_public_bulletin_row,not_checked_row_level; spatial_AOI_inclusion_only
PHV-0744,2026-07-11T02:43:00,4.90,125.07,43,3.8,067 km S 40° W of Balut Island (Municipality Of Sarangani) (Davao Occidental),https://earthquake.phivolcs.dost.gov.ph/2026_Earthquake_Information/July/2026_0710_1843_B2F.html,official_phivolcs_public_bulletin_row,not_checked_row_level; spatial_AOI_inclusion_only
PHV-0745,2026-07-11T02:51:00,4.86,125.18,29,3.4,067 km S 24° W of Balut Island (Municipality Of Sarangani) (Davao Occidental),https://earthquake.phivolcs.dost.gov.ph/2026_Earthquake_Information/July/2026_0710_1851_B2F.html,official_phivolcs_public_bulletin_row,not_checked_row_level; spatial_AOI_inclusion_only
PHV-0746,2026-07-11T03:05:00,5.35,125.24,32,2.5,021 km S 72° W of Balut Island (Municipality Of Sarangani) (Davao Occidental),https://earthquake.phivolcs.dost.gov.ph/2026_Earthquake_Information/July/2026_0710_1905_B2F.html,official_phivolcs_public_bulletin_row,not_checked_row_level; spatial_AOI_inclusion_only
PHV-0747,2026-07-11T03:07:00,5.30,125.25,30,2.3,022 km S 56° W of Balut Island (Municipality Of Sarangani) (Davao Occidental),https://earthquake.phivolcs.dost.gov.ph/2026_Earthquake_Information/July/2026_0710_1907_B2F.html,official_phivolcs_public_bulletin_row,not_checked_row_level; spatial_AOI_inclusion_only
PHV-0748,2026-07-11T06:48:00,5.64,125.11,25,1.6,023 km S 27° W of Glan (Sarangani),https://earthquake.phivolcs.dost.gov.ph/2026_Earthquake_Information/July/2026_0710_2248_B1F.html,official_phivolcs_public_bulletin_row,not_checked_row_level; spatial_AOI_inclusion_only
PHV-0749,2026-07-11T08:30:00,5.74,125.22,14,1.7,009 km S 09° E of Glan (Sarangani),https://earthquake.phivolcs.dost.gov.ph/2026_Earthquake_Information/July/2026_0711_0030_B2F.html,official_phivolcs_public_bulletin_row,not_checked_row_level; spatial_AOI_inclusion_only
PHV-0750,2026-07-11T08:43:00,6.07,125.92,14,3.9,028 km S 61° E of Don Marcelino (Davao Occidental),https://earthquake.phivolcs.dost.gov.ph/2026_Earthquake_Information/July/2026_0711_0043_B2.html,official_phivolcs_public_bulletin_row,not_checked_row_level; spatial_AOI_inclusion_only
PHV-0751,2026-07-11T09:32:00,4.94,124.59,54,3.0,106 km S 60° W of Balut Island (Municipality Of Sarangani) (Davao Occidental),https://earthquake.phivolcs.dost.gov.ph/2026_Earthquake_Information/July/2026_0711_0132_B2F.html,official_phivolcs_public_bulletin_row,not_checked_row_level; spatial_AOI_inclusion_only
PHV-0752,2026-07-11T10:50:00,5.28,125.28,11,2.6,021 km S 48° W of Balut Island (Municipality Of Sarangani) (Davao Occidental),https://earthquake.phivolcs.dost.gov.ph/2026_Earthquake_Information/July/2026_0711_0250_B2F.html,official_phivolcs_public_bulletin_row,not_checked_row_level; spatial_AOI_inclusion_only
PHV-0753,2026-07-11T13:22:00,5.05,125.30,17,3.7,042 km S 19° W of Balut Island (Municipality Of Sarangani) (Davao Occidental),https://earthquake.phivolcs.dost.gov.ph/2026_Earthquake_Information/July/2026_0711_0522_B2F.html,official_phivolcs_public_bulletin_row,not_checked_row_level; spatial_AOI_inclusion_only
PHV-0754,2026-07-11T13:31:00,5.50,124.98,30,3.5,040 km S 03° W of Maasim (Sarangani),https://earthquake.phivolcs.dost.gov.ph/2026_Earthquake_Information/July/2026_0711_0531_B2F.html,official_phivolcs_public_bulletin_row,not_checked_row_level; spatial_AOI_inclusion_only
PHV-0755,2026-07-11T15:09:00,5.59,125.18,14,2.7,026 km S 06° W of Glan (Sarangani),https://earthquake.phivolcs.dost.gov.ph/2026_Earthquake_Information/July/2026_0711_0709_B2F.html,official_phivolcs_public_bulletin_row,not_checked_row_level; spatial_AOI_inclusion_only
PHV-0756,2026-07-11T15:23:00,5.21,125.25,35,3.3,029 km S 41° W of Balut Island (Municipality Of Sarangani) (Davao Occidental),https://earthquake.phivolcs.dost.gov.ph/2026_Earthquake_Information/July/2026_0711_0723_B2F.html,official_phivolcs_public_bulletin_row,not_checked_row_level; spatial_AOI_inclusion_only
PHV-0757,2026-07-11T15:50:00,5.68,125.20,18,2.3,015 km S 02° W of Glan (Sarangani),https://earthquake.phivolcs.dost.gov.ph/2026_Earthquake_Information/July/2026_0711_0750_B2F.html,official_phivolcs_public_bulletin_row,not_checked_row_level; spatial_AOI_inclusion_only
PHV-0758,2026-07-11T16:57:00,5.37,125.27,29,1.8,017 km S 72° W of Balut Island (Municipality Of Sarangani) (Davao Occidental),https://earthquake.phivolcs.dost.gov.ph/2026_Earthquake_Information/July/2026_0711_0857_B1F.html,official_phivolcs_public_bulletin_row,not_checked_row_level; spatial_AOI_inclusion_only
PHV-0759,2026-07-11T17:07:00,5.60,125.43,21,2.1,015 km N 19° W of Sarangani Island (Municipality Of Sarangani) (Davao Occidental),https://earthquake.phivolcs.dost.gov.ph/2026_Earthquake_Information/July/2026_0711_0907_B1F.html,official_phivolcs_public_bulletin_row,not_checked_row_level; spatial_AOI_inclusion_only
PHV-0760,2026-07-11T17:46:00,5.59,125.37,2,2.7,017 km N 39° W of Sarangani Island (Municipality Of Sarangani) (Davao Occidental),https://earthquake.phivolcs.dost.gov.ph/2026_Earthquake_Information/July/2026_0711_0946_B1F.html,official_phivolcs_public_bulletin_row,not_checked_row_level; spatial_AOI_inclusion_only
PHV-0761,2026-07-11T17:56:00,5.73,124.93,14,2.8,016 km S 27° W of Maasim (Sarangani),https://earthquake.phivolcs.dost.gov.ph/2026_Earthquake_Information/July/2026_0711_0956_B2F.html,official_phivolcs_public_bulletin_row,not_checked_row_level; spatial_AOI_inclusion_only
PHV-0762,2026-07-11T18:11:00,5.54,125.43,1,2.6,008 km N 31° W of Sarangani Island (Municipality Of Sarangani) (Davao Occidental),https://earthquake.phivolcs.dost.gov.ph/2026_Earthquake_Information/July/2026_0711_1011_B2F.html,official_phivolcs_public_bulletin_row,not_checked_row_level; spatial_AOI_inclusion_only
PHV-0763,2026-07-11T18:45:00,5.55,125.26,15,2.1,025 km N 71° W of Sarangani Island (Municipality Of Sarangani) (Davao Occidental),https://earthquake.phivolcs.dost.gov.ph/2026_Earthquake_Information/July/2026_0711_1045_B2F.html,official_phivolcs_public_bulletin_row,not_checked_row_level; spatial_AOI_inclusion_only
PHV-0764,2026-07-11T18:51:00,4.69,125.55,24,5.0,081 km S 10° E of Balut Island (Municipality Of Sarangani) (Davao Occidental),https://earthquake.phivolcs.dost.gov.ph/2026_Earthquake_Information/July/2026_0711_1051_B3F.html,official_phivolcs_public_bulletin_row,not_checked_row_level; spatial_AOI_inclusion_only
PHV-0765,2026-07-11T20:23:00,5.76,125.41,7,3.0,023 km S 73° E of Glan (Sarangani),https://earthquake.phivolcs.dost.gov.ph/2026_Earthquake_Information/July/2026_0711_1223_B1F.html,official_phivolcs_public_bulletin_row,not_checked_row_level; spatial_AOI_inclusion_only
PHV-0766,2026-07-11T22:55:00,5.79,125.39,13,2.1,021 km S 82° E of Glan (Sarangani),https://earthquake.phivolcs.dost.gov.ph/2026_Earthquake_Information/July/2026_0711_1455_B2F.html,official_phivolcs_public_bulletin_row,not_checked_row_level; spatial_AOI_inclusion_only
PHV-0767,2026-07-11T22:56:00,5.92,124.92,23,1.6,011 km N 53° W of Maasim (Sarangani),https://earthquake.phivolcs.dost.gov.ph/2026_Earthquake_Information/July/2026_0711_1456_B1F.html,official_phivolcs_public_bulletin_row,not_checked_row_level; spatial_AOI_inclusion_only
PHV-0768,2026-07-11T23:52:00,6.01,125.57,67,1.9,014 km N 34° W of Jose Abad Santos (Davao Occidental),https://earthquake.phivolcs.dost.gov.ph/2026_Earthquake_Information/July/2026_0711_1552_B2F.html,official_phivolcs_public_bulletin_row,not_checked_row_level; spatial_AOI_inclusion_only
PHV-0769,2026-07-12T01:44:00,5.73,125.27,11,2.9,020 km N 83° W of Balut Island (Municipality Of Sarangani) (Davao Occidental),https://earthquake.phivolcs.dost.gov.ph/2026_Earthquake_Information/July/2026_0711_1744_B2F.html,official_phivolcs_public_bulletin_row,not_checked_row_level; spatial_AOI_inclusion_only
PHV-0770,2026-07-12T01:49:00,4.55,125.35,30,4.7,096 km S 05° W of Balut Island (Municipality Of Sarangani) (Davao Occidental),https://earthquake.phivolcs.dost.gov.ph/2026_Earthquake_Information/July/2026_0711_1749_B3F.html,official_phivolcs_public_bulletin_row,not_checked_row_level; spatial_AOI_inclusion_only
PHV-0771,2026-07-12T01:54:00,4.77,125.25,9,2.9,071 km S 16° W of Balut Island (Municipality Of Sarangani) (Davao Occidental),https://earthquake.phivolcs.dost.gov.ph/2026_Earthquake_Information/July/2026_0711_1754_B2F.html,official_phivolcs_public_bulletin_row,not_checked_row_level; spatial_AOI_inclusion_only
PHV-0772,2026-07-12T02:03:00,4.50,125.41,34,2.8,100 km S 01° W of Balut Island (Municipality Of Sarangani) (Davao Occidental),https://earthquake.phivolcs.dost.gov.ph/2026_Earthquake_Information/July/2026_0711_1803_B2F.html,official_phivolcs_public_bulletin_row,not_checked_row_level; spatial_AOI_inclusion_only
PHV-0773,2026-07-12T02:32:00,5.45,125.47,4,2.8,001 km S 51° W of Sarangani Island (Municipality Of Sarangani) (Davao Occidental),https://earthquake.phivolcs.dost.gov.ph/2026_Earthquake_Information/July/2026_0711_1832_B2F.html,official_phivolcs_public_bulletin_row,not_checked_row_level; spatial_AOI_inclusion_only
PHV-0774,2026-07-12T02:43:00,5.68,125.00,19,2.3,020 km S 01° E of Maasim (Sarangani),https://earthquake.phivolcs.dost.gov.ph/2026_Earthquake_Information/July/2026_0711_1843_B1F.html,official_phivolcs_public_bulletin_row,not_checked_row_level; spatial_AOI_inclusion_only
PHV-0775,2026-07-12T02:46:00,5.99,125.42,11,1.5,015 km N 81° E of Malapatan (Sarangani),https://earthquake.phivolcs.dost.gov.ph/2026_Earthquake_Information/July/2026_0711_184647_B1F.html,official_phivolcs_public_bulletin_row,not_checked_row_level; spatial_AOI_inclusion_only
PHV-0776,2026-07-12T03:12:00,5.21,124.97,31,2.1,055 km S 66° W of Balut Island (Municipality Of Sarangani) (Davao Occidental),https://earthquake.phivolcs.dost.gov.ph/2026_Earthquake_Information/July/2026_0711_1912_B2F.html,official_phivolcs_public_bulletin_row,not_checked_row_level; spatial_AOI_inclusion_only
PHV-0777,2026-07-12T05:02:00,5.11,125.27,41,3.0,037 km S 26° W of Balut Island (Municipality Of Sarangani) (Davao Occidental),https://earthquake.phivolcs.dost.gov.ph/2026_Earthquake_Information/July/2026_0711_2102_B1F.html,official_phivolcs_public_bulletin_row,not_checked_row_level; spatial_AOI_inclusion_only
PHV-0778,2026-07-12T05:06:00,5.31,125.30,21,1.8,017 km S 50° W of Balut Island (Municipality Of Sarangani) (Davao Occidental),https://earthquake.phivolcs.dost.gov.ph/2026_Earthquake_Information/July/2026_0711_210603_B1F.html,official_phivolcs_public_bulletin_row,not_checked_row_level; spatial_AOI_inclusion_only
PHV-0779,2026-07-12T05:14:00,5.45,125.32,31,1.3,012 km N 71° W of Balut Island (Municipality Of Sarangani) (Davao Occidental),https://earthquake.phivolcs.dost.gov.ph/2026_Earthquake_Information/July/2026_0711_2114_B1F.html,official_phivolcs_public_bulletin_row,not_checked_row_level; spatial_AOI_inclusion_only
PHV-0780,2026-07-12T07:02:00,5.24,125.30,44,3.3,024 km S 34° W of Balut Island (Municipality Of Sarangani) (Davao Occidental),https://earthquake.phivolcs.dost.gov.ph/2026_Earthquake_Information/July/2026_0711_2302_B2.html,official_phivolcs_public_bulletin_row,not_checked_row_level; spatial_AOI_inclusion_only
PHV-0781,2026-07-12T07:11:00,5.56,125.32,8,2.8,020 km N 35° W of Balut Island (Municipality Of Sarangani) (Davao Occidental),https://earthquake.phivolcs.dost.gov.ph/2026_Earthquake_Information/July/2026_0711_2311_B2F.html,official_phivolcs_public_bulletin_row,not_checked_row_level; spatial_AOI_inclusion_only
PHV-0782,2026-07-12T07:57:00,5.84,125.29,12,2.0,009 km N 78° E of Glan (Sarangani),https://earthquake.phivolcs.dost.gov.ph/2026_Earthquake_Information/July/2026_0711_2357_B1F.html,official_phivolcs_public_bulletin_row,not_checked_row_level; spatial_AOI_inclusion_only
PHV-0783,2026-07-12T08:33:00,5.06,125.24,22,3.1,044 km S 27° W of Balut Island (Municipality Of Sarangani) (Davao Occidental),https://earthquake.phivolcs.dost.gov.ph/2026_Earthquake_Information/July/2026_0712_0033_B2F.html,official_phivolcs_public_bulletin_row,not_checked_row_level; spatial_AOI_inclusion_only
PHV-0784,2026-07-12T08:35:00,5.67,124.74,1,3.0,035 km S 53° W of Maasim (Sarangani),https://earthquake.phivolcs.dost.gov.ph/2026_Earthquake_Information/July/2026_0712_0035_B2F.html,official_phivolcs_public_bulletin_row,not_checked_row_level; spatial_AOI_inclusion_only
PHV-0785,2026-07-12T08:54:00,5.89,124.85,21,2.2,016 km N 80° W of Maasim (Sarangani),https://earthquake.phivolcs.dost.gov.ph/2026_Earthquake_Information/July/2026_0712_0054_B1F.html,official_phivolcs_public_bulletin_row,not_checked_row_level; spatial_AOI_inclusion_only
PHV-0786,2026-07-12T09:17:00,5.37,125.22,34,2.4,023 km S 77° W of Balut Island (Municipality Of Sarangani) (Davao Occidental),https://earthquake.phivolcs.dost.gov.ph/2026_Earthquake_Information/July/2026_0712_0117_B2F.html,official_phivolcs_public_bulletin_row,not_checked_row_level; spatial_AOI_inclusion_only
PHV-0787,2026-07-12T09:45:00,5.89,125.01,9,2.3,003 km N 17° E of Maasim (Sarangani),https://earthquake.phivolcs.dost.gov.ph/2026_Earthquake_Information/July/2026_0712_0145_B1F.html,official_phivolcs_public_bulletin_row,not_checked_row_level; spatial_AOI_inclusion_only
PHV-0788,2026-07-12T09:55:00,5.67,125.37,21,3.9,024 km N 28° W of Sarangani Island (Municipality Of Sarangani) (Davao Occidental),https://earthquake.phivolcs.dost.gov.ph/2026_Earthquake_Information/July/2026_0712_0155_B2F.html,official_phivolcs_public_bulletin_row,not_checked_row_level; spatial_AOI_inclusion_only
PHV-0789,2026-07-12T10:02:00,5.60,125.43,26,1.6,015 km N 19° W of Sarangani Island (Municipality Of Sarangani) (Davao Occidental),https://earthquake.phivolcs.dost.gov.ph/2026_Earthquake_Information/July/2026_0712_0202_B1F.html,official_phivolcs_public_bulletin_row,not_checked_row_level; spatial_AOI_inclusion_only
PHV-0790,2026-07-12T10:34:00,5.08,125.35,17,2.9,037 km S 12° W of Balut Island (Municipality Of Sarangani) (Davao Occidental),https://earthquake.phivolcs.dost.gov.ph/2026_Earthquake_Information/July/2026_0712_0234_B2F.html,official_phivolcs_public_bulletin_row,not_checked_row_level; spatial_AOI_inclusion_only
PHV-0791,2026-07-12T10:52:00,5.72,125.31,5,2.6,016 km S 44° E of Glan (Sarangani),https://earthquake.phivolcs.dost.gov.ph/2026_Earthquake_Information/July/2026_0712_0252_B2F.html,official_phivolcs_public_bulletin_row,not_checked_row_level; spatial_AOI_inclusion_only
PHV-0792,2026-07-12T11:11:00,5.34,125.35,13,2.4,011 km S 44° W of Balut Island (Municipality Of Sarangani) (Davao Occidental),https://earthquake.phivolcs.dost.gov.ph/2026_Earthquake_Information/July/2026_0712_0311_B1F.html,official_phivolcs_public_bulletin_row,not_checked_row_level; spatial_AOI_inclusion_only
PHV-0793,2026-07-12T11:17:00,5.59,125.07,29,1.8,030 km S 29° W of Glan (Sarangani),https://earthquake.phivolcs.dost.gov.ph/2026_Earthquake_Information/July/2026_0712_0317_B1F.html,official_phivolcs_public_bulletin_row,not_checked_row_level; spatial_AOI_inclusion_only
PHV-0794,2026-07-12T13:23:00,5.38,125.29,31,2.5,015 km S 74° W of Balut Island (Municipality Of Sarangani) (Davao Occidental),https://earthquake.phivolcs.dost.gov.ph/2026_Earthquake_Information/July/2026_0712_0523_B2F.html,official_phivolcs_public_bulletin_row,not_checked_row_level; spatial_AOI_inclusion_only
PHV-0795,2026-07-12T13:27:00,5.91,125.01,11,2.4,006 km N 13° E of Maasim (Sarangani),https://earthquake.phivolcs.dost.gov.ph/2026_Earthquake_Information/July/2026_0712_0527_B2F.html,official_phivolcs_public_bulletin_row,not_checked_row_level; spatial_AOI_inclusion_only
PHV-0796,2026-07-12T15:38:00,5.38,125.34,11,2.5,009 km S 69° W of Balut Island (Municipality Of Sarangani) (Davao Occidental),https://earthquake.phivolcs.dost.gov.ph/2026_Earthquake_Information/July/2026_0712_0738_B2F.html,official_phivolcs_public_bulletin_row,not_checked_row_level; spatial_AOI_inclusion_only
PHV-0797,2026-07-12T15:57:00,5.66,125.35,9,2.7,024 km S 42° E of Glan (Sarangani),https://earthquake.phivolcs.dost.gov.ph/2026_Earthquake_Information/July/2026_0712_0757_B2F.html,official_phivolcs_public_bulletin_row,not_checked_row_level; spatial_AOI_inclusion_only
PHV-0798,2026-07-12T16:26:00,5.08,124.96,16,2.4,062 km S 54° W of Balut Island (Municipality Of Sarangani) (Davao Occidental),https://earthquake.phivolcs.dost.gov.ph/2026_Earthquake_Information/July/2026_0712_0826_B2F.html,official_phivolcs_public_bulletin_row,not_checked_row_level; spatial_AOI_inclusion_only
PHV-0799,2026-07-12T17:15:00,5.82,125.32,9,1.8,012 km S 89° E of Glan (Sarangani),https://earthquake.phivolcs.dost.gov.ph/2026_Earthquake_Information/July/2026_0712_0915_B2F.html,official_phivolcs_public_bulletin_row,not_checked_row_level; spatial_AOI_inclusion_only
PHV-0800,2026-07-12T18:03:00,5.73,125.32,6,2.8,017 km S 51° E of Glan (Sarangani),https://earthquake.phivolcs.dost.gov.ph/2026_Earthquake_Information/July/2026_0712_1003_B1F.html,official_phivolcs_public_bulletin_row,not_checked_row_level; spatial_AOI_inclusion_only
PHV-0801,2026-07-12T18:06:00,5.70,124.70,96,2.0,038 km S 61° W of Maasim (Sarangani),https://earthquake.phivolcs.dost.gov.ph/2026_Earthquake_Information/July/2026_0712_1006_B2F.html,official_phivolcs_public_bulletin_row,not_checked_row_level; spatial_AOI_inclusion_only
PHV-0802,2026-07-12T18:09:00,5.49,125.26,1,2.9,020 km N 66° W of Balut Island (Municipality Of Sarangani) (Davao Occidental),https://earthquake.phivolcs.dost.gov.ph/2026_Earthquake_Information/July/2026_0712_1009_B2.html,official_phivolcs_public_bulletin_row,not_checked_row_level; spatial_AOI_inclusion_only
PHV-0803,2026-07-12T18:35:00,4.85,125.47,16,2.8,062 km S 05° E of Balut Island (Municipality Of Sarangani) (Davao Occidental),https://earthquake.phivolcs.dost.gov.ph/2026_Earthquake_Information/July/2026_0712_1035_B2F.html,official_phivolcs_public_bulletin_row,not_checked_row_level; spatial_AOI_inclusion_only
PHV-0804,2026-07-12T18:50:00,6.07,125.36,26,1.7,014 km N 33° E of Malapatan (Sarangani),https://earthquake.phivolcs.dost.gov.ph/2026_Earthquake_Information/July/2026_0712_1050_B2F.html,official_phivolcs_public_bulletin_row,not_checked_row_level; spatial_AOI_inclusion_only
PHV-0805,2026-07-12T19:59:00,5.62,125.26,8,2.2,023 km S 16° E of Glan (Sarangani),https://earthquake.phivolcs.dost.gov.ph/2026_Earthquake_Information/July/2026_0712_1159_B2.html,official_phivolcs_public_bulletin_row,not_checked_row_level; spatial_AOI_inclusion_only
PHV-0806,2026-07-12T20:49:00,6.11,125.67,71,1.9,010 km S 12° W of Don Marcelino (Davao Occidental),https://earthquake.phivolcs.dost.gov.ph/2026_Earthquake_Information/July/2026_0712_1249_B1.html,official_phivolcs_public_bulletin_row,not_checked_row_level; spatial_AOI_inclusion_only
PHV-0807,2026-07-12T21:03:00,5.86,125.31,16,2.1,012 km S 10° E of Malapatan (Sarangani),https://earthquake.phivolcs.dost.gov.ph/2026_Earthquake_Information/July/2026_0712_1303_B2F.html,official_phivolcs_public_bulletin_row,not_checked_row_level; spatial_AOI_inclusion_only
PHV-0808,2026-07-12T22:01:00,5.48,125.29,29,2.0,016 km N 63° W of Balut Island (Municipality Of Sarangani) (Davao Occidental),https://earthquake.phivolcs.dost.gov.ph/2026_Earthquake_Information/July/2026_0712_1401_B2F.html,official_phivolcs_public_bulletin_row,not_checked_row_level; spatial_AOI_inclusion_only
PHV-0809,2026-07-12T22:34:00,5.32,125.36,10,2.3,012 km S 31° W of Balut Island (Municipality Of Sarangani) (Davao Occidental),https://earthquake.phivolcs.dost.gov.ph/2026_Earthquake_Information/July/2026_0712_1434_B1F.html,official_phivolcs_public_bulletin_row,not_checked_row_level; spatial_AOI_inclusion_only
PHV-0810,2026-07-12T22:36:00,5.65,125.38,25,2.1,023 km N 28° W of Sarangani Island (Municipality Of Sarangani) (Davao Occidental),https://earthquake.phivolcs.dost.gov.ph/2026_Earthquake_Information/July/2026_0712_1436_B2F.html,official_phivolcs_public_bulletin_row,not_checked_row_level; spatial_AOI_inclusion_only
PHV-0811,2026-07-12T23:06:00,5.31,125.32,4,3.4,015 km S 45° W of Balut Island (Municipality Of Sarangani) (Davao Occidental),https://earthquake.phivolcs.dost.gov.ph/2026_Earthquake_Information/July/2026_0712_1506_B2.html,official_phivolcs_public_bulletin_row,not_checked_row_level; spatial_AOI_inclusion_only
PHV-0812,2026-07-13T01:01:00,5.96,125.01,14,4.3,010 km N 08° E of Maasim (Sarangani),https://earthquake.phivolcs.dost.gov.ph/2026_Earthquake_Information/July/2026_0712_1701_B2F.html,official_phivolcs_public_bulletin_row,not_checked_row_level; spatial_AOI_inclusion_only
PHV-0813,2026-07-13T01:14:00,5.80,124.87,26,2.1,016 km S 65° W of Maasim (Sarangani),https://earthquake.phivolcs.dost.gov.ph/2026_Earthquake_Information/July/2026_0712_1714_B2.html,official_phivolcs_public_bulletin_row,not_checked_row_level; spatial_AOI_inclusion_only
PHV-0814,2026-07-13T02:54:00,5.56,124.84,25,1.8,038 km S 27° W of Maasim (Sarangani),https://earthquake.phivolcs.dost.gov.ph/2026_Earthquake_Information/July/2026_0712_185457_B1F.html,official_phivolcs_public_bulletin_row,not_checked_row_level; spatial_AOI_inclusion_only
PHV-0815,2026-07-13T04:22:00,5.59,125.30,19,2.1,022 km N 56° W of Sarangani Island (Municipality Of Sarangani) (Davao Occidental),https://earthquake.phivolcs.dost.gov.ph/2026_Earthquake_Information/July/2026_0712_2022_B1F.html,official_phivolcs_public_bulletin_row,not_checked_row_level; spatial_AOI_inclusion_only
PHV-0816,2026-07-13T04:43:00,5.00,125.21,17,4.0,052 km S 28° W of Balut Island (Municipality Of Sarangani) (Davao Occidental),https://earthquake.phivolcs.dost.gov.ph/2026_Earthquake_Information/July/2026_0712_2043_B2F.html,official_phivolcs_public_bulletin_row,not_checked_row_level; spatial_AOI_inclusion_only
PHV-0817,2026-07-13T05:39:00,5.87,125.38,22,1.7,015 km S 40° E of Malapatan (Sarangani),https://earthquake.phivolcs.dost.gov.ph/2026_Earthquake_Information/July/2026_0712_2139_B2F.html,official_phivolcs_public_bulletin_row,not_checked_row_level; spatial_AOI_inclusion_only
PHV-0818,2026-07-13T06:37:00,4.95,125.80,116,2.8,066 km S 40° E of Balut Island (Municipality Of Sarangani) (Davao Occidental),https://earthquake.phivolcs.dost.gov.ph/2026_Earthquake_Information/July/2026_0712_2237_B1F.html,official_phivolcs_public_bulletin_row,not_checked_row_level; spatial_AOI_inclusion_only
PHV-0819,2026-07-13T07:10:00,5.64,125.27,9,2.2,022 km S 20° E of Glan (Sarangani),https://earthquake.phivolcs.dost.gov.ph/2026_Earthquake_Information/July/2026_0712_2310_B2F.html,official_phivolcs_public_bulletin_row,not_checked_row_level; spatial_AOI_inclusion_only
PHV-0820,2026-07-13T09:05:00,4.93,125.30,13,3.1,055 km S 14° W of Balut Island (Municipality Of Sarangani) (Davao Occidental),https://earthquake.phivolcs.dost.gov.ph/2026_Earthquake_Information/July/2026_0713_0105_B2.html,official_phivolcs_public_bulletin_row,not_checked_row_level; spatial_AOI_inclusion_only
PHV-0821,2026-07-13T09:53:00,5.52,125.27,11,2.8,021 km N 55° W of Balut Island (Municipality Of Sarangani) (Davao Occidental),https://earthquake.phivolcs.dost.gov.ph/2026_Earthquake_Information/July/2026_0713_0153_B2F.html,official_phivolcs_public_bulletin_row,not_checked_row_level; spatial_AOI_inclusion_only
PHV-0822,2026-07-13T10:02:00,5.57,125.20,24,2.4,028 km S 01° W of Glan (Sarangani),https://earthquake.phivolcs.dost.gov.ph/2026_Earthquake_Information/July/2026_0713_0202_B1F.html,official_phivolcs_public_bulletin_row,not_checked_row_level; spatial_AOI_inclusion_only
PHV-0823,2026-07-13T10:34:00,5.35,125.32,43,2.6,013 km S 60° W of Balut Island (Municipality Of Sarangani) (Davao Occidental),https://earthquake.phivolcs.dost.gov.ph/2026_Earthquake_Information/July/2026_0713_0234_B2F.html,official_phivolcs_public_bulletin_row,not_checked_row_level; spatial_AOI_inclusion_only
PHV-0824,2026-07-13T11:18:00,5.87,125.32,15,2.5,014 km N 65° E of Glan (Sarangani),https://earthquake.phivolcs.dost.gov.ph/2026_Earthquake_Information/July/2026_0713_031838_B2F.html,official_phivolcs_public_bulletin_row,not_checked_row_level; spatial_AOI_inclusion_only
PHV-0825,2026-07-13T11:25:00,5.39,125.11,38,3.3,034 km S 86° W of Balut Island (Municipality Of Sarangani) (Davao Occidental),https://earthquake.phivolcs.dost.gov.ph/2026_Earthquake_Information/July/2026_0713_0325_B2F.html,official_phivolcs_public_bulletin_row,not_checked_row_level; spatial_AOI_inclusion_only
PHV-0826,2026-07-13T11:58:00,5.67,125.04,10,3.3,022 km S 12° E of Maasim (Sarangani),https://earthquake.phivolcs.dost.gov.ph/2026_Earthquake_Information/July/2026_0713_0358_B1.html,official_phivolcs_public_bulletin_row,not_checked_row_level; spatial_AOI_inclusion_only
PHV-0827,2026-07-13T12:01:00,5.40,125.26,42,2.5,018 km S 84° W of Balut Island (Municipality Of Sarangani) (Davao Occidental),https://earthquake.phivolcs.dost.gov.ph/2026_Earthquake_Information/July/2026_0713_0401_B2F.html,official_phivolcs_public_bulletin_row,not_checked_row_level; spatial_AOI_inclusion_only
PHV-0828,2026-07-13T12:27:00,5.80,125.29,22,2.0,010 km S 78° E of Glan (Sarangani),https://earthquake.phivolcs.dost.gov.ph/2026_Earthquake_Information/July/2026_0713_0427_B1F.html,official_phivolcs_public_bulletin_row,not_checked_row_level; spatial_AOI_inclusion_only
PHV-0829,2026-07-13T12:40:00,5.20,125.28,39,4.3,027 km S 30° W of Balut Island (Municipality Of Sarangani) (Davao Occidental),https://earthquake.phivolcs.dost.gov.ph/2026_Earthquake_Information/July/2026_0713_0440_B3F.html,official_phivolcs_public_bulletin_row,not_checked_row_level; spatial_AOI_inclusion_only
PHV-0830,2026-07-13T12:55:00,5.61,125.30,10,1.5,024 km N 51° W of Sarangani Island (Municipality Of Sarangani) (Davao Occidental),https://earthquake.phivolcs.dost.gov.ph/2026_Earthquake_Information/July/2026_0713_0455_B1F.html,official_phivolcs_public_bulletin_row,not_checked_row_level; spatial_AOI_inclusion_only
PHV-0831,2026-07-13T13:13:00,5.79,125.31,37,1.9,013 km S 71° E of Glan (Sarangani),https://earthquake.phivolcs.dost.gov.ph/2026_Earthquake_Information/July/2026_0713_0513_B1F.html,official_phivolcs_public_bulletin_row,not_checked_row_level; spatial_AOI_inclusion_only
PHV-0832,2026-07-13T13:29:00,5.58,125.31,24,2.4,021 km N 57° W of Sarangani Island (Municipality Of Sarangani) (Davao Occidental),https://earthquake.phivolcs.dost.gov.ph/2026_Earthquake_Information/July/2026_0713_0529_B1F.html,official_phivolcs_public_bulletin_row,not_checked_row_level; spatial_AOI_inclusion_only
PHV-0833,2026-07-13T13:55:00,5.63,125.24,33,1.9,022 km S 10° E of Glan (Sarangani),https://earthquake.phivolcs.dost.gov.ph/2026_Earthquake_Information/July/2026_0713_0555_B1F.html,official_phivolcs_public_bulletin_row,not_checked_row_level; spatial_AOI_inclusion_only
PHV-0834,2026-07-13T14:56:00,5.63,125.31,2,2.5,025 km S 30° E of Glan (Sarangani),https://earthquake.phivolcs.dost.gov.ph/2026_Earthquake_Information/July/2026_0713_0656_B2F.html,official_phivolcs_public_bulletin_row,not_checked_row_level; spatial_AOI_inclusion_only
PHV-0835,2026-07-13T15:30:00,5.80,125.33,10,1.5,014 km S 80° E of Glan (Sarangani),https://earthquake.phivolcs.dost.gov.ph/2026_Earthquake_Information/July/2026_0713_0730_B1F.html,official_phivolcs_public_bulletin_row,not_checked_row_level; spatial_AOI_inclusion_only
PHV-0836,2026-07-13T17:41:00,5.85,125.39,5,2.9,018 km S 40° E of Malapatan (Sarangani),https://earthquake.phivolcs.dost.gov.ph/2026_Earthquake_Information/July/2026_0713_0941_B1F.html,official_phivolcs_public_bulletin_row,not_checked_row_level; spatial_AOI_inclusion_only
PHV-0837,2026-07-13T19:18:00,5.90,124.61,19,2.3,010 km S 12° W of Kiamba (Sarangani),https://earthquake.phivolcs.dost.gov.ph/2026_Earthquake_Information/July/2026_0713_1118_B2F.html,official_phivolcs_public_bulletin_row,not_checked_row_level; spatial_AOI_inclusion_only
PHV-0838,2026-07-13T19:42:00,5.43,125.32,32,2.0,011 km N 79° W of Balut Island (Municipality Of Sarangani) (Davao Occidental),https://earthquake.phivolcs.dost.gov.ph/2026_Earthquake_Information/July/2026_0713_1142_B2F.html,official_phivolcs_public_bulletin_row,not_checked_row_level; spatial_AOI_inclusion_only
PHV-0839,2026-07-13T19:54:00,5.78,125.13,28,2.0,015 km S 38° W of Glan (Sarangani),https://earthquake.phivolcs.dost.gov.ph/2026_Earthquake_Information/July/2026_0713_1154_B2F.html,official_phivolcs_public_bulletin_row,not_checked_row_level; spatial_AOI_inclusion_only
PHV-0840,2026-07-13T20:55:00,5.53,125.28,5,4.4,020 km N 49° W of Balut Island (Municipality Of Sarangani) (Davao Occidental),https://earthquake.phivolcs.dost.gov.ph/2026_Earthquake_Information/July/2026_0713_1255_B3F.html,official_phivolcs_public_bulletin_row,not_checked_row_level; spatial_AOI_inclusion_only
PHV-0841,2026-07-13T21:12:00,5.87,125.31,8,2.2,011 km S 12° E of Malapatan (Sarangani),https://earthquake.phivolcs.dost.gov.ph/2026_Earthquake_Information/July/2026_0713_1312_B1F.html,official_phivolcs_public_bulletin_row,not_checked_row_level; spatial_AOI_inclusion_only
PHV-0842,2026-07-13T21:14:00,5.57,125.54,24,2.7,022 km N 36° E of Balut Island (Municipality Of Sarangani) (Davao Occidental),https://earthquake.phivolcs.dost.gov.ph/2026_Earthquake_Information/July/2026_0713_1314_B2F.html,official_phivolcs_public_bulletin_row,not_checked_row_level; spatial_AOI_inclusion_only
PHV-0843,2026-07-13T22:10:00,5.34,125.24,34,3.2,021 km S 67° W of Balut Island (Municipality Of Sarangani) (Davao Occidental),https://earthquake.phivolcs.dost.gov.ph/2026_Earthquake_Information/July/2026_0713_1410_B2F.html,official_phivolcs_public_bulletin_row,not_checked_row_level; spatial_AOI_inclusion_only
PHV-0844,2026-07-13T22:57:00,5.63,125.15,30,1.9,022 km S 16° W of Glan (Sarangani),https://earthquake.phivolcs.dost.gov.ph/2026_Earthquake_Information/July/2026_0713_1457_B2F.html,official_phivolcs_public_bulletin_row,not_checked_row_level; spatial_AOI_inclusion_only
PHV-0845,2026-07-13T23:14:00,5.76,125.34,13,2.7,016 km S 66° E of Glan (Sarangani),https://earthquake.phivolcs.dost.gov.ph/2026_Earthquake_Information/July/2026_0713_1514_B2F.html,official_phivolcs_public_bulletin_row,not_checked_row_level; spatial_AOI_inclusion_only
PHV-0846,2026-07-14T00:01:00,5.83,124.90,30,2.2,011 km S 72° W of Maasim (Sarangani),https://earthquake.phivolcs.dost.gov.ph/2026_Earthquake_Information/July/2026_0713_1601_B2F.html,official_phivolcs_public_bulletin_row,not_checked_row_level; spatial_AOI_inclusion_only
PHV-0847,2026-07-14T00:15:00,5.60,125.30,2,2.9,024 km N 55° W of Sarangani Island (Municipality Of Sarangani) (Davao Occidental),https://earthquake.phivolcs.dost.gov.ph/2026_Earthquake_Information/July/2026_0713_1615_B2F.html,official_phivolcs_public_bulletin_row,not_checked_row_level; spatial_AOI_inclusion_only
PHV-0848,2026-07-14T00:38:00,5.36,125.28,2,2.3,017 km S 69° W of Balut Island (Municipality Of Sarangani) (Davao Occidental),https://earthquake.phivolcs.dost.gov.ph/2026_Earthquake_Information/July/2026_0713_1638_B2F.html,official_phivolcs_public_bulletin_row,not_checked_row_level; spatial_AOI_inclusion_only
PHV-0849,2026-07-14T00:41:00,5.64,125.12,24,2.1,022 km S 24° W of Glan (Sarangani),https://earthquake.phivolcs.dost.gov.ph/2026_Earthquake_Information/July/2026_0713_1641_B1F.html,official_phivolcs_public_bulletin_row,not_checked_row_level; spatial_AOI_inclusion_only
PHV-0850,2026-07-14T00:44:00,5.48,125.20,39,2.3,026 km N 74° W of Balut Island (Municipality Of Sarangani) (Davao Occidental),https://earthquake.phivolcs.dost.gov.ph/2026_Earthquake_Information/July/2026_0713_1644_B2F.html,official_phivolcs_public_bulletin_row,not_checked_row_level; spatial_AOI_inclusion_only
PHV-0851,2026-07-14T01:05:00,5.00,125.22,22,3.9,051 km S 26° W of Balut Island (Municipality Of Sarangani) (Davao Occidental),https://earthquake.phivolcs.dost.gov.ph/2026_Earthquake_Information/July/2026_0713_1705_B2F.html,official_phivolcs_public_bulletin_row,not_checked_row_level; spatial_AOI_inclusion_only
PHV-0852,2026-07-14T01:18:00,5.67,125.43,16,2.9,023 km N 13° W of Sarangani Island (Municipality Of Sarangani) (Davao Occidental),https://earthquake.phivolcs.dost.gov.ph/2026_Earthquake_Information/July/2026_0713_1718_B2F.html,official_phivolcs_public_bulletin_row,not_checked_row_level; spatial_AOI_inclusion_only
PHV-0853,2026-07-14T01:36:00,5.94,125.34,18,2.3,007 km S 59° E of Malapatan (Sarangani),https://earthquake.phivolcs.dost.gov.ph/2026_Earthquake_Information/July/2026_0713_1736_B2F.html,official_phivolcs_public_bulletin_row,not_checked_row_level; spatial_AOI_inclusion_only
PHV-0854,2026-07-14T01:40:00,5.37,125.29,30,2.1,015 km S 72° W of Balut Island (Municipality Of Sarangani) (Davao Occidental),https://earthquake.phivolcs.dost.gov.ph/2026_Earthquake_Information/July/2026_0713_1740_B1F.html,official_phivolcs_public_bulletin_row,not_checked_row_level; spatial_AOI_inclusion_only
PHV-0855,2026-07-14T01:44:00,5.28,125.45,4,4.4,015 km S 11° E of Balut Island (Municipality Of Sarangani) (Davao Occidental),https://earthquake.phivolcs.dost.gov.ph/2026_Earthquake_Information/July/2026_0713_1744_B2F.html,official_phivolcs_public_bulletin_row,not_checked_row_level; spatial_AOI_inclusion_only
PHV-0856,2026-07-14T02:03:00,5.33,125.24,33,3.3,022 km S 66° W of Balut Island (Municipality Of Sarangani) (Davao Occidental),https://earthquake.phivolcs.dost.gov.ph/2026_Earthquake_Information/July/2026_0713_1803_B2F.html,official_phivolcs_public_bulletin_row,not_checked_row_level; spatial_AOI_inclusion_only
PHV-0857,2026-07-14T02:24:00,5.51,125.23,27,2.3,024 km N 62° W of Balut Island (Municipality Of Sarangani) (Davao Occidental),https://earthquake.phivolcs.dost.gov.ph/2026_Earthquake_Information/July/2026_0713_1824_B2F.html,official_phivolcs_public_bulletin_row,not_checked_row_level; spatial_AOI_inclusion_only
PHV-0858,2026-07-14T03:21:00,5.61,125.47,13,3.6,022 km N 14° E of Balut Island (Municipality Of Sarangani) (Davao Occidental),https://earthquake.phivolcs.dost.gov.ph/2026_Earthquake_Information/July/2026_0713_1921_B2F.html,official_phivolcs_public_bulletin_row,not_checked_row_level; spatial_AOI_inclusion_only
PHV-0859,2026-07-14T03:42:00,5.84,125.35,7,1.9,016 km N 84° E of Glan (Sarangani),https://earthquake.phivolcs.dost.gov.ph/2026_Earthquake_Information/July/2026_0713_1942_B2F.html,official_phivolcs_public_bulletin_row,not_checked_row_level; spatial_AOI_inclusion_only
PHV-0860,2026-07-14T04:09:00,5.38,125.33,30,2.3,011 km S 68° W of Balut Island (Municipality Of Sarangani) (Davao Occidental),https://earthquake.phivolcs.dost.gov.ph/2026_Earthquake_Information/July/2026_0713_2009_B2F.html,official_phivolcs_public_bulletin_row,not_checked_row_level; spatial_AOI_inclusion_only
PHV-0861,2026-07-14T04:12:00,5.33,125.08,44,2.6,039 km S 76° W of Balut Island (Municipality Of Sarangani) (Davao Occidental),https://earthquake.phivolcs.dost.gov.ph/2026_Earthquake_Information/July/2026_0713_2012_B2F.html,official_phivolcs_public_bulletin_row,not_checked_row_level; spatial_AOI_inclusion_only
PHV-0862,2026-07-14T04:43:00,6.05,125.42,4,2.5,015 km S 67° E of Alabel (Sarangani),https://earthquake.phivolcs.dost.gov.ph/2026_Earthquake_Information/July/2026_0713_2043_B1F.html,official_phivolcs_public_bulletin_row,not_checked_row_level; spatial_AOI_inclusion_only
PHV-0863,2026-07-14T05:07:00,5.78,125.34,23,3.0,016 km S 72° E of Glan (Sarangani),https://earthquake.phivolcs.dost.gov.ph/2026_Earthquake_Information/July/2026_0713_2107_B2F.html,official_phivolcs_public_bulletin_row,not_checked_row_level; spatial_AOI_inclusion_only
PHV-0864,2026-07-14T05:18:00,5.65,125.34,25,3.3,025 km N 38° W of Sarangani Island (Municipality Of Sarangani) (Davao Occidental),https://earthquake.phivolcs.dost.gov.ph/2026_Earthquake_Information/July/2026_0713_2118_B2F.html,official_phivolcs_public_bulletin_row,not_checked_row_level; spatial_AOI_inclusion_only
PHV-0865,2026-07-14T05:26:00,5.73,125.35,21,2.3,019 km S 57° E of Glan (Sarangani),https://earthquake.phivolcs.dost.gov.ph/2026_Earthquake_Information/July/2026_0713_2126_B2F.html,official_phivolcs_public_bulletin_row,not_checked_row_level; spatial_AOI_inclusion_only
PHV-0866,2026-07-14T06:24:00,5.66,125.07,25,1.6,023 km S 39° W of Glan (Sarangani),https://earthquake.phivolcs.dost.gov.ph/2026_Earthquake_Information/July/2026_0713_2224_B2F.html,official_phivolcs_public_bulletin_row,not_checked_row_level; spatial_AOI_inclusion_only
PHV-0867,2026-07-14T06:51:00,5.68,125.24,32,2.0,016 km S 14° E of Glan (Sarangani),https://earthquake.phivolcs.dost.gov.ph/2026_Earthquake_Information/July/2026_0713_2251_B1F.html,official_phivolcs_public_bulletin_row,not_checked_row_level; spatial_AOI_inclusion_only
PHV-0868,2026-07-14T07:10:00,5.91,125.61,7,2.2,004 km S 83° W of Jose Abad Santos (Davao Occidental),https://earthquake.phivolcs.dost.gov.ph/2026_Earthquake_Information/July/2026_0713_2310_B1F.html,official_phivolcs_public_bulletin_row,not_checked_row_level; spatial_AOI_inclusion_only
PHV-0869,2026-07-14T09:38:00,5.05,125.40,20,4.6,040 km S 04° W of Balut Island (Municipality Of Sarangani) (Davao Occidental),https://earthquake.phivolcs.dost.gov.ph/2026_Earthquake_Information/July/2026_0714_0138_B3F.html,official_phivolcs_public_bulletin_row,not_checked_row_level; spatial_AOI_inclusion_only
PHV-0870,2026-07-14T10:58:00,5.31,125.29,28,2.6,018 km S 50° W of Balut Island (Municipality Of Sarangani) (Davao Occidental),https://earthquake.phivolcs.dost.gov.ph/2026_Earthquake_Information/July/2026_0714_0258_B1F.html,official_phivolcs_public_bulletin_row,not_checked_row_level; spatial_AOI_inclusion_only
PHV-0871,2026-07-14T11:27:00,5.48,125.51,10,2.0,004 km N 81° E of Sarangani Island (Municipality Of Sarangani) (Davao Occidental),https://earthquake.phivolcs.dost.gov.ph/2026_Earthquake_Information/July/2026_0714_0327_B1F.html,official_phivolcs_public_bulletin_row,not_checked_row_level; spatial_AOI_inclusion_only
PHV-0872,2026-07-14T11:33:00,5.68,125.44,17,1.6,023 km N 08° W of Sarangani Island (Municipality Of Sarangani) (Davao Occidental),https://earthquake.phivolcs.dost.gov.ph/2026_Earthquake_Information/July/2026_0714_033330_B1F.html,official_phivolcs_public_bulletin_row,not_checked_row_level; spatial_AOI_inclusion_only
PHV-0873,2026-07-14T11:33:00,5.65,125.43,22,1.8,020 km N 15° W of Sarangani Island (Municipality Of Sarangani) (Davao Occidental),https://earthquake.phivolcs.dost.gov.ph/2026_Earthquake_Information/July/2026_0714_033306_B2F.html,official_phivolcs_public_bulletin_row,not_checked_row_level; spatial_AOI_inclusion_only
PHV-0874,2026-07-14T11:39:00,5.64,125.30,15,1.6,055 km S 16° E of City Of General Santos,https://earthquake.phivolcs.dost.gov.ph/2026_Earthquake_Information/July/2026_0714_0339_B2.html,official_phivolcs_public_bulletin_row,not_checked_row_level; spatial_AOI_inclusion_only
PHV-0875,2026-07-14T11:42:00,4.78,125.04,15,3.7,081 km S 31° W of Balut Island (Municipality Of Sarangani) (Davao Occidental),https://earthquake.phivolcs.dost.gov.ph/2026_Earthquake_Information/July/2026_0714_0342_B2.html,official_phivolcs_public_bulletin_row,not_checked_row_level; spatial_AOI_inclusion_only
PHV-0876,2026-07-14T11:56:00,5.22,124.65,13,2.5,081 km S 28° W of Maasim (Sarangani),https://earthquake.phivolcs.dost.gov.ph/2026_Earthquake_Information/July/2026_0714_0356_B1F.html,official_phivolcs_public_bulletin_row,not_checked_row_level; spatial_AOI_inclusion_only
PHV-0877,2026-07-14T13:59:00,4.95,124.98,5,3.4,071 km S 43° W of Balut Island (Municipality Of Sarangani) (Davao Occidental),https://earthquake.phivolcs.dost.gov.ph/2026_Earthquake_Information/July/2026_0714_0559_B2F.html,official_phivolcs_public_bulletin_row,not_checked_row_level; spatial_AOI_inclusion_only
PHV-0878,2026-07-14T14:40:00,5.82,125.29,10,1.3,009 km N 89° E of Glan (Sarangani),https://earthquake.phivolcs.dost.gov.ph/2026_Earthquake_Information/July/2026_0714_0640_B2.html,official_phivolcs_public_bulletin_row,not_checked_row_level; spatial_AOI_inclusion_only
PHV-0879,2026-07-14T14:57:00,5.77,125.56,1,2.1,018 km S 30° W of Jose Abad Santos (Davao Occidental),https://earthquake.phivolcs.dost.gov.ph/2026_Earthquake_Information/July/2026_0714_0657_B2.html,official_phivolcs_public_bulletin_row,not_checked_row_level; spatial_AOI_inclusion_only
PHV-0880,2026-07-14T15:02:00,5.02,124.90,9,3.9,073 km S 53° W of Balut Island (Municipality Of Sarangani) (Davao Occidental),https://earthquake.phivolcs.dost.gov.ph/2026_Earthquake_Information/July/2026_0714_0702_B2F.html,official_phivolcs_public_bulletin_row,not_checked_row_level; spatial_AOI_inclusion_only
PHV-0881,2026-07-14T16:23:00,5.61,125.29,20,2.3,025 km S 21° E of Glan (Sarangani),https://earthquake.phivolcs.dost.gov.ph/2026_Earthquake_Information/July/2026_0714_0823_B2F.html,official_phivolcs_public_bulletin_row,not_checked_row_level; spatial_AOI_inclusion_only
PHV-0882,2026-07-14T17:50:00,5.35,125.49,15,1.7,011 km S 48° E of Balut Island (Municipality Of Sarangani) (Davao Occidental),https://earthquake.phivolcs.dost.gov.ph/2026_Earthquake_Information/July/2026_0714_0950_B1F.html,official_phivolcs_public_bulletin_row,not_checked_row_level; spatial_AOI_inclusion_only
PHV-0883,2026-07-14T18:34:00,5.11,125.44,32,2.6,034 km S 03° E of Balut Island (Municipality Of Sarangani) (Davao Occidental),https://earthquake.phivolcs.dost.gov.ph/2026_Earthquake_Information/July/2026_0714_1034_B1F.html,official_phivolcs_public_bulletin_row,not_checked_row_level; spatial_AOI_inclusion_only
PHV-0884,2026-07-14T20:11:00,5.89,125.39,20,1.9,014 km S 51° E of Malapatan (Sarangani),https://earthquake.phivolcs.dost.gov.ph/2026_Earthquake_Information/July/2026_0714_1211_B2F.html,official_phivolcs_public_bulletin_row,not_checked_row_level; spatial_AOI_inclusion_only
PHV-0885,2026-07-14T21:00:00,5.60,125.24,10,3.0,024 km S 08° E of Glan (Sarangani),https://earthquake.phivolcs.dost.gov.ph/2026_Earthquake_Information/July/2026_0714_1300_B2F.html,official_phivolcs_public_bulletin_row,not_checked_row_level; spatial_AOI_inclusion_only
PHV-0886,2026-07-14T21:15:00,5.49,125.46,15,4.7,002 km N 21° W of Sarangani Island (Municipality Of Sarangani) (Davao Occidental),https://earthquake.phivolcs.dost.gov.ph/2026_Earthquake_Information/July/2026_0714_1315_B3F.html,official_phivolcs_public_bulletin_row,not_checked_row_level; spatial_AOI_inclusion_only
PHV-0887,2026-07-14T21:31:00,5.83,125.38,6,2.1,018 km S 33° E of Malapatan (Sarangani),https://earthquake.phivolcs.dost.gov.ph/2026_Earthquake_Information/July/2026_0714_1331_B2F.html,official_phivolcs_public_bulletin_row,not_checked_row_level; spatial_AOI_inclusion_only
PHV-0888,2026-07-14T21:37:00,5.60,125.48,15,2.5,022 km N 17° E of Balut Island (Municipality Of Sarangani) (Davao Occidental),https://earthquake.phivolcs.dost.gov.ph/2026_Earthquake_Information/July/2026_0714_1337_B2F.html,official_phivolcs_public_bulletin_row,not_checked_row_level; spatial_AOI_inclusion_only
PHV-0889,2026-07-14T21:45:00,5.35,125.29,27,1.4,016 km S 65° W of Balut Island (Municipality Of Sarangani) (Davao Occidental),https://earthquake.phivolcs.dost.gov.ph/2026_Earthquake_Information/July/2026_0714_1345_B1F.html,official_phivolcs_public_bulletin_row,not_checked_row_level; spatial_AOI_inclusion_only
PHV-0890,2026-07-14T21:46:00,5.73,125.30,12,2.7,015 km S 46° E of Glan (Sarangani),https://earthquake.phivolcs.dost.gov.ph/2026_Earthquake_Information/July/2026_0714_1346_B1F.html,official_phivolcs_public_bulletin_row,not_checked_row_level; spatial_AOI_inclusion_only
PHV-0891,2026-07-14T21:50:00,5.73,125.43,13,1.6,026 km S 68° E of Glan (Sarangani),https://earthquake.phivolcs.dost.gov.ph/2026_Earthquake_Information/July/2026_0714_1350_B2F.html,official_phivolcs_public_bulletin_row,not_checked_row_level; spatial_AOI_inclusion_only
PHV-0892,2026-07-14T22:44:00,5.91,125.28,27,1.8,006 km S 04° W of Malapatan (Sarangani),https://earthquake.phivolcs.dost.gov.ph/2026_Earthquake_Information/July/2026_0714_1444_B1F.html,official_phivolcs_public_bulletin_row,not_checked_row_level; spatial_AOI_inclusion_only
PHV-0893,2026-07-14T22:47:00,5.33,125.21,32,2.0,025 km S 69° W of Balut Island (Municipality Of Sarangani) (Davao Occidental),https://earthquake.phivolcs.dost.gov.ph/2026_Earthquake_Information/July/2026_0714_1447_B2F.html,official_phivolcs_public_bulletin_row,not_checked_row_level; spatial_AOI_inclusion_only
PHV-0894,2026-07-14T23:03:00,5.06,125.00,16,4.1,061 km S 50° W of Balut Island (Municipality Of Sarangani) (Davao Occidental),https://earthquake.phivolcs.dost.gov.ph/2026_Earthquake_Information/July/2026_0714_1503_B2F.html,official_phivolcs_public_bulletin_row,not_checked_row_level; spatial_AOI_inclusion_only
PHV-0895,2026-07-14T23:15:00,5.45,124.96,6,2.3,046 km S 05° W of Maasim (Sarangani),https://earthquake.phivolcs.dost.gov.ph/2026_Earthquake_Information/July/2026_0714_1515_B1F.html,official_phivolcs_public_bulletin_row,not_checked_row_level; spatial_AOI_inclusion_only
PHV-0896,2026-07-14T23:18:00,5.90,125.28,16,1.7,008 km S 08° W of Malapatan (Sarangani),https://earthquake.phivolcs.dost.gov.ph/2026_Earthquake_Information/July/2026_0714_1518_B2F.html,official_phivolcs_public_bulletin_row,not_checked_row_level; spatial_AOI_inclusion_only
PHV-0897,2026-07-14T23:21:00,5.91,125.88,121,2.4,026 km S 89° E of Jose Abad Santos (Davao Occidental),https://earthquake.phivolcs.dost.gov.ph/2026_Earthquake_Information/July/2026_0714_1521_B1.html,official_phivolcs_public_bulletin_row,not_checked_row_level; spatial_AOI_inclusion_only
PHV-0898,2026-07-14T23:27:00,4.92,125.20,24,2.5,060 km S 24° W of Balut Island (Municipality Of Sarangani) (Davao Occidental),https://earthquake.phivolcs.dost.gov.ph/2026_Earthquake_Information/July/2026_0714_1527_B2F.html,official_phivolcs_public_bulletin_row,not_checked_row_level; spatial_AOI_inclusion_only
PHV-0899,2026-07-14T23:34:00,5.57,125.36,24,2.1,016 km N 48° W of Sarangani Island (Municipality Of Sarangani) (Davao Occidental),https://earthquake.phivolcs.dost.gov.ph/2026_Earthquake_Information/July/2026_0714_1534_B1F.html,official_phivolcs_public_bulletin_row,not_checked_row_level; spatial_AOI_inclusion_only
PHV-0900,2026-07-14T23:49:00,5.04,125.14,37,6.3,051 km S 37° W of Balut Island (Municipality Of Sarangani) (Davao Occidental),https://earthquake.phivolcs.dost.gov.ph/2026_Earthquake_Information/July/2026_0714_1549_B4F.html,official_phivolcs_public_bulletin_row,not_checked_row_level; spatial_AOI_inclusion_only
PHV-0901,2026-07-14T23:56:00,5.25,124.92,25,3.7,059 km S 72° W of Balut Island (Municipality Of Sarangani) (Davao Occidental),https://earthquake.phivolcs.dost.gov.ph/2026_Earthquake_Information/July/2026_0714_1556_B2F.html,official_phivolcs_public_bulletin_row,not_checked_row_level; spatial_AOI_inclusion_only
PHV-0902,2026-07-15T00:03:00,5.13,125.03,30,3.4,053 km S 54° W of Balut Island (Municipality Of Sarangani) (Davao Occidental),https://earthquake.phivolcs.dost.gov.ph/2026_Earthquake_Information/July/2026_0714_1603_B2F.html,official_phivolcs_public_bulletin_row,not_checked_row_level; spatial_AOI_inclusion_only
PHV-0903,2026-07-15T00:16:00,5.66,125.39,6,3.5,027 km S 49° E of Glan (Sarangani),https://earthquake.phivolcs.dost.gov.ph/2026_Earthquake_Information/July/2026_0714_1616_B2F.html,official_phivolcs_public_bulletin_row,not_checked_row_level; spatial_AOI_inclusion_only
PHV-0904,2026-07-15T00:51:00,5.27,124.96,24,2.8,054 km S 73° W of Balut Island (Municipality Of Sarangani) (Davao Occidental),https://earthquake.phivolcs.dost.gov.ph/2026_Earthquake_Information/July/2026_0714_1651_B2F.html,official_phivolcs_public_bulletin_row,not_checked_row_level; spatial_AOI_inclusion_only
PHV-0905,2026-07-15T01:02:00,4.91,124.94,9,3.5,077 km S 44° W of Balut Island (Municipality Of Sarangani) (Davao Occidental),https://earthquake.phivolcs.dost.gov.ph/2026_Earthquake_Information/July/2026_0714_1702_B2.html,official_phivolcs_public_bulletin_row,not_checked_row_level; spatial_AOI_inclusion_only
PHV-0906,2026-07-15T01:09:00,5.67,125.16,24,2.0,017 km S 17° W of Glan (Sarangani),https://earthquake.phivolcs.dost.gov.ph/2026_Earthquake_Information/July/2026_0714_1709_B2F.html,official_phivolcs_public_bulletin_row,not_checked_row_level; spatial_AOI_inclusion_only
PHV-0907,2026-07-15T01:31:00,5.39,125.30,26,2.4,013 km S 78° W of Balut Island (Municipality Of Sarangani) (Davao Occidental),https://earthquake.phivolcs.dost.gov.ph/2026_Earthquake_Information/July/2026_0714_1731_B2F.html,official_phivolcs_public_bulletin_row,not_checked_row_level; spatial_AOI_inclusion_only
PHV-0908,2026-07-15T02:01:00,5.19,125.03,33,2.8,050 km S 61° W of Balut Island (Municipality Of Sarangani) (Davao Occidental),https://earthquake.phivolcs.dost.gov.ph/2026_Earthquake_Information/July/2026_0714_1801_B2F.html,official_phivolcs_public_bulletin_row,not_checked_row_level; spatial_AOI_inclusion_only
PHV-0909,2026-07-15T02:48:00,5.54,125.32,35,2.1,018 km N 40° W of Balut Island (Municipality Of Sarangani) (Davao Occidental),https://earthquake.phivolcs.dost.gov.ph/2026_Earthquake_Information/July/2026_0714_1848_B2F.html,official_phivolcs_public_bulletin_row,not_checked_row_level; spatial_AOI_inclusion_only
PHV-0910,2026-07-15T02:53:00,5.77,125.35,3,2.0,017 km S 70° E of Glan (Sarangani),https://earthquake.phivolcs.dost.gov.ph/2026_Earthquake_Information/July/2026_0714_1853_B2F.html,official_phivolcs_public_bulletin_row,not_checked_row_level; spatial_AOI_inclusion_only
PHV-0911,2026-07-15T03:17:00,5.39,125.44,5,3.9,003 km S 44° E of Balut Island (Municipality Of Sarangani) (Davao Occidental),https://earthquake.phivolcs.dost.gov.ph/2026_Earthquake_Information/July/2026_0714_1917_B2F.html,official_phivolcs_public_bulletin_row,not_checked_row_level; spatial_AOI_inclusion_only
PHV-0912,2026-07-15T03:47:00,5.41,125.52,14,4.2,009 km S 39° E of Sarangani Island (Municipality Of Sarangani) (Davao Occidental),https://earthquake.phivolcs.dost.gov.ph/2026_Earthquake_Information/July/2026_0714_1947_B2F.html,official_phivolcs_public_bulletin_row,not_checked_row_level; spatial_AOI_inclusion_only
PHV-0913,2026-07-15T04:03:00,5.79,125.33,10,2.2,021 km S 12° E of Malapatan (Sarangani),https://earthquake.phivolcs.dost.gov.ph/2026_Earthquake_Information/July/2026_0714_2003_B2F.html,official_phivolcs_public_bulletin_row,not_checked_row_level; spatial_AOI_inclusion_only
PHV-0914,2026-07-15T04:08:00,5.52,125.27,20,1.8,021 km N 56° W of Balut Island (Municipality Of Sarangani) (Davao Occidental),https://earthquake.phivolcs.dost.gov.ph/2026_Earthquake_Information/July/2026_0714_2008_B1F.html,official_phivolcs_public_bulletin_row,not_checked_row_level; spatial_AOI_inclusion_only
PHV-0915,2026-07-15T04:09:00,5.31,125.00,32,1.7,048 km S 76° W of Balut Island (Municipality Of Sarangani) (Davao Occidental),https://earthquake.phivolcs.dost.gov.ph/2026_Earthquake_Information/July/2026_0714_2009_B2F.html,official_phivolcs_public_bulletin_row,not_checked_row_level; spatial_AOI_inclusion_only
PHV-0916,2026-07-15T04:46:00,5.57,125.40,11,3.9,013 km N 39° W of Sarangani Island (Municipality Of Sarangani) (Davao Occidental),https://earthquake.phivolcs.dost.gov.ph/2026_Earthquake_Information/July/2026_0714_2046_B2F.html,official_phivolcs_public_bulletin_row,not_checked_row_level; spatial_AOI_inclusion_only
PHV-0917,2026-07-15T05:44:00,5.96,125.41,18,1.6,014 km S 84° E of Malapatan (Sarangani),https://earthquake.phivolcs.dost.gov.ph/2026_Earthquake_Information/July/2026_0714_2144_B1F.html,official_phivolcs_public_bulletin_row,not_checked_row_level; spatial_AOI_inclusion_only
PHV-0918,2026-07-15T05:48:00,5.88,125.43,22,1.3,019 km S 57° E of Malapatan (Sarangani),https://earthquake.phivolcs.dost.gov.ph/2026_Earthquake_Information/July/2026_0714_2148_B1F.html,official_phivolcs_public_bulletin_row,not_checked_row_level; spatial_AOI_inclusion_only
PHV-0919,2026-07-15T06:41:00,5.79,125.37,12,2.0,019 km S 79° E of Glan (Sarangani),https://earthquake.phivolcs.dost.gov.ph/2026_Earthquake_Information/July/2026_0714_2241_B2F.html,official_phivolcs_public_bulletin_row,not_checked_row_level; spatial_AOI_inclusion_only
PHV-0920,2026-07-15T07:42:00,5.58,125.37,15,2.5,020 km N 17° W of Balut Island (Municipality Of Sarangani) (Davao Occidental),https://earthquake.phivolcs.dost.gov.ph/2026_Earthquake_Information/July/2026_0714_2342_B2F.html,official_phivolcs_public_bulletin_row,not_checked_row_level; spatial_AOI_inclusion_only
PHV-0921,2026-07-15T07:50:00,5.52,125.09,19,1.3,035 km S 21° W of Glan (Sarangani),https://earthquake.phivolcs.dost.gov.ph/2026_Earthquake_Information/July/2026_0714_2350_B1F.html,official_phivolcs_public_bulletin_row,not_checked_row_level; spatial_AOI_inclusion_only
PHV-0922,2026-07-15T08:25:00,5.61,125.20,2,2.8,023 km S 01° W of Glan (Sarangani),https://earthquake.phivolcs.dost.gov.ph/2026_Earthquake_Information/July/2026_0715_0025_B2F.html,official_phivolcs_public_bulletin_row,not_checked_row_level; spatial_AOI_inclusion_only
PHV-0923,2026-07-15T08:27:00,5.93,125.47,22,2.1,020 km N 83° W of Jose Abad Santos (Davao Occidental),https://earthquake.phivolcs.dost.gov.ph/2026_Earthquake_Information/July/2026_0715_0027_B1F.html,official_phivolcs_public_bulletin_row,not_checked_row_level; spatial_AOI_inclusion_only
PHV-0924,2026-07-15T09:40:00,5.92,125.35,5,1.5,009 km S 48° E of Malapatan (Sarangani),https://earthquake.phivolcs.dost.gov.ph/2026_Earthquake_Information/July/2026_0715_0140_B1F.html,official_phivolcs_public_bulletin_row,not_checked_row_level; spatial_AOI_inclusion_only
PHV-0925,2026-07-15T09:45:00,5.28,125.38,7,4.0,015 km S 18° W of Balut Island (Municipality Of Sarangani) (Davao Occidental),https://earthquake.phivolcs.dost.gov.ph/2026_Earthquake_Information/July/2026_0715_0145_B3F.html,official_phivolcs_public_bulletin_row,not_checked_row_level; spatial_AOI_inclusion_only
PHV-0926,2026-07-15T10:13:00,5.77,125.38,8,2.4,020 km S 72° E of Glan (Sarangani),https://earthquake.phivolcs.dost.gov.ph/2026_Earthquake_Information/July/2026_0715_0213_B2F.html,official_phivolcs_public_bulletin_row,not_checked_row_level; spatial_AOI_inclusion_only
PHV-0927,2026-07-15T10:39:00,5.32,125.31,11,2.1,016 km S 49° W of Balut Island (Municipality Of Sarangani) (Davao Occidental),https://earthquake.phivolcs.dost.gov.ph/2026_Earthquake_Information/July/2026_0715_0239_B1F.html,official_phivolcs_public_bulletin_row,not_checked_row_level; spatial_AOI_inclusion_only
PHV-0928,2026-07-15T11:51:00,5.12,124.99,22,3.0,058 km S 56° W of Balut Island (Municipality Of Sarangani) (Davao Occidental),https://earthquake.phivolcs.dost.gov.ph/2026_Earthquake_Information/July/2026_0715_0351_B2F.html,official_phivolcs_public_bulletin_row,not_checked_row_level; spatial_AOI_inclusion_only
PHV-0929,2026-07-15T11:58:00,5.50,125.09,31,1.9,037 km S 20° W of Glan (Sarangani),https://earthquake.phivolcs.dost.gov.ph/2026_Earthquake_Information/July/2026_0715_0358_B2F.html,official_phivolcs_public_bulletin_row,not_checked_row_level; spatial_AOI_inclusion_only
PHV-0930,2026-07-15T14:35:00,5.72,125.35,7,3.2,020 km S 55° E of Glan (Sarangani),https://earthquake.phivolcs.dost.gov.ph/2026_Earthquake_Information/July/2026_0715_0635_B2F.html,official_phivolcs_public_bulletin_row,not_checked_row_level; spatial_AOI_inclusion_only
PHV-0931,2026-07-15T17:20:00,5.39,125.21,30,1.8,023 km S 85° W of Balut Island (Municipality Of Sarangani) (Davao Occidental),https://earthquake.phivolcs.dost.gov.ph/2026_Earthquake_Information/July/2026_0715_0920_B1F.html,official_phivolcs_public_bulletin_row,not_checked_row_level; spatial_AOI_inclusion_only
PHV-0932,2026-07-15T18:16:00,5.92,124.59,7,2.8,009 km S 30° W of Kiamba (Sarangani),https://earthquake.phivolcs.dost.gov.ph/2026_Earthquake_Information/July/2026_0715_1016_B2F.html,official_phivolcs_public_bulletin_row,not_checked_row_level; spatial_AOI_inclusion_only
PHV-0933,2026-07-15T18:31:00,6.09,125.28,8,1.6,013 km N 06° W of Malapatan (Sarangani),https://earthquake.phivolcs.dost.gov.ph/2026_Earthquake_Information/July/2026_0715_1031_B1F.html,official_phivolcs_public_bulletin_row,not_checked_row_level; spatial_AOI_inclusion_only
PHV-0934,2026-07-15T18:32:00,5.58,125.15,18,1.4,027 km S 13° W of Glan (Sarangani),https://earthquake.phivolcs.dost.gov.ph/2026_Earthquake_Information/July/2026_0715_1032_B1F.html,official_phivolcs_public_bulletin_row,not_checked_row_level; spatial_AOI_inclusion_only
PHV-0935,2026-07-15T18:44:00,5.13,125.03,32,3.5,054 km S 55° W of Balut Island (Municipality Of Sarangani) (Davao Occidental),https://earthquake.phivolcs.dost.gov.ph/2026_Earthquake_Information/July/2026_0715_1044_B2F.html,official_phivolcs_public_bulletin_row,not_checked_row_level; spatial_AOI_inclusion_only
PHV-0936,2026-07-15T20:16:00,5.97,124.50,25,1.5,010 km S 02° E of Maitum (Sarangani),https://earthquake.phivolcs.dost.gov.ph/2026_Earthquake_Information/July/2026_0715_1216_B1.html,official_phivolcs_public_bulletin_row,not_checked_row_level; spatial_AOI_inclusion_only
PHV-0937,2026-07-15T22:02:00,5.33,125.91,20,2.5,051 km S 72° E of Sarangani Island (Municipality Of Sarangani) (Davao Occidental),https://earthquake.phivolcs.dost.gov.ph/2026_Earthquake_Information/July/2026_0715_1402_B2F.html,official_phivolcs_public_bulletin_row,not_checked_row_level; spatial_AOI_inclusion_only
PHV-0938,2026-07-15T22:08:00,5.86,125.31,18,2.1,012 km N 71° E of Glan (Sarangani),https://earthquake.phivolcs.dost.gov.ph/2026_Earthquake_Information/July/2026_0715_1408_B1F.html,official_phivolcs_public_bulletin_row,not_checked_row_level; spatial_AOI_inclusion_only
PHV-0939,2026-07-15T23:16:00,4.76,125.19,33,2.7,077 km S 19° W of Balut Island (Municipality Of Sarangani) (Davao Occidental),https://earthquake.phivolcs.dost.gov.ph/2026_Earthquake_Information/July/2026_0715_1516_B2F.html,official_phivolcs_public_bulletin_row,not_checked_row_level; spatial_AOI_inclusion_only
PHV-0940,2026-07-15T23:30:00,5.69,125.34,20,2.5,021 km S 47° E of Glan (Sarangani),https://earthquake.phivolcs.dost.gov.ph/2026_Earthquake_Information/July/2026_0715_1530_B2F.html,official_phivolcs_public_bulletin_row,not_checked_row_level; spatial_AOI_inclusion_only
PHV-0941,2026-07-15T23:37:00,6.01,125.41,20,1.6,014 km N 74° E of Malapatan (Sarangani),https://earthquake.phivolcs.dost.gov.ph/2026_Earthquake_Information/July/2026_0715_1537_B1F.html,official_phivolcs_public_bulletin_row,not_checked_row_level; spatial_AOI_inclusion_only
PHV-0942,2026-07-15T23:52:00,5.74,125.44,21,2.5,005 km S 58° E of Sarangani Island (Municipality Of Sarangani) (Davao Occidental),https://earthquake.phivolcs.dost.gov.ph/2026_Earthquake_Information/July/2026_0715_1552_B1F.html,official_phivolcs_public_bulletin_row,not_checked_row_level; spatial_AOI_inclusion_only
PHV-0943,2026-07-16T00:02:00,5.07,125.03,24,2.6,058 km S 49° W of Balut Island (Municipality Of Sarangani) (Davao Occidental),https://earthquake.phivolcs.dost.gov.ph/2026_Earthquake_Information/July/2026_0715_1602_B1F.html,official_phivolcs_public_bulletin_row,not_checked_row_level; spatial_AOI_inclusion_only
PHV-0944,2026-07-16T00:09:00,5.25,125.37,12,2.1,019 km S 18° W of Balut Island (Municipality Of Sarangani) (Davao Occidental),https://earthquake.phivolcs.dost.gov.ph/2026_Earthquake_Information/July/2026_0715_160925_B1.html,official_phivolcs_public_bulletin_row,not_checked_row_level; spatial_AOI_inclusion_only
PHV-0945,2026-07-16T00:14:00,5.75,125.36,14,2.4,019 km S 65° E of Glan (Sarangani),https://earthquake.phivolcs.dost.gov.ph/2026_Earthquake_Information/July/2026_0715_1614_B2F.html,official_phivolcs_public_bulletin_row,not_checked_row_level; spatial_AOI_inclusion_only
PHV-0946,2026-07-16T00:25:00,5.77,125.08,19,1.6,014 km S 43° E of Maasim (Sarangani),https://earthquake.phivolcs.dost.gov.ph/2026_Earthquake_Information/July/2026_0715_1625_B1F.html,official_phivolcs_public_bulletin_row,not_checked_row_level; spatial_AOI_inclusion_only
PHV-0947,2026-07-16T00:33:00,5.65,125.33,22,1.6,023 km S 36° E of Glan (Sarangani),https://earthquake.phivolcs.dost.gov.ph/2026_Earthquake_Information/July/2026_0715_1633_B1F.html,official_phivolcs_public_bulletin_row,not_checked_row_level; spatial_AOI_inclusion_only
PHV-0948,2026-07-16T00:45:00,5.06,125.28,33,3.1,042 km S 22° W of Balut Island (Municipality Of Sarangani) (Davao Occidental),https://earthquake.phivolcs.dost.gov.ph/2026_Earthquake_Information/July/2026_0715_1645_B2F.html,official_phivolcs_public_bulletin_row,not_checked_row_level; spatial_AOI_inclusion_only
PHV-0949,2026-07-16T01:20:00,5.60,125.40,4,3.2,016 km N 29° W of Sarangani Island (Municipality Of Sarangani) (Davao Occidental),https://earthquake.phivolcs.dost.gov.ph/2026_Earthquake_Information/July/2026_0715_1720_B2F.html,official_phivolcs_public_bulletin_row,not_checked_row_level; spatial_AOI_inclusion_only
PHV-0950,2026-07-16T02:46:00,5.39,125.38,40,1.5,005 km S 61° W of Balut Island (Municipality Of Sarangani) (Davao Occidental),https://earthquake.phivolcs.dost.gov.ph/2026_Earthquake_Information/July/2026_0715_1846_B1F.html,official_phivolcs_public_bulletin_row,not_checked_row_level; spatial_AOI_inclusion_only
PHV-0951,2026-07-16T03:15:00,5.88,125.34,22,1.8,012 km S 30° E of Malapatan (Sarangani),https://earthquake.phivolcs.dost.gov.ph/2026_Earthquake_Information/July/2026_0715_1915_B1F.html,official_phivolcs_public_bulletin_row,not_checked_row_level; spatial_AOI_inclusion_only
PHV-0952,2026-07-16T03:17:00,4.89,125.14,40,3.0,066 km S 28° W of Balut Island (Municipality Of Sarangani) (Davao Occidental),https://earthquake.phivolcs.dost.gov.ph/2026_Earthquake_Information/July/2026_0715_1917_B2F.html,official_phivolcs_public_bulletin_row,not_checked_row_level; spatial_AOI_inclusion_only
PHV-0953,2026-07-16T04:06:00,5.81,125.37,18,1.6,019 km S 86° E of Glan (Sarangani),https://earthquake.phivolcs.dost.gov.ph/2026_Earthquake_Information/July/2026_0715_2006_B1F.html,official_phivolcs_public_bulletin_row,not_checked_row_level; spatial_AOI_inclusion_only
PHV-0954,2026-07-16T04:22:00,5.38,125.18,49,2.2,027 km S 81° W of Balut Island (Municipality Of Sarangani) (Davao Occidental),https://earthquake.phivolcs.dost.gov.ph/2026_Earthquake_Information/July/2026_0715_202202_B1F.html,official_phivolcs_public_bulletin_row,not_checked_row_level; spatial_AOI_inclusion_only
PHV-0955,2026-07-16T06:52:00,5.64,124.87,16,2.1,029 km S 31° W of Maasim (Sarangani),https://earthquake.phivolcs.dost.gov.ph/2026_Earthquake_Information/July/2026_0715_2252_B1F.html,official_phivolcs_public_bulletin_row,not_checked_row_level; spatial_AOI_inclusion_only
PHV-0956,2026-07-16T08:06:00,5.26,125.32,17,2.8,020 km S 33° W of Balut Island (Municipality Of Sarangani) (Davao Occidental),https://earthquake.phivolcs.dost.gov.ph/2026_Earthquake_Information/July/2026_0716_0006_B1F.html,official_phivolcs_public_bulletin_row,not_checked_row_level; spatial_AOI_inclusion_only
PHV-0957,2026-07-16T08:43:00,5.77,125.32,15,2.2,014 km S 67° E of Glan (Sarangani),https://earthquake.phivolcs.dost.gov.ph/2026_Earthquake_Information/July/2026_0716_0043_B2F.html,official_phivolcs_public_bulletin_row,not_checked_row_level; spatial_AOI_inclusion_only
PHV-0958,2026-07-16T09:10:00,5.60,125.25,17,2.0,025 km S 11° E of Glan (Sarangani),https://earthquake.phivolcs.dost.gov.ph/2026_Earthquake_Information/July/2026_0716_0110_B1F.html,official_phivolcs_public_bulletin_row,not_checked_row_level; spatial_AOI_inclusion_only
PHV-0959,2026-07-16T10:46:00,5.87,125.32,9,2.7,014 km N 68° E of Glan (Sarangani),https://earthquake.phivolcs.dost.gov.ph/2026_Earthquake_Information/July/2026_0716_0246_B2F.html,official_phivolcs_public_bulletin_row,not_checked_row_level; spatial_AOI_inclusion_only
PHV-0960,2026-07-16T12:44:00,5.20,125.17,29,3.2,036 km S 49° W of Balut Island (Municipality Of Sarangani) (Davao Occidental),https://earthquake.phivolcs.dost.gov.ph/2026_Earthquake_Information/July/2026_0716_0444_B2F.html,official_phivolcs_public_bulletin_row,not_checked_row_level; spatial_AOI_inclusion_only
PHV-0961,2026-07-16T13:55:00,4.70,125.27,15,3.6,081 km S 12° W of Balut Island (Municipality Of Sarangani) (Davao Occidental),https://earthquake.phivolcs.dost.gov.ph/2026_Earthquake_Information/July/2026_0716_0555_B2F.html,official_phivolcs_public_bulletin_row,not_checked_row_level; spatial_AOI_inclusion_only
PHV-0962,2026-07-16T15:23:00,5.67,125.24,4,2.4,017 km S 15° E of Glan (Sarangani),https://earthquake.phivolcs.dost.gov.ph/2026_Earthquake_Information/July/2026_0716_0723_B2F.html,official_phivolcs_public_bulletin_row,not_checked_row_level; spatial_AOI_inclusion_only
PHV-0963,2026-07-16T16:43:00,5.38,125.24,46,1.7,020 km S 79° W of Balut Island (Municipality Of Sarangani) (Davao Occidental),https://earthquake.phivolcs.dost.gov.ph/2026_Earthquake_Information/July/2026_0716_0843_B1F.html,official_phivolcs_public_bulletin_row,not_checked_row_level; spatial_AOI_inclusion_only
PHV-0964,2026-07-16T18:08:00,5.62,125.17,4,3.5,037 km N 50° W of Balut Island (Municipality Of Sarangani) (Davao Occidental),https://earthquake.phivolcs.dost.gov.ph/2026_Earthquake_Information/July/2026_0716_1008_B1F.html,official_phivolcs_public_bulletin_row,not_checked_row_level; spatial_AOI_inclusion_only
PHV-0965,2026-07-16T19:27:00,5.80,124.78,25,2.5,025 km S 74° W of Maasim (Sarangani),https://earthquake.phivolcs.dost.gov.ph/2026_Earthquake_Information/July/2026_0716_1127_B1F.html,official_phivolcs_public_bulletin_row,not_checked_row_level; spatial_AOI_inclusion_only
PHV-0966,2026-07-16T20:44:00,4.96,125.40,29,2.8,050 km S 03° W of Balut Island (Municipality Of Sarangani) (Davao Occidental),https://earthquake.phivolcs.dost.gov.ph/2026_Earthquake_Information/July/2026_0716_1244_B1F.html,official_phivolcs_public_bulletin_row,not_checked_row_level; spatial_AOI_inclusion_only
PHV-0967,2026-07-17T00:35:00,5.86,125.44,54,2.2,020 km S 54° E of Malapatan (Sarangani),https://earthquake.phivolcs.dost.gov.ph/2026_Earthquake_Information/July/2026_0716_1635_B1F.html,official_phivolcs_public_bulletin_row,not_checked_row_level; spatial_AOI_inclusion_only
PHV-0968,2026-07-17T00:46:00,5.18,125.08,39,4.4,045 km S 56° W of Balut Island (Municipality Of Sarangani) (Davao Occidental),https://earthquake.phivolcs.dost.gov.ph/2026_Earthquake_Information/July/2026_0716_1646_B3F.html,official_phivolcs_public_bulletin_row,not_checked_row_level; spatial_AOI_inclusion_only
PHV-0969,2026-07-17T00:50:00,5.66,125.10,7,2.5,021 km S 34° W of Glan (Sarangani),https://earthquake.phivolcs.dost.gov.ph/2026_Earthquake_Information/July/2026_0716_1650_B1F.html,official_phivolcs_public_bulletin_row,not_checked_row_level; spatial_AOI_inclusion_only
PHV-0970,2026-07-17T00:54:00,5.67,125.32,21,2.9,021 km S 39° E of Glan (Sarangani),https://earthquake.phivolcs.dost.gov.ph/2026_Earthquake_Information/July/2026_0716_1654_B1F.html,official_phivolcs_public_bulletin_row,not_checked_row_level; spatial_AOI_inclusion_only
PHV-0971,2026-07-17T01:09:00,5.86,125.33,24,1.4,013 km S 19° E of Malapatan (Sarangani),https://earthquake.phivolcs.dost.gov.ph/2026_Earthquake_Information/July/2026_0716_1709_B1F.html,official_phivolcs_public_bulletin_row,not_checked_row_level; spatial_AOI_inclusion_only
PHV-0972,2026-07-17T01:31:00,5.37,125.24,31,2.1,021 km S 78° W of Balut Island (Municipality Of Sarangani) (Davao Occidental),https://earthquake.phivolcs.dost.gov.ph/2026_Earthquake_Information/July/2026_0716_1731_B1F.html,official_phivolcs_public_bulletin_row,not_checked_row_level; spatial_AOI_inclusion_only
PHV-0973,2026-07-17T02:38:00,5.81,125.39,17,1.4,021 km S 88° E of Glan (Sarangani),https://earthquake.phivolcs.dost.gov.ph/2026_Earthquake_Information/July/2026_0716_1838_B1F.html,official_phivolcs_public_bulletin_row,not_checked_row_level; spatial_AOI_inclusion_only
PHV-0974,2026-07-17T04:00:00,5.13,125.42,69,3.1,031 km South of Balut Island (Municipality Of Sarangani) (Davao Occidental),https://earthquake.phivolcs.dost.gov.ph/2026_Earthquake_Information/July/2026_0716_2000_B1F.html,official_phivolcs_public_bulletin_row,not_checked_row_level; spatial_AOI_inclusion_only
PHV-0975,2026-07-17T04:05:00,5.22,125.06,32,2.6,045 km S 61° W of Balut Island (Municipality Of Sarangani) (Davao Occidental),https://earthquake.phivolcs.dost.gov.ph/2026_Earthquake_Information/July/2026_0716_200557_B1F.html,official_phivolcs_public_bulletin_row,not_checked_row_level; spatial_AOI_inclusion_only
PHV-0976,2026-07-17T04:05:00,5.71,125.13,25,1.3,014 km S 34° W of Glan (Sarangani),https://earthquake.phivolcs.dost.gov.ph/2026_Earthquake_Information/July/2026_0716_200533_B1F.html,official_phivolcs_public_bulletin_row,not_checked_row_level; spatial_AOI_inclusion_only
PHV-0977,2026-07-17T04:21:00,5.42,124.90,15,3.2,050 km S 13° W of Maasim (Sarangani),https://earthquake.phivolcs.dost.gov.ph/2026_Earthquake_Information/July/2026_0716_2021_B1F.html,official_phivolcs_public_bulletin_row,not_checked_row_level; spatial_AOI_inclusion_only
PHV-0978,2026-07-17T04:29:00,4.95,125.25,4,2.7,055 km S 20° W of Balut Island (Municipality Of Sarangani) (Davao Occidental),https://earthquake.phivolcs.dost.gov.ph/2026_Earthquake_Information/July/2026_0716_2029_B1F.html,official_phivolcs_public_bulletin_row,not_checked_row_level; spatial_AOI_inclusion_only
PHV-0979,2026-07-17T05:03:00,5.20,125.12,33,1.6,040 km S 55° W of Balut Island (Municipality Of Sarangani) (Davao Occidental),https://earthquake.phivolcs.dost.gov.ph/2026_Earthquake_Information/July/2026_0716_2103_B1F.html,official_phivolcs_public_bulletin_row,not_checked_row_level; spatial_AOI_inclusion_only
PHV-0980,2026-07-17T06:29:00,5.46,125.18,25,1.9,027 km N 79° W of Balut Island (Municipality Of Sarangani) (Davao Occidental),https://earthquake.phivolcs.dost.gov.ph/2026_Earthquake_Information/July/2026_0716_2229_B1F.html,official_phivolcs_public_bulletin_row,not_checked_row_level; spatial_AOI_inclusion_only
PHV-0981,2026-07-17T06:31:00,5.28,125.43,29,2.4,015 km S 05° E of Balut Island (Municipality Of Sarangani) (Davao Occidental),https://earthquake.phivolcs.dost.gov.ph/2026_Earthquake_Information/July/2026_0716_223118_B1F.html,official_phivolcs_public_bulletin_row,not_checked_row_level; spatial_AOI_inclusion_only
PHV-0982,2026-07-17T07:02:00,5.89,125.36,19,1.7,012 km S 44° E of Malapatan (Sarangani),https://earthquake.phivolcs.dost.gov.ph/2026_Earthquake_Information/July/2026_0716_2302_B1F.html,official_phivolcs_public_bulletin_row,not_checked_row_level; spatial_AOI_inclusion_only
PHV-0983,2026-07-17T13:05:00,5.40,125.33,25,1.6,011 km S 83° W of Balut Island (Municipality Of Sarangani) (Davao Occidental),https://earthquake.phivolcs.dost.gov.ph/2026_Earthquake_Information/July/2026_0717_0505_B2F.html,official_phivolcs_public_bulletin_row,not_checked_row_level; spatial_AOI_inclusion_only
PHV-0984,2026-07-17T14:06:00,5.32,125.28,29,2.1,018 km S 57° W of Balut Island (Municipality Of Sarangani) (Davao Occidental),https://earthquake.phivolcs.dost.gov.ph/2026_Earthquake_Information/July/2026_0717_0606_B2F.html,official_phivolcs_public_bulletin_row,not_checked_row_level; spatial_AOI_inclusion_only
PHV-0985,2026-07-17T15:06:00,5.29,125.22,33,2.9,026 km S 59° W of Balut Island (Municipality Of Sarangani) (Davao Occidental),https://earthquake.phivolcs.dost.gov.ph/2026_Earthquake_Information/July/2026_0717_0706_B2F.html,official_phivolcs_public_bulletin_row,not_checked_row_level; spatial_AOI_inclusion_only
PHV-0986,2026-07-17T16:33:00,5.63,125.36,3,2.3,021 km N 37° W of Sarangani Island (Municipality Of Sarangani) (Davao Occidental),https://earthquake.phivolcs.dost.gov.ph/2026_Earthquake_Information/July/2026_0717_0833_B2F.html,official_phivolcs_public_bulletin_row,not_checked_row_level; spatial_AOI_inclusion_only
PHV-0987,2026-07-17T18:15:00,5.53,125.27,3,2.0,021 km N 54° W of Balut Island (Municipality Of Sarangani) (Davao Occidental),https://earthquake.phivolcs.dost.gov.ph/2026_Earthquake_Information/July/2026_0717_1015_B2F.html,official_phivolcs_public_bulletin_row,not_checked_row_level; spatial_AOI_inclusion_only
PHV-0988,2026-07-17T19:37:00,5.19,125.34,16,2.2,026 km S 20° W of Balut Island (Municipality Of Sarangani) (Davao Occidental),https://earthquake.phivolcs.dost.gov.ph/2026_Earthquake_Information/July/2026_0717_1137_B2F.html,official_phivolcs_public_bulletin_row,not_checked_row_level; spatial_AOI_inclusion_only
PHV-0989,2026-07-17T20:46:00,5.78,125.36,12,2.1,017 km S 76° E of Glan (Sarangani),https://earthquake.phivolcs.dost.gov.ph/2026_Earthquake_Information/July/2026_0717_1246_B2F.html,official_phivolcs_public_bulletin_row,not_checked_row_level; spatial_AOI_inclusion_only
PHV-0990,2026-07-17T21:01:00,5.65,125.13,23,2.3,020 km S 23° W of Glan (Sarangani),https://earthquake.phivolcs.dost.gov.ph/2026_Earthquake_Information/July/2026_0717_1301_B2F.html,official_phivolcs_public_bulletin_row,not_checked_row_level; spatial_AOI_inclusion_only
PHV-0991,2026-07-17T21:18:00,5.30,125.38,3,2.0,013 km S 22° W of Balut Island (Municipality Of Sarangani) (Davao Occidental),https://earthquake.phivolcs.dost.gov.ph/2026_Earthquake_Information/July/2026_0717_1318_B1F.html,official_phivolcs_public_bulletin_row,not_checked_row_level; spatial_AOI_inclusion_only
PHV-0992,2026-07-17T22:04:00,4.77,125.41,37,2.2,071 km S 01° W of Balut Island (Municipality Of Sarangani) (Davao Occidental),https://earthquake.phivolcs.dost.gov.ph/2026_Earthquake_Information/July/2026_0717_1404_B1F.html,official_phivolcs_public_bulletin_row,not_checked_row_level; spatial_AOI_inclusion_only
PHV-0993,2026-07-17T22:07:00,5.92,125.36,20,1.5,009 km S 57° E of Malapatan (Sarangani),https://earthquake.phivolcs.dost.gov.ph/2026_Earthquake_Information/July/2026_0717_140718_B1F.html,official_phivolcs_public_bulletin_row,not_checked_row_level; spatial_AOI_inclusion_only
PHV-0994,2026-07-17T22:17:00,5.49,125.40,30,2.3,009 km N 18° W of Balut Island (Municipality Of Sarangani) (Davao Occidental),https://earthquake.phivolcs.dost.gov.ph/2026_Earthquake_Information/July/2026_0717_1417_B1F.html,official_phivolcs_public_bulletin_row,not_checked_row_level; spatial_AOI_inclusion_only
PHV-0995,2026-07-18T00:12:00,5.37,125.35,17,5.5,010 km S 58° W of Balut Island (Municipality Of Sarangani) (Davao Occidental),https://earthquake.phivolcs.dost.gov.ph/2026_Earthquake_Information/July/2026_0717_1612_B3F.html,official_phivolcs_public_bulletin_row,not_checked_row_level; spatial_AOI_inclusion_only
PHV-0996,2026-07-18T00:46:00,5.77,125.25,13,2.2,008 km S 39° E of Glan (Sarangani),https://earthquake.phivolcs.dost.gov.ph/2026_Earthquake_Information/July/2026_0717_1646_B2F.html,official_phivolcs_public_bulletin_row,not_checked_row_level; spatial_AOI_inclusion_only
PHV-0997,2026-07-18T00:51:00,5.72,125.41,13,2.7,026 km S 65° E of Glan (Sarangani),https://earthquake.phivolcs.dost.gov.ph/2026_Earthquake_Information/July/2026_0717_1651_B2F.html,official_phivolcs_public_bulletin_row,not_checked_row_level; spatial_AOI_inclusion_only
PHV-0998,2026-07-18T01:12:00,5.92,125.37,2,2.4,011 km S 55° E of Malapatan (Sarangani),https://earthquake.phivolcs.dost.gov.ph/2026_Earthquake_Information/July/2026_0717_1712_B2F.html,official_phivolcs_public_bulletin_row,not_checked_row_level; spatial_AOI_inclusion_only
PHV-0999,2026-07-18T01:28:00,5.95,125.37,22,1.5,010 km S 78° E of Malapatan (Sarangani),https://earthquake.phivolcs.dost.gov.ph/2026_Earthquake_Information/July/2026_0717_1728_B1F.html,official_phivolcs_public_bulletin_row,not_checked_row_level; spatial_AOI_inclusion_only
PHV-1000,2026-07-18T01:36:00,5.86,125.40,23,1.9,017 km S 46° E of Malapatan (Sarangani),https://earthquake.phivolcs.dost.gov.ph/2026_Earthquake_Information/July/2026_0717_1736_B1F.html,official_phivolcs_public_bulletin_row,not_checked_row_level; spatial_AOI_inclusion_only
PHV-1001,2026-07-18T01:54:00,5.79,125.32,25,1.8,013 km S 72° E of Glan (Sarangani),https://earthquake.phivolcs.dost.gov.ph/2026_Earthquake_Information/July/2026_0717_1754_B2F.html,official_phivolcs_public_bulletin_row,not_checked_row_level; spatial_AOI_inclusion_only
PHV-1002,2026-07-18T01:57:00,5.30,125.29,15,2.6,019 km S 47° W of Balut Island (Municipality Of Sarangani) (Davao Occidental),https://earthquake.phivolcs.dost.gov.ph/2026_Earthquake_Information/July/2026_0717_1757_B2F.html,official_phivolcs_public_bulletin_row,not_checked_row_level; spatial_AOI_inclusion_only
PHV-1003,2026-07-18T02:02:00,5.83,125.35,22,1.8,017 km N 87° E of Glan (Sarangani),https://earthquake.phivolcs.dost.gov.ph/2026_Earthquake_Information/July/2026_0717_1802_B1F.html,official_phivolcs_public_bulletin_row,not_checked_row_level; spatial_AOI_inclusion_only
PHV-1004,2026-07-18T02:08:00,5.29,125.37,32,1.4,014 km S 25° W of Balut Island (Municipality Of Sarangani) (Davao Occidental),https://earthquake.phivolcs.dost.gov.ph/2026_Earthquake_Information/July/2026_0717_1808_B1F.html,official_phivolcs_public_bulletin_row,not_checked_row_level; spatial_AOI_inclusion_only
PHV-1005,2026-07-18T02:32:00,5.55,125.32,48,2.0,018 km N 63° W of Sarangani Island (Municipality Of Sarangani) (Davao Occidental),https://earthquake.phivolcs.dost.gov.ph/2026_Earthquake_Information/July/2026_0717_183253_B2F.html,official_phivolcs_public_bulletin_row,not_checked_row_level; spatial_AOI_inclusion_only
PHV-1006,2026-07-18T02:37:00,5.91,125.66,97,2.0,001 km S 81° E of Jose Abad Santos (Davao Occidental),https://earthquake.phivolcs.dost.gov.ph/2026_Earthquake_Information/July/2026_0717_1837_B2.html,official_phivolcs_public_bulletin_row,not_checked_row_level; spatial_AOI_inclusion_only
PHV-1007,2026-07-18T02:43:00,5.52,125.43,54,1.6,007 km N 38° W of Sarangani Island (Municipality Of Sarangani) (Davao Occidental),https://earthquake.phivolcs.dost.gov.ph/2026_Earthquake_Information/July/2026_0717_1843_B1F.html,official_phivolcs_public_bulletin_row,not_checked_row_level; spatial_AOI_inclusion_only
PHV-1008,2026-07-18T02:48:00,5.26,125.45,3,2.2,017 km S 10° E of Balut Island (Municipality Of Sarangani) (Davao Occidental),https://earthquake.phivolcs.dost.gov.ph/2026_Earthquake_Information/July/2026_0717_1848_B2F.html,official_phivolcs_public_bulletin_row,not_checked_row_level; spatial_AOI_inclusion_only
PHV-1009,2026-07-18T03:04:00,4.90,125.51,114,2.6,058 km S 10° E of Balut Island (Municipality Of Sarangani) (Davao Occidental),https://earthquake.phivolcs.dost.gov.ph/2026_Earthquake_Information/July/2026_0717_1904_B2F.html,official_phivolcs_public_bulletin_row,not_checked_row_level; spatial_AOI_inclusion_only
PHV-1010,2026-07-18T03:27:00,5.74,125.52,79,1.5,030 km N 10° E of Sarangani Island (Municipality Of Sarangani) (Davao Occidental),https://earthquake.phivolcs.dost.gov.ph/2026_Earthquake_Information/July/2026_0717_1927_B1F.html,official_phivolcs_public_bulletin_row,not_checked_row_level; spatial_AOI_inclusion_only
PHV-1011,2026-07-18T03:46:00,5.94,125.35,21,1.4,008 km S 62° E of Malapatan (Sarangani),https://earthquake.phivolcs.dost.gov.ph/2026_Earthquake_Information/July/2026_0717_1946_B1F.html,official_phivolcs_public_bulletin_row,not_checked_row_level; spatial_AOI_inclusion_only
PHV-1012,2026-07-18T05:20:00,5.37,124.98,3,3.5,049 km S 85° W of Balut Island (Municipality Of Sarangani) (Davao Occidental),https://earthquake.phivolcs.dost.gov.ph/2026_Earthquake_Information/July/2026_0717_2120_B2F.html,official_phivolcs_public_bulletin_row,not_checked_row_level; spatial_AOI_inclusion_only
PHV-1013,2026-07-18T05:34:00,5.37,125.24,44,2.2,021 km S 77° W of Balut Island (Municipality Of Sarangani) (Davao Occidental),https://earthquake.phivolcs.dost.gov.ph/2026_Earthquake_Information/July/2026_0717_2134_B1F.html,official_phivolcs_public_bulletin_row,not_checked_row_level; spatial_AOI_inclusion_only
PHV-1014,2026-07-18T05:36:00,5.65,125.45,45,1.4,020 km N 07° W of Sarangani Island (Municipality Of Sarangani) (Davao Occidental),https://earthquake.phivolcs.dost.gov.ph/2026_Earthquake_Information/July/2026_0717_2136_B1F.html,official_phivolcs_public_bulletin_row,not_checked_row_level; spatial_AOI_inclusion_only
PHV-1015,2026-07-18T05:38:00,5.42,125.33,25,1.7,010 km N 88° W of Balut Island (Municipality Of Sarangani) (Davao Occidental),https://earthquake.phivolcs.dost.gov.ph/2026_Earthquake_Information/July/2026_0717_2138_B1F.html,official_phivolcs_public_bulletin_row,not_checked_row_level; spatial_AOI_inclusion_only
PHV-1016,2026-07-18T05:50:00,5.28,124.97,31,2.3,052 km S 74° W of Balut Island (Municipality Of Sarangani) (Davao Occidental),https://earthquake.phivolcs.dost.gov.ph/2026_Earthquake_Information/July/2026_0717_2150_B2F.html,official_phivolcs_public_bulletin_row,not_checked_row_level; spatial_AOI_inclusion_only
PHV-1017,2026-07-18T07:00:00,5.49,125.28,9,2.2,018 km N 61° W of Balut Island (Municipality Of Sarangani) (Davao Occidental),https://earthquake.phivolcs.dost.gov.ph/2026_Earthquake_Information/July/2026_0717_2300_B1F.html,official_phivolcs_public_bulletin_row,not_checked_row_level; spatial_AOI_inclusion_only
PHV-1018,2026-07-18T07:27:00,5.80,125.30,23,1.8,011 km S 75° E of Glan (Sarangani),https://earthquake.phivolcs.dost.gov.ph/2026_Earthquake_Information/July/2026_0717_2327_B2F.html,official_phivolcs_public_bulletin_row,not_checked_row_level; spatial_AOI_inclusion_only
PHV-1019,2026-07-18T08:22:00,5.39,125.17,26,2.9,028 km S 86° W of Balut Island (Municipality Of Sarangani) (Davao Occidental),https://earthquake.phivolcs.dost.gov.ph/2026_Earthquake_Information/July/2026_0718_0022_B2F.html,official_phivolcs_public_bulletin_row,not_checked_row_level; spatial_AOI_inclusion_only
PHV-1020,2026-07-18T08:40:00,5.89,125.33,7,1.7,010 km S 29° E of Malapatan (Sarangani),https://earthquake.phivolcs.dost.gov.ph/2026_Earthquake_Information/July/2026_0718_0040_B2F.html,official_phivolcs_public_bulletin_row,not_checked_row_level; spatial_AOI_inclusion_only
PHV-1021,2026-07-18T09:03:00,5.87,125.30,13,2.5,012 km N 66° E of Glan (Sarangani),https://earthquake.phivolcs.dost.gov.ph/2026_Earthquake_Information/July/2026_0718_0103_B1F.html,official_phivolcs_public_bulletin_row,not_checked_row_level; spatial_AOI_inclusion_only
PHV-1022,2026-07-18T09:31:00,4.67,125.46,32,3.2,082 km S 03° E of Balut Island (Municipality Of Sarangani) (Davao Occidental),https://earthquake.phivolcs.dost.gov.ph/2026_Earthquake_Information/July/2026_0718_0131_B2F.html,official_phivolcs_public_bulletin_row,not_checked_row_level; spatial_AOI_inclusion_only
PHV-1023,2026-07-18T10:23:00,4.46,124.75,5,5.6,129 km S 35° W of Balut Island (Municipality Of Sarangani) (Davao Occidental),https://earthquake.phivolcs.dost.gov.ph/2026_Earthquake_Information/July/2026_0718_0223_B3F.html,official_phivolcs_public_bulletin_row,not_checked_row_level; spatial_AOI_inclusion_only
PHV-1024,2026-07-18T11:23:00,5.36,125.16,31,1.6,030 km S 78° W of Balut Island (Municipality Of Sarangani) (Davao Occidental),https://earthquake.phivolcs.dost.gov.ph/2026_Earthquake_Information/July/2026_0718_0323_B1F.html,official_phivolcs_public_bulletin_row,not_checked_row_level; spatial_AOI_inclusion_only
PHV-1025,2026-07-18T11:53:00,5.50,125.25,23,1.5,035 km S 08° E of Glan (Sarangani),https://earthquake.phivolcs.dost.gov.ph/2026_Earthquake_Information/July/2026_0718_0353_B2F.html,official_phivolcs_public_bulletin_row,not_checked_row_level; spatial_AOI_inclusion_only
PHV-1026,2026-07-18T12:41:00,5.85,125.32,12,1.7,013 km N 75° E of Glan (Sarangani),https://earthquake.phivolcs.dost.gov.ph/2026_Earthquake_Information/July/2026_0718_0441_B2F.html,official_phivolcs_public_bulletin_row,not_checked_row_level; spatial_AOI_inclusion_only
PHV-1027,2026-07-18T15:29:00,4.75,125.20,29,3.2,077 km S 18° W of Balut Island (Municipality Of Sarangani) (Davao Occidental),https://earthquake.phivolcs.dost.gov.ph/2026_Earthquake_Information/July/2026_0718_0729_B2F.html,official_phivolcs_public_bulletin_row,not_checked_row_level; spatial_AOI_inclusion_only
PHV-1028,2026-07-18T17:24:00,4.68,125.16,34,2.5,086 km S 19° W of Balut Island (Municipality Of Sarangani) (Davao Occidental),https://earthquake.phivolcs.dost.gov.ph/2026_Earthquake_Information/July/2026_0718_0924_B1F.html,official_phivolcs_public_bulletin_row,not_checked_row_level; spatial_AOI_inclusion_only
PHV-1029,2026-07-18T17:42:00,5.76,125.26,17,2.1,010 km S 43° E of Glan (Sarangani),https://earthquake.phivolcs.dost.gov.ph/2026_Earthquake_Information/July/2026_0718_0942_B2F.html,official_phivolcs_public_bulletin_row,not_checked_row_level; spatial_AOI_inclusion_only
PHV-1030,2026-07-18T18:38:00,5.09,125.23,47,3.6,042 km S 30° W of Balut Island (Municipality Of Sarangani) (Davao Occidental),https://earthquake.phivolcs.dost.gov.ph/2026_Earthquake_Information/July/2026_0718_1038_B2F.html,official_phivolcs_public_bulletin_row,not_checked_row_level; spatial_AOI_inclusion_only
PHV-1031,2026-07-18T20:02:00,5.31,125.25,38,3.6,022 km S 59° W of Balut Island (Municipality Of Sarangani) (Davao Occidental),https://earthquake.phivolcs.dost.gov.ph/2026_Earthquake_Information/July/2026_0718_1202_B2F.html,official_phivolcs_public_bulletin_row,not_checked_row_level; spatial_AOI_inclusion_only
PHV-1032,2026-07-18T20:37:00,5.80,125.51,21,1.8,020 km S 52° W of Jose Abad Santos (Davao Occidental),https://earthquake.phivolcs.dost.gov.ph/2026_Earthquake_Information/July/2026_0718_1237_B1F.html,official_phivolcs_public_bulletin_row,not_checked_row_level; spatial_AOI_inclusion_only
PHV-1033,2026-07-18T20:46:00,5.82,125.50,17,2.0,019 km S 59° W of Jose Abad Santos (Davao Occidental),https://earthquake.phivolcs.dost.gov.ph/2026_Earthquake_Information/July/2026_0718_1246_B1F.html,official_phivolcs_public_bulletin_row,not_checked_row_level; spatial_AOI_inclusion_only
PHV-1034,2026-07-18T20:55:00,5.81,125.11,21,1.4,011 km S 81° W of Glan (Sarangani),https://earthquake.phivolcs.dost.gov.ph/2026_Earthquake_Information/July/2026_0718_1255_B1F.html,official_phivolcs_public_bulletin_row,not_checked_row_level; spatial_AOI_inclusion_only
PHV-1035,2026-07-18T21:01:00,5.81,125.35,9,2.1,016 km S 86° E of Glan (Sarangani),https://earthquake.phivolcs.dost.gov.ph/2026_Earthquake_Information/July/2026_0718_1301_B2F.html,official_phivolcs_public_bulletin_row,not_checked_row_level; spatial_AOI_inclusion_only
PHV-1036,2026-07-18T22:20:00,5.21,125.02,37,3.2,050 km S 63° W of Balut Island (Municipality Of Sarangani) (Davao Occidental),https://earthquake.phivolcs.dost.gov.ph/2026_Earthquake_Information/July/2026_0718_1420_B2F.html,official_phivolcs_public_bulletin_row,not_checked_row_level; spatial_AOI_inclusion_only
PHV-1037,2026-07-18T22:22:00,5.91,125.39,25,1.3,013 km S 62° E of Malapatan (Sarangani),https://earthquake.phivolcs.dost.gov.ph/2026_Earthquake_Information/July/2026_0718_1422_B1F.html,official_phivolcs_public_bulletin_row,not_checked_row_level; spatial_AOI_inclusion_only
PHV-1038,2026-07-18T22:50:00,6.10,125.71,96,1.7,010 km S 12° E of Don Marcelino (Davao Occidental),https://earthquake.phivolcs.dost.gov.ph/2026_Earthquake_Information/July/2026_0718_1450_B1.html,official_phivolcs_public_bulletin_row,not_checked_row_level; spatial_AOI_inclusion_only
PHV-1039,2026-07-18T23:43:00,4.87,124.90,115,3.0,083 km S 44° W of Balut Island (Municipality Of Sarangani) (Davao Occidental),https://earthquake.phivolcs.dost.gov.ph/2026_Earthquake_Information/July/2026_0718_1543_B2.html,official_phivolcs_public_bulletin_row,not_checked_row_level; spatial_AOI_inclusion_only
PHV-1040,2026-07-18T23:48:00,5.93,125.34,20,2.1,007 km S 49° E of Malapatan (Sarangani),https://earthquake.phivolcs.dost.gov.ph/2026_Earthquake_Information/July/2026_0718_1548_B2F.html,official_phivolcs_public_bulletin_row,not_checked_row_level; spatial_AOI_inclusion_only
PHV-1041,2026-07-18T23:57:00,4.44,125.86,141,3.9,118 km S 24° E of Balut Island (Municipality Of Sarangani) (Davao Occidental),https://earthquake.phivolcs.dost.gov.ph/2026_Earthquake_Information/July/2026_0718_1557_B2.html,official_phivolcs_public_bulletin_row,not_checked_row_level; spatial_AOI_inclusion_only
PHV-1042,2026-07-19T01:03:00,4.40,125.95,96,2.7,126 km S 28° E of Balut Island (Municipality Of Sarangani) (Davao Occidental),https://earthquake.phivolcs.dost.gov.ph/2026_Earthquake_Information/July/2026_0718_1703_B2.html,official_phivolcs_public_bulletin_row,not_checked_row_level; spatial_AOI_inclusion_only
PHV-1043,2026-07-19T02:20:00,5.24,125.22,38,2.9,029 km S 50° W of Balut Island (Municipality Of Sarangani) (Davao Occidental),https://earthquake.phivolcs.dost.gov.ph/2026_Earthquake_Information/July/2026_0718_1820_B2F.html,official_phivolcs_public_bulletin_row,not_checked_row_level; spatial_AOI_inclusion_only
PHV-1044,2026-07-19T02:42:00,5.68,125.28,22,2.1,018 km S 27° E of Glan (Sarangani),https://earthquake.phivolcs.dost.gov.ph/2026_Earthquake_Information/July/2026_0718_1842_B2F.html,official_phivolcs_public_bulletin_row,not_checked_row_level; spatial_AOI_inclusion_only
PHV-1045,2026-07-19T02:47:00,4.81,125.33,49,2.5,057 km S 04° W of Balut Island (Municipality Of Sarangani) (Davao Occidental),https://earthquake.phivolcs.dost.gov.ph/2026_Earthquake_Information/July/2026_0718_1847_B2F.html,official_phivolcs_public_bulletin_row,not_checked_row_level; spatial_AOI_inclusion_only
PHV-1046,2026-07-19T03:17:00,5.51,125.03,5,2.9,039 km S 29° W of Glan (Sarangani),https://earthquake.phivolcs.dost.gov.ph/2026_Earthquake_Information/July/2026_0718_191747_B2F.html,official_phivolcs_public_bulletin_row,not_checked_row_level; spatial_AOI_inclusion_only
PHV-1047,2026-07-19T03:25:00,5.37,125.28,46,3.2,016 km S 74° W of Balut Island (Municipality Of Sarangani) (Davao Occidental),https://earthquake.phivolcs.dost.gov.ph/2026_Earthquake_Information/July/2026_0718_1925_B2F.html,official_phivolcs_public_bulletin_row,not_checked_row_level; spatial_AOI_inclusion_only
PHV-1048,2026-07-19T04:05:00,5.55,125.06,22,1.9,034 km S 28° W of Glan (Sarangani),https://earthquake.phivolcs.dost.gov.ph/2026_Earthquake_Information/July/2026_0718_2005_B1F.html,official_phivolcs_public_bulletin_row,not_checked_row_level; spatial_AOI_inclusion_only
PHV-1049,2026-07-19T04:25:00,5.91,125.35,21,1.6,009 km S 42° E of Malapatan (Sarangani),https://earthquake.phivolcs.dost.gov.ph/2026_Earthquake_Information/July/2026_0718_2025_B1F.html,official_phivolcs_public_bulletin_row,not_checked_row_level; spatial_AOI_inclusion_only
PHV-1050,2026-07-19T05:11:00,5.49,125.12,19,2.6,035 km N 76° W of Balut Island (Municipality Of Sarangani) (Davao Occidental),https://earthquake.phivolcs.dost.gov.ph/2026_Earthquake_Information/July/2026_0718_2111_B2F.html,official_phivolcs_public_bulletin_row,not_checked_row_level; spatial_AOI_inclusion_only
PHV-1051,2026-07-19T05:21:00,5.23,125.76,26,2.1,042 km S 61° E of Balut Island (Municipality Of Sarangani) (Davao Occidental),https://earthquake.phivolcs.dost.gov.ph/2026_Earthquake_Information/July/2026_0718_2121_B2F.html,official_phivolcs_public_bulletin_row,not_checked_row_level; spatial_AOI_inclusion_only
PHV-1052,2026-07-19T05:30:00,5.55,125.58,33,1.2,015 km N 55° E of Sarangani Island (Municipality Of Sarangani) (Davao Occidental),https://earthquake.phivolcs.dost.gov.ph/2026_Earthquake_Information/July/2026_0718_2130_B1F.html,official_phivolcs_public_bulletin_row,not_checked_row_level; spatial_AOI_inclusion_only
PHV-1053,2026-07-19T06:11:00,6.07,125.49,120,1.6,022 km S 80° E of Alabel (Sarangani),https://earthquake.phivolcs.dost.gov.ph/2026_Earthquake_Information/July/2026_0718_2211_B1.html,official_phivolcs_public_bulletin_row,not_checked_row_level; spatial_AOI_inclusion_only
PHV-1054,2026-07-19T06:12:00,5.41,124.82,10,3.0,053 km S 21° W of Maasim (Sarangani),https://earthquake.phivolcs.dost.gov.ph/2026_Earthquake_Information/July/2026_0718_2212_B2F.html,official_phivolcs_public_bulletin_row,not_checked_row_level; spatial_AOI_inclusion_only
PHV-1055,2026-07-19T06:18:00,5.35,125.24,32,1.5,022 km S 73° W of Balut Island (Municipality Of Sarangani) (Davao Occidental),https://earthquake.phivolcs.dost.gov.ph/2026_Earthquake_Information/July/2026_0718_2218_B1F.html,official_phivolcs_public_bulletin_row,not_checked_row_level; spatial_AOI_inclusion_only
PHV-1056,2026-07-19T07:47:00,5.68,125.29,16,2.0,018 km S 31° E of Glan (Sarangani),https://earthquake.phivolcs.dost.gov.ph/2026_Earthquake_Information/July/2026_0718_2347_B1F.html,official_phivolcs_public_bulletin_row,not_checked_row_level; spatial_AOI_inclusion_only
PHV-1057,2026-07-19T07:53:00,5.12,124.98,26,3.5,058 km S 56° W of Balut Island (Municipality Of Sarangani) (Davao Occidental),https://earthquake.phivolcs.dost.gov.ph/2026_Earthquake_Information/July/2026_0718_2353_B1F.html,official_phivolcs_public_bulletin_row,not_checked_row_level; spatial_AOI_inclusion_only
PHV-1058,2026-07-19T08:05:00,5.77,125.22,23,1.4,006 km S 21° E of Glan (Sarangani),https://earthquake.phivolcs.dost.gov.ph/2026_Earthquake_Information/July/2026_0719_000517_B1F.html,official_phivolcs_public_bulletin_row,not_checked_row_level; spatial_AOI_inclusion_only
PHV-1059,2026-07-19T10:12:00,5.59,125.29,17,1.5,024 km N 36° W of Balut Island (Municipality Of Sarangani) (Davao Occidental),https://earthquake.phivolcs.dost.gov.ph/2026_Earthquake_Information/July/2026_0719_0212_B1F.html,official_phivolcs_public_bulletin_row,not_checked_row_level; spatial_AOI_inclusion_only
PHV-1060,2026-07-19T10:15:00,5.52,125.55,8,1.4,010 km N 59° E of Sarangani Island (Municipality Of Sarangani) (Davao Occidental),https://earthquake.phivolcs.dost.gov.ph/2026_Earthquake_Information/July/2026_0719_0215_B1F.html,official_phivolcs_public_bulletin_row,not_checked_row_level; spatial_AOI_inclusion_only
PHV-1061,2026-07-19T10:39:00,5.69,125.26,23,1.5,016 km S 21° E of Glan (Sarangani),https://earthquake.phivolcs.dost.gov.ph/2026_Earthquake_Information/July/2026_0719_0239_B1F.html,official_phivolcs_public_bulletin_row,not_checked_row_level; spatial_AOI_inclusion_only
PHV-1062,2026-07-19T10:41:00,5.59,125.28,33,1.3,025 km N 38° W of Balut Island (Municipality Of Sarangani) (Davao Occidental),https://earthquake.phivolcs.dost.gov.ph/2026_Earthquake_Information/July/2026_0719_0241_B1F.html,official_phivolcs_public_bulletin_row,not_checked_row_level; spatial_AOI_inclusion_only
PHV-1063,2026-07-19T10:58:00,5.93,125.01,6,2.4,008 km N 14° E of Maasim (Sarangani),https://earthquake.phivolcs.dost.gov.ph/2026_Earthquake_Information/July/2026_0719_0258_B2F.html,official_phivolcs_public_bulletin_row,not_checked_row_level; spatial_AOI_inclusion_only
PHV-1064,2026-07-19T11:26:00,6.02,125.26,16,1.3,007 km N 31° W of Malapatan (Sarangani),https://earthquake.phivolcs.dost.gov.ph/2026_Earthquake_Information/July/2026_0719_0326_B1F.html,official_phivolcs_public_bulletin_row,not_checked_row_level; spatial_AOI_inclusion_only
PHV-1065,2026-07-19T11:50:00,5.26,125.00,27,2.4,050 km S 70° W of Balut Island (Municipality Of Sarangani) (Davao Occidental),https://earthquake.phivolcs.dost.gov.ph/2026_Earthquake_Information/July/2026_0719_0350_B2F.html,official_phivolcs_public_bulletin_row,not_checked_row_level; spatial_AOI_inclusion_only
PHV-1066,2026-07-19T11:56:00,5.71,125.29,13,2.6,036 km N 23° W of Balut Island (Municipality Of Sarangani) (Davao Occidental),https://earthquake.phivolcs.dost.gov.ph/2026_Earthquake_Information/July/2026_0719_0356_B2F.html,official_phivolcs_public_bulletin_row,not_checked_row_level; spatial_AOI_inclusion_only
PHV-1067,2026-07-19T12:58:00,5.71,125.21,27,1.4,012 km S 03° E of Glan (Sarangani),https://earthquake.phivolcs.dost.gov.ph/2026_Earthquake_Information/July/2026_0719_0458_B1F.html,official_phivolcs_public_bulletin_row,not_checked_row_level; spatial_AOI_inclusion_only
PHV-1068,2026-07-19T13:07:00,5.83,125.30,3,1.3,011 km N 86° E of Glan (Sarangani),https://earthquake.phivolcs.dost.gov.ph/2026_Earthquake_Information/July/2026_0719_0507_B1F.html,official_phivolcs_public_bulletin_row,not_checked_row_level; spatial_AOI_inclusion_only
PHV-1069,2026-07-19T13:14:00,4.67,125.53,35,4.2,083 km S 08° E of Balut Island (Municipality Of Sarangani) (Davao Occidental),https://earthquake.phivolcs.dost.gov.ph/2026_Earthquake_Information/July/2026_0719_0514_B3F.html,official_phivolcs_public_bulletin_row,not_checked_row_level; spatial_AOI_inclusion_only
PHV-1070,2026-07-19T13:27:00,5.42,125.21,23,1.8,024 km N 89° W of Balut Island (Municipality Of Sarangani) (Davao Occidental),https://earthquake.phivolcs.dost.gov.ph/2026_Earthquake_Information/July/2026_0719_0527_B2F.html,official_phivolcs_public_bulletin_row,not_checked_row_level; spatial_AOI_inclusion_only
PHV-1071,2026-07-19T13:37:00,5.51,124.59,13,2.4,053 km S 04° W of Kiamba (Sarangani),https://earthquake.phivolcs.dost.gov.ph/2026_Earthquake_Information/July/2026_0719_0537_B1F.html,official_phivolcs_public_bulletin_row,not_checked_row_level; spatial_AOI_inclusion_only
PHV-1072,2026-07-19T13:54:00,5.61,125.20,39,1.5,024 km S 01° W of Glan (Sarangani),https://earthquake.phivolcs.dost.gov.ph/2026_Earthquake_Information/July/2026_0719_0554_B1F.html,official_phivolcs_public_bulletin_row,not_checked_row_level; spatial_AOI_inclusion_only
PHV-1073,2026-07-19T14:01:00,5.59,124.53,8,1.4,046 km S 13° W of Kiamba (Sarangani),https://earthquake.phivolcs.dost.gov.ph/2026_Earthquake_Information/July/2026_0719_0601_B1F.html,official_phivolcs_public_bulletin_row,not_checked_row_level; spatial_AOI_inclusion_only
PHV-1074,2026-07-19T14:03:00,5.49,125.27,25,1.4,019 km N 62° W of Balut Island (Municipality Of Sarangani) (Davao Occidental),https://earthquake.phivolcs.dost.gov.ph/2026_Earthquake_Information/July/2026_0719_0603_B1F.html,official_phivolcs_public_bulletin_row,not_checked_row_level; spatial_AOI_inclusion_only
PHV-1075,2026-07-19T15:05:00,5.95,125.28,15,1.4,003 km S 18° W of Malapatan (Sarangani),https://earthquake.phivolcs.dost.gov.ph/2026_Earthquake_Information/July/2026_0719_0705_B1F.html,official_phivolcs_public_bulletin_row,not_checked_row_level; spatial_AOI_inclusion_only
PHV-1076,2026-07-19T15:18:00,6.01,125.37,19,1.9,010 km N 63° E of Malapatan (Sarangani),https://earthquake.phivolcs.dost.gov.ph/2026_Earthquake_Information/July/2026_0719_0718_B2F.html,official_phivolcs_public_bulletin_row,not_checked_row_level; spatial_AOI_inclusion_only
PHV-1077,2026-07-19T16:08:00,5.62,125.98,22,3.0,050 km S 49° E of Jose Abad Santos (Davao Occidental),https://earthquake.phivolcs.dost.gov.ph/2026_Earthquake_Information/July/2026_0719_0808_B2.html,official_phivolcs_public_bulletin_row,not_checked_row_level; spatial_AOI_inclusion_only
PHV-1078,2026-07-19T16:19:00,5.19,125.38,25,4.5,025 km S 10° W of Balut Island (Municipality Of Sarangani) (Davao Occidental),https://earthquake.phivolcs.dost.gov.ph/2026_Earthquake_Information/July/2026_0719_0819_B3F.html,official_phivolcs_public_bulletin_row,not_checked_row_level; spatial_AOI_inclusion_only
PHV-1079,2026-07-19T16:54:00,5.45,125.29,15,2.8,015 km N 74° W of Balut Island (Municipality Of Sarangani) (Davao Occidental),https://earthquake.phivolcs.dost.gov.ph/2026_Earthquake_Information/July/2026_0719_0854_B2F.html,official_phivolcs_public_bulletin_row,not_checked_row_level; spatial_AOI_inclusion_only
PHV-1080,2026-07-19T17:16:00,5.65,125.23,11,2.9,019 km S 09° E of Glan (Sarangani),https://earthquake.phivolcs.dost.gov.ph/2026_Earthquake_Information/July/2026_0719_0916_B1F.html,official_phivolcs_public_bulletin_row,not_checked_row_level; spatial_AOI_inclusion_only
PHV-1081,2026-07-19T17:25:00,5.85,125.37,18,2.2,016 km S 35° E of Malapatan (Sarangani),https://earthquake.phivolcs.dost.gov.ph/2026_Earthquake_Information/July/2026_0719_0925_B2F.html,official_phivolcs_public_bulletin_row,not_checked_row_level; spatial_AOI_inclusion_only
PHV-1082,2026-07-19T17:31:00,4.88,125.28,30,2.7,061 km S 15° W of Balut Island (Municipality Of Sarangani) (Davao Occidental),https://earthquake.phivolcs.dost.gov.ph/2026_Earthquake_Information/July/2026_0719_0931_B2F.html,official_phivolcs_public_bulletin_row,not_checked_row_level; spatial_AOI_inclusion_only
PHV-1083,2026-07-19T18:23:00,5.05,125.34,33,2.3,041 km S 13° W of Balut Island (Municipality Of Sarangani) (Davao Occidental),https://earthquake.phivolcs.dost.gov.ph/2026_Earthquake_Information/July/2026_0719_1023_B1F.html,official_phivolcs_public_bulletin_row,not_checked_row_level; spatial_AOI_inclusion_only
PHV-1084,2026-07-19T18:40:00,5.59,125.19,21,2.4,026 km S 04° W of Glan (Sarangani),https://earthquake.phivolcs.dost.gov.ph/2026_Earthquake_Information/July/2026_0719_1040_B2F.html,official_phivolcs_public_bulletin_row,not_checked_row_level; spatial_AOI_inclusion_only
PHV-1085,2026-07-19T19:23:00,4.86,125.25,29,3.8,064 km S 17° W of Balut Island (Municipality Of Sarangani) (Davao Occidental),https://earthquake.phivolcs.dost.gov.ph/2026_Earthquake_Information/July/2026_0719_1123_B2F.html,official_phivolcs_public_bulletin_row,not_checked_row_level; spatial_AOI_inclusion_only
PHV-1086,2026-07-19T20:06:00,5.72,125.36,8,3.1,021 km S 56° E of Glan (Sarangani),https://earthquake.phivolcs.dost.gov.ph/2026_Earthquake_Information/July/2026_0719_1206_B2F.html,official_phivolcs_public_bulletin_row,not_checked_row_level; spatial_AOI_inclusion_only
PHV-1087,2026-07-19T21:43:00,5.87,125.33,19,2.2,012 km S 20° E of Malapatan (Sarangani),https://earthquake.phivolcs.dost.gov.ph/2026_Earthquake_Information/July/2026_0719_1343_B1F.html,official_phivolcs_public_bulletin_row,not_checked_row_level; spatial_AOI_inclusion_only
PHV-1088,2026-07-19T22:33:00,4.74,124.71,5,1.8,106 km S 47° W of Balut Island (Municipality Of Sarangani) (Davao Occidental),https://earthquake.phivolcs.dost.gov.ph/2026_Earthquake_Information/July/2026_0719_1433_B1F.html,official_phivolcs_public_bulletin_row,not_checked_row_level; spatial_AOI_inclusion_only
PHV-1089,2026-07-19T23:03:00,5.37,125.29,30,2.0,015 km S 72° W of Balut Island (Municipality Of Sarangani) (Davao Occidental),https://earthquake.phivolcs.dost.gov.ph/2026_Earthquake_Information/July/2026_0719_1503_B1F.html,official_phivolcs_public_bulletin_row,not_checked_row_level; spatial_AOI_inclusion_only
PHV-1090,2026-07-19T23:40:00,5.76,125.38,21,1.7,021 km S 72° E of Glan (Sarangani),https://earthquake.phivolcs.dost.gov.ph/2026_Earthquake_Information/July/2026_0719_1540_B1F.html,official_phivolcs_public_bulletin_row,not_checked_row_level; spatial_AOI_inclusion_only
PHV-1091,2026-07-20T00:29:00,5.55,125.13,17,2.4,031 km S 16° W of Glan (Sarangani),https://earthquake.phivolcs.dost.gov.ph/2026_Earthquake_Information/July/2026_0719_1629_B1F.html,official_phivolcs_public_bulletin_row,not_checked_row_level; spatial_AOI_inclusion_only
PHV-1092,2026-07-20T00:36:00,5.83,125.35,9,2.2,016 km N 88° E of Glan (Sarangani),https://earthquake.phivolcs.dost.gov.ph/2026_Earthquake_Information/July/2026_0719_1636_B2F.html,official_phivolcs_public_bulletin_row,not_checked_row_level; spatial_AOI_inclusion_only
PHV-1093,2026-07-20T00:42:00,5.70,125.35,8,2.6,021 km S 50° E of Glan (Sarangani),https://earthquake.phivolcs.dost.gov.ph/2026_Earthquake_Information/July/2026_0719_1642_B2F.html,official_phivolcs_public_bulletin_row,not_checked_row_level; spatial_AOI_inclusion_only
PHV-1094,2026-07-20T01:04:00,5.33,125.07,33,1.6,040 km S 77° W of Balut Island (Municipality Of Sarangani) (Davao Occidental),https://earthquake.phivolcs.dost.gov.ph/2026_Earthquake_Information/July/2026_0719_1704_B1F.html,official_phivolcs_public_bulletin_row,not_checked_row_level; spatial_AOI_inclusion_only
PHV-1095,2026-07-20T01:13:00,4.85,125.51,118,2.4,063 km S 09° E of Balut Island (Municipality Of Sarangani) (Davao Occidental),https://earthquake.phivolcs.dost.gov.ph/2026_Earthquake_Information/July/2026_0719_1713_B1F.html,official_phivolcs_public_bulletin_row,not_checked_row_level; spatial_AOI_inclusion_only
PHV-1096,2026-07-20T01:16:00,5.38,125.11,18,2.0,034 km S 84° W of Balut Island (Municipality Of Sarangani) (Davao Occidental),https://earthquake.phivolcs.dost.gov.ph/2026_Earthquake_Information/July/2026_0719_1716_B2.html,official_phivolcs_public_bulletin_row,not_checked_row_level; spatial_AOI_inclusion_only
PHV-1097,2026-07-20T01:25:00,6.18,125.75,5,1.9,006 km S 74° E of Don Marcelino (Davao Occidental),https://earthquake.phivolcs.dost.gov.ph/2026_Earthquake_Information/July/2026_0719_1725_B2.html,official_phivolcs_public_bulletin_row,not_checked_row_level; spatial_AOI_inclusion_only
PHV-1098,2026-07-20T02:14:00,5.63,125.29,11,2.8,024 km S 24° E of Glan (Sarangani),https://earthquake.phivolcs.dost.gov.ph/2026_Earthquake_Information/July/2026_0719_1814_B2F.html,official_phivolcs_public_bulletin_row,not_checked_row_level; spatial_AOI_inclusion_only
PHV-1099,2026-07-20T02:45:00,5.56,125.44,16,1.9,010 km N 19° W of Sarangani Island (Municipality Of Sarangani) (Davao Occidental),https://earthquake.phivolcs.dost.gov.ph/2026_Earthquake_Information/July/2026_0719_1845_B1F.html,official_phivolcs_public_bulletin_row,not_checked_row_level; spatial_AOI_inclusion_only
PHV-1100,2026-07-20T03:06:00,5.92,125.33,26,1.8,008 km S 39° E of Malapatan (Sarangani),https://earthquake.phivolcs.dost.gov.ph/2026_Earthquake_Information/July/2026_0719_1906_B2F.html,official_phivolcs_public_bulletin_row,not_checked_row_level; spatial_AOI_inclusion_only
PHV-1101,2026-07-20T03:47:00,5.93,125.46,23,1.6,020 km N 84° W of Jose Abad Santos (Davao Occidental),https://earthquake.phivolcs.dost.gov.ph/2026_Earthquake_Information/July/2026_0719_1947_B1F.html,official_phivolcs_public_bulletin_row,not_checked_row_level; spatial_AOI_inclusion_only
PHV-1102,2026-07-20T03:51:00,5.49,125.36,28,1.9,011 km N 37° W of Balut Island (Municipality Of Sarangani) (Davao Occidental),https://earthquake.phivolcs.dost.gov.ph/2026_Earthquake_Information/July/2026_0719_1951_B1F.html,official_phivolcs_public_bulletin_row,not_checked_row_level; spatial_AOI_inclusion_only
PHV-1103,2026-07-20T04:10:00,5.34,125.36,32,3.5,007 km N 71° W of Balut Island (Municipality Of Sarangani) (Davao Occidental),https://earthquake.phivolcs.dost.gov.ph/2026_Earthquake_Information/July/2026_0719_2010_B2F.html,official_phivolcs_public_bulletin_row,not_checked_row_level; spatial_AOI_inclusion_only
PHV-1104,2026-07-20T04:20:00,5.28,125.07,47,2.4,042 km S 70° W of Balut Island (Municipality Of Sarangani) (Davao Occidental),https://earthquake.phivolcs.dost.gov.ph/2026_Earthquake_Information/July/2026_0719_2020_B1F.html,official_phivolcs_public_bulletin_row,not_checked_row_level; spatial_AOI_inclusion_only
PHV-1105,2026-07-20T04:38:00,5.37,125.12,26,2.4,033 km S 82° W of Balut Island (Municipality Of Sarangani) (Davao Occidental),https://earthquake.phivolcs.dost.gov.ph/2026_Earthquake_Information/July/2026_0719_2038_B2F.html,official_phivolcs_public_bulletin_row,not_checked_row_level; spatial_AOI_inclusion_only
PHV-1106,2026-07-20T06:08:00,5.29,125.29,7,2.6,020 km S 47° W of Balut Island (Municipality Of Sarangani) (Davao Occidental),https://earthquake.phivolcs.dost.gov.ph/2026_Earthquake_Information/July/2026_0719_2208_B2.html,official_phivolcs_public_bulletin_row,not_checked_row_level; spatial_AOI_inclusion_only
PHV-1107,2026-07-20T06:52:00,5.33,125.11,54,1.7,036 km S 75° W of Balut Island (Municipality Of Sarangani) (Davao Occidental),https://earthquake.phivolcs.dost.gov.ph/2026_Earthquake_Information/July/2026_0719_2252_B1F.html,official_phivolcs_public_bulletin_row,not_checked_row_level; spatial_AOI_inclusion_only
PHV-1108,2026-07-20T07:04:00,5.75,125.38,25,1.8,021 km S 67° E of Glan (Sarangani),https://earthquake.phivolcs.dost.gov.ph/2026_Earthquake_Information/July/2026_0719_2304_B1F.html,official_phivolcs_public_bulletin_row,not_checked_row_level; spatial_AOI_inclusion_only
PHV-1109,2026-07-20T08:42:00,5.73,124.97,33,2.2,015 km S 13° W of Maasim (Sarangani),https://earthquake.phivolcs.dost.gov.ph/2026_Earthquake_Information/July/2026_0720_0042_B1F.html,official_phivolcs_public_bulletin_row,not_checked_row_level; spatial_AOI_inclusion_only
PHV-1110,2026-07-20T08:59:00,5.69,125.15,33,2.3,016 km S 21° W of Glan (Sarangani),https://earthquake.phivolcs.dost.gov.ph/2026_Earthquake_Information/July/2026_0720_0059_B1F.html,official_phivolcs_public_bulletin_row,not_checked_row_level; spatial_AOI_inclusion_only
PHV-1111,2026-07-20T09:07:00,4.95,125.26,6,1.9,054 km S 20° W of Balut Island (Municipality Of Sarangani) (Davao Occidental),https://earthquake.phivolcs.dost.gov.ph/2026_Earthquake_Information/July/2026_0720_0107_B1F.html,official_phivolcs_public_bulletin_row,not_checked_row_level; spatial_AOI_inclusion_only
PHV-1112,2026-07-20T09:37:00,5.73,125.39,3,3.1,023 km S 63° E of Glan (Sarangani),https://earthquake.phivolcs.dost.gov.ph/2026_Earthquake_Information/July/2026_0720_0137_B2F.html,official_phivolcs_public_bulletin_row,not_checked_row_level; spatial_AOI_inclusion_only
PHV-1113,2026-07-20T10:44:00,5.87,125.27,49,1.3,009 km N 53° E of Glan (Sarangani),https://earthquake.phivolcs.dost.gov.ph/2026_Earthquake_Information/July/2026_0720_0244_B1F.html,official_phivolcs_public_bulletin_row,not_checked_row_level; spatial_AOI_inclusion_only
PHV-1114,2026-07-20T12:08:00,5.38,124.70,2,2.4,062 km S 32° W of Maasim (Sarangani),https://earthquake.phivolcs.dost.gov.ph/2026_Earthquake_Information/July/2026_0720_0408_B2F.html,official_phivolcs_public_bulletin_row,not_checked_row_level; spatial_AOI_inclusion_only
PHV-1115,2026-07-20T12:24:00,5.74,125.21,5,2.7,009 km S 04° E of Glan (Sarangani),https://earthquake.phivolcs.dost.gov.ph/2026_Earthquake_Information/July/2026_0720_0424_B2F.html,official_phivolcs_public_bulletin_row,not_checked_row_level; spatial_AOI_inclusion_only
PHV-1116,2026-07-20T12:51:00,5.18,125.30,6,1.8,029 km S 27° W of Balut Island (Municipality Of Sarangani) (Davao Occidental),https://earthquake.phivolcs.dost.gov.ph/2026_Earthquake_Information/July/2026_0720_0451_B2F.html,official_phivolcs_public_bulletin_row,not_checked_row_level; spatial_AOI_inclusion_only
PHV-1117,2026-07-20T13:14:00,5.32,125.20,30,2.6,026 km S 67° W of Balut Island (Municipality Of Sarangani) (Davao Occidental),https://earthquake.phivolcs.dost.gov.ph/2026_Earthquake_Information/July/2026_0720_0514_B2F.html,official_phivolcs_public_bulletin_row,not_checked_row_level; spatial_AOI_inclusion_only
PHV-1118,2026-07-20T14:08:00,5.73,125.22,9,3.2,011 km S 09° E of Glan (Sarangani),https://earthquake.phivolcs.dost.gov.ph/2026_Earthquake_Information/July/2026_0720_0608_B2F.html,official_phivolcs_public_bulletin_row,not_checked_row_level; spatial_AOI_inclusion_only
PHV-1119,2026-07-20T15:55:00,4.96,124.68,24,2.3,097 km S 59° W of Balut Island (Municipality Of Sarangani) (Davao Occidental),https://earthquake.phivolcs.dost.gov.ph/2026_Earthquake_Information/July/2026_0720_0755_B1F.html,official_phivolcs_public_bulletin_row,not_checked_row_level; spatial_AOI_inclusion_only
PHV-1120,2026-07-20T16:31:00,5.88,125.31,21,1.8,010 km S 14° E of Malapatan (Sarangani),https://earthquake.phivolcs.dost.gov.ph/2026_Earthquake_Information/July/2026_0720_0831_B1F.html,official_phivolcs_public_bulletin_row,not_checked_row_level; spatial_AOI_inclusion_only
PHV-1121,2026-07-20T16:38:00,5.90,125.06,2,1.8,009 km N 60° E of Maasim (Sarangani),https://earthquake.phivolcs.dost.gov.ph/2026_Earthquake_Information/July/2026_0720_0838_B2F.html,official_phivolcs_public_bulletin_row,not_checked_row_level; spatial_AOI_inclusion_only
PHV-1122,2026-07-20T17:59:00,5.89,125.30,22,1.6,009 km S 11° E of Malapatan (Sarangani),https://earthquake.phivolcs.dost.gov.ph/2026_Earthquake_Information/July/2026_0720_0959_B1F.html,official_phivolcs_public_bulletin_row,not_checked_row_level; spatial_AOI_inclusion_only
PHV-1123,2026-07-20T18:01:00,5.97,125.30,28,2.3,002 km S 73° E of Malapatan (Sarangani),https://earthquake.phivolcs.dost.gov.ph/2026_Earthquake_Information/July/2026_0720_1001_B1F.html,official_phivolcs_public_bulletin_row,not_checked_row_level; spatial_AOI_inclusion_only
PHV-1124,2026-07-20T18:22:00,5.79,125.98,41,2.8,039 km S 69° E of Jose Abad Santos (Davao Occidental),https://earthquake.phivolcs.dost.gov.ph/2026_Earthquake_Information/July/2026_0720_1022_B1.html,official_phivolcs_public_bulletin_row,not_checked_row_level; spatial_AOI_inclusion_only
PHV-1125,2026-07-20T18:53:00,5.88,125.22,21,2.3,007 km N 13° E of Glan (Sarangani),https://earthquake.phivolcs.dost.gov.ph/2026_Earthquake_Information/July/2026_0720_1053_B1F.html,official_phivolcs_public_bulletin_row,not_checked_row_level; spatial_AOI_inclusion_only
PHV-1126,2026-07-20T20:41:00,5.73,124.88,2,2.4,019 km S 40° W of Maasim (Sarangani),https://earthquake.phivolcs.dost.gov.ph/2026_Earthquake_Information/July/2026_0720_1241_B2F.html,official_phivolcs_public_bulletin_row,not_checked_row_level; spatial_AOI_inclusion_only
PHV-1127,2026-07-20T20:57:00,5.18,125.11,34,3.4,043 km S 53° W of Balut Island (Municipality Of Sarangani) (Davao Occidental),https://earthquake.phivolcs.dost.gov.ph/2026_Earthquake_Information/July/2026_0720_1257_B2F.html,official_phivolcs_public_bulletin_row,not_checked_row_level; spatial_AOI_inclusion_only
PHV-1128,2026-07-20T21:04:00,5.97,125.62,94,1.4,007 km N 25° W of Jose Abad Santos (Davao Occidental),https://earthquake.phivolcs.dost.gov.ph/2026_Earthquake_Information/July/2026_0720_1304_B1.html,official_phivolcs_public_bulletin_row,not_checked_row_level; spatial_AOI_inclusion_only
PHV-1129,2026-07-20T22:10:00,5.11,125.53,35,2.7,036 km S 20° E of Balut Island (Municipality Of Sarangani) (Davao Occidental),https://earthquake.phivolcs.dost.gov.ph/2026_Earthquake_Information/July/2026_0720_1410_B2F.html,official_phivolcs_public_bulletin_row,not_checked_row_level; spatial_AOI_inclusion_only
PHV-1130,2026-07-20T22:23:00,5.35,125.13,24,1.8,032 km S 79° W of Balut Island (Municipality Of Sarangani) (Davao Occidental),https://earthquake.phivolcs.dost.gov.ph/2026_Earthquake_Information/July/2026_0720_1423_B1F.html,official_phivolcs_public_bulletin_row,not_checked_row_level; spatial_AOI_inclusion_only
PHV-1131,2026-07-20T23:36:00,5.66,124.79,23,2.6,032 km S 45° W of Maasim (Sarangani),https://earthquake.phivolcs.dost.gov.ph/2026_Earthquake_Information/July/2026_0720_1536_B2F.html,official_phivolcs_public_bulletin_row,not_checked_row_level; spatial_AOI_inclusion_only
PHV-1132,2026-07-21T00:07:00,5.97,125.50,20,1.7,017 km N 69° W of Jose Abad Santos (Davao Occidental),https://earthquake.phivolcs.dost.gov.ph/2026_Earthquake_Information/July/2026_0720_1607_B1.html,official_phivolcs_public_bulletin_row,not_checked_row_level; spatial_AOI_inclusion_only
PHV-1133,2026-07-21T02:38:00,4.65,124.81,104,2.5,108 km S 39° W of Balut Island (Municipality Of Sarangani) (Davao Occidental),https://earthquake.phivolcs.dost.gov.ph/2026_Earthquake_Information/July/2026_0720_1838_B1.html,official_phivolcs_public_bulletin_row,not_checked_row_level; spatial_AOI_inclusion_only
PHV-1134,2026-07-21T02:41:00,5.40,125.47,33,1.6,006 km S 75° E of Balut Island (Municipality Of Sarangani) (Davao Occidental),https://earthquake.phivolcs.dost.gov.ph/2026_Earthquake_Information/July/2026_0720_1841_B1F.html,official_phivolcs_public_bulletin_row,not_checked_row_level; spatial_AOI_inclusion_only
PHV-1135,2026-07-21T02:46:00,5.79,125.31,21,1.6,012 km S 74° E of Glan (Sarangani),https://earthquake.phivolcs.dost.gov.ph/2026_Earthquake_Information/July/2026_0720_1846_B1F.html,official_phivolcs_public_bulletin_row,not_checked_row_level; spatial_AOI_inclusion_only
PHV-1136,2026-07-21T02:53:00,5.20,125.12,33,2.4,041 km S 55° W of Balut Island (Municipality Of Sarangani) (Davao Occidental),https://earthquake.phivolcs.dost.gov.ph/2026_Earthquake_Information/July/2026_0720_1853_B2F.html,official_phivolcs_public_bulletin_row,not_checked_row_level; spatial_AOI_inclusion_only
PHV-1137,2026-07-21T02:59:00,5.30,125.48,21,2.6,014 km S 25° E of Balut Island (Municipality Of Sarangani) (Davao Occidental),https://earthquake.phivolcs.dost.gov.ph/2026_Earthquake_Information/July/2026_0720_1859_B2F.html,official_phivolcs_public_bulletin_row,not_checked_row_level; spatial_AOI_inclusion_only
PHV-1138,2026-07-21T03:10:00,5.52,125.28,23,1.3,020 km N 54° W of Balut Island (Municipality Of Sarangani) (Davao Occidental),https://earthquake.phivolcs.dost.gov.ph/2026_Earthquake_Information/July/2026_0720_1910_B1F.html,official_phivolcs_public_bulletin_row,not_checked_row_level; spatial_AOI_inclusion_only
PHV-1139,2026-07-21T03:11:00,5.86,125.43,23,1.2,019 km S 52° E of Malapatan (Sarangani),https://earthquake.phivolcs.dost.gov.ph/2026_Earthquake_Information/July/2026_0720_1911_B1F.html,official_phivolcs_public_bulletin_row,not_checked_row_level; spatial_AOI_inclusion_only
PHV-1140,2026-07-21T04:33:00,5.34,125.24,33,1.9,021 km S 68° W of Balut Island (Municipality Of Sarangani) (Davao Occidental),https://earthquake.phivolcs.dost.gov.ph/2026_Earthquake_Information/July/2026_0720_2033_B1F.html,official_phivolcs_public_bulletin_row,not_checked_row_level; spatial_AOI_inclusion_only
PHV-1141,2026-07-21T04:43:00,4.89,124.56,32,2.9,112 km S 59° W of Balut Island (Municipality Of Sarangani) (Davao Occidental),https://earthquake.phivolcs.dost.gov.ph/2026_Earthquake_Information/July/2026_0720_2043_B2F.html,official_phivolcs_public_bulletin_row,not_checked_row_level; spatial_AOI_inclusion_only
PHV-1142,2026-07-21T04:45:00,5.55,125.25,9,2.5,024 km N 52° W of Balut Island (Municipality Of Sarangani) (Davao Occidental),https://earthquake.phivolcs.dost.gov.ph/2026_Earthquake_Information/July/2026_0720_2045_B2F.html,official_phivolcs_public_bulletin_row,not_checked_row_level; spatial_AOI_inclusion_only
PHV-1143,2026-07-21T04:58:00,5.59,125.39,2,3.1,028 km S 40° E of Glan (Sarangani),https://earthquake.phivolcs.dost.gov.ph/2026_Earthquake_Information/July/2026_0720_2058_B2F.html,official_phivolcs_public_bulletin_row,not_checked_row_level; spatial_AOI_inclusion_only
PHV-1144,2026-07-21T05:13:00,5.01,124.51,27,3.0,108 km S 30° W of Maasim (Sarangani),https://earthquake.phivolcs.dost.gov.ph/2026_Earthquake_Information/July/2026_0720_2113_B2F.html,official_phivolcs_public_bulletin_row,not_checked_row_level; spatial_AOI_inclusion_only
PHV-1145,2026-07-21T08:04:00,5.09,124.76,9,3.0,081 km S 64° W of Balut Island (Municipality Of Sarangani) (Davao Occidental),https://earthquake.phivolcs.dost.gov.ph/2026_Earthquake_Information/July/2026_0721_0004_B2F.html,official_phivolcs_public_bulletin_row,not_checked_row_level; spatial_AOI_inclusion_only
PHV-1146,2026-07-21T10:57:00,5.77,125.68,185,1.9,016 km S 14° E of Jose Abad Santos (Davao Occidental),https://earthquake.phivolcs.dost.gov.ph/2026_Earthquake_Information/July/2026_0721_0257_B1.html,official_phivolcs_public_bulletin_row,not_checked_row_level; spatial_AOI_inclusion_only
PHV-1147,2026-07-21T11:03:00,5.76,125.34,13,1.8,016 km S 65° E of Glan (Sarangani),https://earthquake.phivolcs.dost.gov.ph/2026_Earthquake_Information/July/2026_0721_0303_B1F.html,official_phivolcs_public_bulletin_row,not_checked_row_level; spatial_AOI_inclusion_only
PHV-1148,2026-07-21T11:31:00,5.55,125.28,22,1.8,022 km N 46° W of Balut Island (Municipality Of Sarangani) (Davao Occidental),https://earthquake.phivolcs.dost.gov.ph/2026_Earthquake_Information/July/2026_0721_0331_B1F.html,official_phivolcs_public_bulletin_row,not_checked_row_level; spatial_AOI_inclusion_only
PHV-1149,2026-07-21T12:12:00,6.07,125.35,2,2.0,007 km S 62° E of Alabel (Sarangani),https://earthquake.phivolcs.dost.gov.ph/2026_Earthquake_Information/July/2026_0721_0412_B2F.html,official_phivolcs_public_bulletin_row,not_checked_row_level; spatial_AOI_inclusion_only
PHV-1150,2026-07-21T12:21:00,5.99,125.85,112,1.4,024 km N 68° E of Jose Abad Santos (Davao Occidental),https://earthquake.phivolcs.dost.gov.ph/2026_Earthquake_Information/July/2026_0721_0421_B1.html,official_phivolcs_public_bulletin_row,not_checked_row_level; spatial_AOI_inclusion_only
PHV-1151,2026-07-21T12:24:00,5.82,125.28,4,1.9,009 km S 88° E of Glan (Sarangani),https://earthquake.phivolcs.dost.gov.ph/2026_Earthquake_Information/July/2026_0721_0424_B2F.html,official_phivolcs_public_bulletin_row,not_checked_row_level; spatial_AOI_inclusion_only
PHV-1152,2026-07-21T14:22:00,5.82,125.31,7,1.8,011 km N 89° E of Glan (Sarangani),https://earthquake.phivolcs.dost.gov.ph/2026_Earthquake_Information/July/2026_0721_0622_B2F.html,official_phivolcs_public_bulletin_row,not_checked_row_level; spatial_AOI_inclusion_only
PHV-1153,2026-07-21T15:13:00,5.58,124.82,7,2.4,037 km S 31° W of Maasim (Sarangani),https://earthquake.phivolcs.dost.gov.ph/2026_Earthquake_Information/July/2026_0721_0713_B1F.html,official_phivolcs_public_bulletin_row,not_checked_row_level; spatial_AOI_inclusion_only
PHV-1154,2026-07-21T15:17:00,4.94,124.67,6,2.0,098 km S 58° W of Balut Island (Municipality Of Sarangani) (Davao Occidental),https://earthquake.phivolcs.dost.gov.ph/2026_Earthquake_Information/July/2026_0721_0717_B1F.html,official_phivolcs_public_bulletin_row,not_checked_row_level; spatial_AOI_inclusion_only
PHV-1155,2026-07-21T15:27:00,5.68,125.33,23,1.5,021 km S 41° E of Glan (Sarangani),https://earthquake.phivolcs.dost.gov.ph/2026_Earthquake_Information/July/2026_0721_0727_B2F.html,official_phivolcs_public_bulletin_row,not_checked_row_level; spatial_AOI_inclusion_only
PHV-1156,2026-07-21T15:34:00,5.73,125.28,14,2.3,014 km S 40° E of Glan (Sarangani),https://earthquake.phivolcs.dost.gov.ph/2026_Earthquake_Information/July/2026_0721_0734_B2F.html,official_phivolcs_public_bulletin_row,not_checked_row_level; spatial_AOI_inclusion_only
PHV-1157,2026-07-21T16:03:00,5.69,125.22,27,2.0,015 km S 06° E of Glan (Sarangani),https://earthquake.phivolcs.dost.gov.ph/2026_Earthquake_Information/July/2026_0721_0803_B1F.html,official_phivolcs_public_bulletin_row,not_checked_row_level; spatial_AOI_inclusion_only
PHV-1158,2026-07-21T16:43:00,4.68,125.27,34,1.9,083 km S 12° W of Balut Island (Municipality Of Sarangani) (Davao Occidental),https://earthquake.phivolcs.dost.gov.ph/2026_Earthquake_Information/July/2026_0721_0843_B1F.html,official_phivolcs_public_bulletin_row,not_checked_row_level; spatial_AOI_inclusion_only
PHV-1159,2026-07-21T17:26:00,5.46,125.28,30,2.2,016 km N 71° W of Balut Island (Municipality Of Sarangani) (Davao Occidental),https://earthquake.phivolcs.dost.gov.ph/2026_Earthquake_Information/July/2026_0721_0926_B1F.html,official_phivolcs_public_bulletin_row,not_checked_row_level; spatial_AOI_inclusion_only
PHV-1160,2026-07-21T17:34:00,5.87,125.42,25,1.3,018 km S 51° E of Malapatan (Sarangani),https://earthquake.phivolcs.dost.gov.ph/2026_Earthquake_Information/July/2026_0721_0934_B1F.html,official_phivolcs_public_bulletin_row,not_checked_row_level; spatial_AOI_inclusion_only
PHV-1161,2026-07-21T18:12:00,5.35,125.35,23,1.7,010 km S 48° W of Balut Island (Municipality Of Sarangani) (Davao Occidental),https://earthquake.phivolcs.dost.gov.ph/2026_Earthquake_Information/July/2026_0721_1012_B2F.html,official_phivolcs_public_bulletin_row,not_checked_row_level; spatial_AOI_inclusion_only
PHV-1162,2026-07-21T18:54:00,5.42,125.36,4,1.9,007 km N 85° W of Balut Island (Municipality Of Sarangani) (Davao Occidental),https://earthquake.phivolcs.dost.gov.ph/2026_Earthquake_Information/July/2026_0721_1054_B1F.html,official_phivolcs_public_bulletin_row,not_checked_row_level; spatial_AOI_inclusion_only
PHV-1163,2026-07-21T19:52:00,5.63,125.19,12,1.7,022 km S 04° W of Glan (Sarangani),https://earthquake.phivolcs.dost.gov.ph/2026_Earthquake_Information/July/2026_0721_1152_B1F.html,official_phivolcs_public_bulletin_row,not_checked_row_level; spatial_AOI_inclusion_only
PHV-1164,2026-07-21T21:21:00,4.68,125.07,9,3.4,090 km S 25° W of Balut Island (Municipality Of Sarangani) (Davao Occidental),https://earthquake.phivolcs.dost.gov.ph/2026_Earthquake_Information/July/2026_0721_1321_B2F.html,official_phivolcs_public_bulletin_row,not_checked_row_level; spatial_AOI_inclusion_only
PHV-1165,2026-07-21T21:42:00,5.79,125.15,22,2.0,007 km S 57° W of Glan (Sarangani),https://earthquake.phivolcs.dost.gov.ph/2026_Earthquake_Information/July/2026_0721_1342_B1F.html,official_phivolcs_public_bulletin_row,not_checked_row_level; spatial_AOI_inclusion_only
PHV-1166,2026-07-21T22:21:00,5.76,125.76,118,2.1,021 km S 36° E of Jose Abad Santos (Davao Occidental),https://earthquake.phivolcs.dost.gov.ph/2026_Earthquake_Information/July/2026_0721_1421_B2.html,official_phivolcs_public_bulletin_row,not_checked_row_level; spatial_AOI_inclusion_only
PHV-1167,2026-07-21T23:49:00,5.36,125.29,33,1.9,016 km S 68° W of Balut Island (Municipality Of Sarangani) (Davao Occidental),https://earthquake.phivolcs.dost.gov.ph/2026_Earthquake_Information/July/2026_0721_1549_B2F.html,official_phivolcs_public_bulletin_row,not_checked_row_level; spatial_AOI_inclusion_only
PHV-1168,2026-07-22T00:08:00,5.54,125.36,15,2.2,015 km N 59° W of Sarangani Island (Municipality Of Sarangani) (Davao Occidental),https://earthquake.phivolcs.dost.gov.ph/2026_Earthquake_Information/July/2026_0721_1608_B2F.html,official_phivolcs_public_bulletin_row,not_checked_row_level; spatial_AOI_inclusion_only
PHV-1169,2026-07-22T02:12:00,5.87,125.55,96,2.2,011 km S 63° W of Jose Abad Santos (Davao Occidental),https://earthquake.phivolcs.dost.gov.ph/2026_Earthquake_Information/July/2026_0721_1812_B1.html,official_phivolcs_public_bulletin_row,not_checked_row_level; spatial_AOI_inclusion_only
PHV-1170,2026-07-22T02:33:00,5.35,125.43,15,4.8,007 km S 12° E of Balut Island (Municipality Of Sarangani) (Davao Occidental),https://earthquake.phivolcs.dost.gov.ph/2026_Earthquake_Information/July/2026_0721_1833_B3F.html,official_phivolcs_public_bulletin_row,not_checked_row_level; spatial_AOI_inclusion_only
PHV-1171,2026-07-22T05:05:00,5.70,125.34,5,2.9,020 km S 47° E of Glan (Sarangani),https://earthquake.phivolcs.dost.gov.ph/2026_Earthquake_Information/July/2026_0721_2105_B1F.html,official_phivolcs_public_bulletin_row,not_checked_row_level; spatial_AOI_inclusion_only
PHV-1172,2026-07-22T05:56:00,5.46,125.28,44,2.0,016 km N 70° W of Balut Island (Municipality Of Sarangani) (Davao Occidental),https://earthquake.phivolcs.dost.gov.ph/2026_Earthquake_Information/July/2026_0721_2156_B2F.html,official_phivolcs_public_bulletin_row,not_checked_row_level; spatial_AOI_inclusion_only
PHV-1173,2026-07-22T06:11:00,5.62,125.31,1,2.5,024 km N 47° W of Sarangani Island (Municipality Of Sarangani) (Davao Occidental),https://earthquake.phivolcs.dost.gov.ph/2026_Earthquake_Information/July/2026_0721_2211_B2F.html,official_phivolcs_public_bulletin_row,not_checked_row_level; spatial_AOI_inclusion_only
PHV-1174,2026-07-22T06:32:00,5.39,125.37,19,2.0,006 km S 66° W of Balut Island (Municipality Of Sarangani) (Davao Occidental),https://earthquake.phivolcs.dost.gov.ph/2026_Earthquake_Information/July/2026_0721_2232_B1F.html,official_phivolcs_public_bulletin_row,not_checked_row_level; spatial_AOI_inclusion_only
PHV-1175,2026-07-22T08:35:00,5.36,125.38,21,2.5,007 km S 42° W of Balut Island (Municipality Of Sarangani) (Davao Occidental),https://earthquake.phivolcs.dost.gov.ph/2026_Earthquake_Information/July/2026_0722_0035_B1F.html,official_phivolcs_public_bulletin_row,not_checked_row_level; spatial_AOI_inclusion_only
PHV-1176,2026-07-22T08:42:00,5.34,125.26,29,2.6,020 km S 66° W of Balut Island (Municipality Of Sarangani) (Davao Occidental),https://earthquake.phivolcs.dost.gov.ph/2026_Earthquake_Information/July/2026_0722_0042_B2F.html,official_phivolcs_public_bulletin_row,not_checked_row_level; spatial_AOI_inclusion_only
PHV-1177,2026-07-22T08:46:00,5.51,125.32,4,3.4,016 km N 45° W of Balut Island (Municipality Of Sarangani) (Davao Occidental),https://earthquake.phivolcs.dost.gov.ph/2026_Earthquake_Information/July/2026_0722_0046_B2F.html,official_phivolcs_public_bulletin_row,not_checked_row_level; spatial_AOI_inclusion_only
PHV-1178,2026-07-22T11:07:00,5.04,125.19,32,1.8,049 km S 32° W of Balut Island (Municipality Of Sarangani) (Davao Occidental),https://earthquake.phivolcs.dost.gov.ph/2026_Earthquake_Information/July/2026_0722_0307_B1F.html,official_phivolcs_public_bulletin_row,not_checked_row_level; spatial_AOI_inclusion_only
PHV-1179,2026-07-22T12:57:00,5.33,125.26,54,2.7,020 km S 62° W of Balut Island (Municipality Of Sarangani) (Davao Occidental),https://earthquake.phivolcs.dost.gov.ph/2026_Earthquake_Information/July/2026_0722_0457_B1F.html,official_phivolcs_public_bulletin_row,not_checked_row_level; spatial_AOI_inclusion_only
PHV-1180,2026-07-22T13:29:00,5.51,125.26,22,2.2,021 km N 60° W of Balut Island (Municipality Of Sarangani) (Davao Occidental),https://earthquake.phivolcs.dost.gov.ph/2026_Earthquake_Information/July/2026_0722_0529_B1F.html,official_phivolcs_public_bulletin_row,not_checked_row_level; spatial_AOI_inclusion_only
PHV-1181,2026-07-22T14:33:00,5.27,125.17,24,1.8,031 km S 61° W of Balut Island (Municipality Of Sarangani) (Davao Occidental),https://earthquake.phivolcs.dost.gov.ph/2026_Earthquake_Information/July/2026_0722_0633_B1F.html,official_phivolcs_public_bulletin_row,not_checked_row_level; spatial_AOI_inclusion_only
PHV-1182,2026-07-22T14:48:00,5.81,125.30,1,1.5,011 km S 81° E of Glan (Sarangani),https://earthquake.phivolcs.dost.gov.ph/2026_Earthquake_Information/July/2026_0722_0648_B1F.html,official_phivolcs_public_bulletin_row,not_checked_row_level; spatial_AOI_inclusion_only
PHV-1183,2026-07-22T15:23:00,5.40,125.12,22,1.4,033 km S 88° W of Balut Island (Municipality Of Sarangani) (Davao Occidental),https://earthquake.phivolcs.dost.gov.ph/2026_Earthquake_Information/July/2026_0722_0723_B1F.html,official_phivolcs_public_bulletin_row,not_checked_row_level; spatial_AOI_inclusion_only
PHV-1184,2026-07-22T15:41:00,5.59,125.61,36,2.0,021 km N 49° E of Sarangani Island (Municipality Of Sarangani) (Davao Occidental),https://earthquake.phivolcs.dost.gov.ph/2026_Earthquake_Information/July/2026_0722_0741_B1F.html,official_phivolcs_public_bulletin_row,not_checked_row_level; spatial_AOI_inclusion_only
PHV-1185,2026-07-22T15:52:00,5.32,125.90,32,1.9,050 km S 70° E of Sarangani Island (Municipality Of Sarangani) (Davao Occidental),https://earthquake.phivolcs.dost.gov.ph/2026_Earthquake_Information/July/2026_0722_0752_B1F.html,official_phivolcs_public_bulletin_row,not_checked_row_level; spatial_AOI_inclusion_only
PHV-1186,2026-07-22T16:19:00,5.58,125.32,3,2.0,021 km N 55° W of Sarangani Island (Municipality Of Sarangani) (Davao Occidental),https://earthquake.phivolcs.dost.gov.ph/2026_Earthquake_Information/July/2026_0722_0819_B1F.html,official_phivolcs_public_bulletin_row,not_checked_row_level; spatial_AOI_inclusion_only
PHV-1187,2026-07-22T16:33:00,5.32,125.20,51,1.9,026 km S 68° W of Balut Island (Municipality Of Sarangani) (Davao Occidental),https://earthquake.phivolcs.dost.gov.ph/2026_Earthquake_Information/July/2026_0722_0833_B1F.html,official_phivolcs_public_bulletin_row,not_checked_row_level; spatial_AOI_inclusion_only
PHV-1188,2026-07-22T17:01:00,5.87,125.63,74,1.7,005 km S 18° W of Jose Abad Santos (Davao Occidental),https://earthquake.phivolcs.dost.gov.ph/2026_Earthquake_Information/July/2026_0722_0901_B1.html,official_phivolcs_public_bulletin_row,not_checked_row_level; spatial_AOI_inclusion_only
PHV-1189,2026-07-22T17:02:00,5.36,125.28,31,1.9,017 km S 71° W of Balut Island (Municipality Of Sarangani) (Davao Occidental),https://earthquake.phivolcs.dost.gov.ph/2026_Earthquake_Information/July/2026_0722_0902_B1F.html,official_phivolcs_public_bulletin_row,not_checked_row_level; spatial_AOI_inclusion_only
PHV-1190,2026-07-22T17:47:00,5.21,125.51,16,5.1,024 km S 25° E of Balut Island (Municipality Of Sarangani) (Davao Occidental),https://earthquake.phivolcs.dost.gov.ph/2026_Earthquake_Information/July/2026_0722_0947_B2F.html,official_phivolcs_public_bulletin_row,not_checked_row_level; spatial_AOI_inclusion_only
PHV-1191,2026-07-22T18:15:00,5.85,124.85,23,1.9,016 km S 86° W of Maasim (Sarangani),https://earthquake.phivolcs.dost.gov.ph/2026_Earthquake_Information/July/2026_0722_1015_B1F.html,official_phivolcs_public_bulletin_row,not_checked_row_level; spatial_AOI_inclusion_only
PHV-1192,2026-07-22T18:51:00,5.53,125.42,11,3.5,009 km N 42° W of Sarangani Island (Municipality Of Sarangani) (Davao Occidental),https://earthquake.phivolcs.dost.gov.ph/2026_Earthquake_Information/July/2026_0722_105150_B1F.html,official_phivolcs_public_bulletin_row,not_checked_row_level; spatial_AOI_inclusion_only
PHV-1193,2026-07-22T20:14:00,5.71,125.32,17,1.8,018 km S 47° E of Glan (Sarangani),https://earthquake.phivolcs.dost.gov.ph/2026_Earthquake_Information/July/2026_0722_1214_B1F.html,official_phivolcs_public_bulletin_row,not_checked_row_level; spatial_AOI_inclusion_only
PHV-1194,2026-07-22T20:51:00,5.69,124.77,21,2.3,032 km S 53° W of Maasim (Sarangani),https://earthquake.phivolcs.dost.gov.ph/2026_Earthquake_Information/July/2026_0722_1251_B1F.html,official_phivolcs_public_bulletin_row,not_checked_row_level; spatial_AOI_inclusion_only
PHV-1195,2026-07-22T21:21:00,5.68,125.30,23,1.4,019 km S 34° E of Glan (Sarangani),https://earthquake.phivolcs.dost.gov.ph/2026_Earthquake_Information/July/2026_0722_1321_B1F.html,official_phivolcs_public_bulletin_row,not_checked_row_level; spatial_AOI_inclusion_only
PHV-1196,2026-07-22T21:27:00,5.78,125.31,4,2.7,013 km S 67° E of Glan (Sarangani),https://earthquake.phivolcs.dost.gov.ph/2026_Earthquake_Information/July/2026_0722_1327_B1F.html,official_phivolcs_public_bulletin_row,not_checked_row_level; spatial_AOI_inclusion_only
PHV-1197,2026-07-22T21:44:00,5.63,125.42,10,3.5,019 km N 19° W of Sarangani Island (Municipality Of Sarangani) (Davao Occidental),https://earthquake.phivolcs.dost.gov.ph/2026_Earthquake_Information/July/2026_0722_1344_B1F.html,official_phivolcs_public_bulletin_row,not_checked_row_level; spatial_AOI_inclusion_only
PHV-1198,2026-07-22T22:42:00,5.94,125.43,2,1.7,016 km S 76° E of Malapatan (Sarangani),https://earthquake.phivolcs.dost.gov.ph/2026_Earthquake_Information/July/2026_0722_1442_B1F.html,official_phivolcs_public_bulletin_row,not_checked_row_level; spatial_AOI_inclusion_only
PHV-1199,2026-07-22T23:04:00,5.73,125.15,23,2.1,012 km S 29° W of Glan (Sarangani),https://earthquake.phivolcs.dost.gov.ph/2026_Earthquake_Information/July/2026_0722_1504_B1F.html,official_phivolcs_public_bulletin_row,not_checked_row_level; spatial_AOI_inclusion_only
PHV-1200,2026-07-22T23:13:00,5.32,124.99,202,2.7,049 km S 78° W of Balut Island (Municipality Of Sarangani) (Davao Occidental),https://earthquake.phivolcs.dost.gov.ph/2026_Earthquake_Information/July/2026_0722_1513_B1F.html,official_phivolcs_public_bulletin_row,not_checked_row_level; spatial_AOI_inclusion_only
PHV-1201,2026-07-22T23:14:00,5.08,124.54,17,2.5,100 km S 30° W of Maasim (Sarangani),https://earthquake.phivolcs.dost.gov.ph/2026_Earthquake_Information/July/2026_0722_1514_B1F.html,official_phivolcs_public_bulletin_row,not_checked_row_level; spatial_AOI_inclusion_only
